"domain	"
"aib-secure.online	"
"authaib.online	"
"365boi-secure.online	"
"standardbank.za-account.com	"
"boi.secure-365.online	"
"permanenttsb.ie-verify.online	"
"informationru.com	"
"permanenttsb.ie-secure.com	"
"permanenttsb.ie-apps.online	"
"boi.secured-365.online	"
"boi.secure365.ie-apps.services	"
"boi.ie-365secure.online	"
"boi.ie-verify.com	"
"amz.quest	"
"boi.ie-ie.online	"
"bbva.es-mi.cc	"
"365-secureboi.com	"
"boi.group-ie-live.com	"
"boi.ie-365verify.online	"
"boi.ie-secure365.com	"
"boi.ie-verify365.com	"
"1netflix-service.com	"
"boi-verify.online	"
"365-secure.online	"
"secure.365-ie.online	"
"es-app.online	"
"bbva.es-app.online	"
"bbva.mi-app.cc	"
"bbva.es-cc.info	"
"secureboi365-service.online	"
"my-online-support.com	"
"www.my-online-support.com	"
"log.my-online-support.com	"
"365secure-boi.info	"
"boi.365boiaccoutactivity.com	"
"bbva.es-cuenta.com	"
"securelink-verification.com	"
"etinteca73fc.cc	"
"securelink-transfer.com	"
"depositrefundcra.com	"
"bbva.app-es.cc	"
"aib.ie-online.services	"
"365boi-secure.info	"
"365boisecure.info	"
"rec4ptcha-sco19.online	"
"bbva.es-app.info	"
"azn3824.com	"
"365secureboi.info	"
"secureopen24-online.info	"
"boi-app.info	"
"cresavge7294.online	"
"telus-overcharge.ca	"
"telus-redirect.com	"
"boi-online365.info	"
"secure-aib.info	"
"365-online.in	"
"daserver3195.online	"
"bbva.esapp.cc	"
"n3tfl33ex.com	"
"caserkd7622.online	"
"deveslo5205.online	"
"365-secure.info	"
"365secure-online.info	"
"funndscollectionss.ca	"
"amazingre.fund	"
"bbva.es-mi.info	"
"boisecure.info	"
"554scotialine891.ca	"
"secureverifyscotia2231.ca	"
"cesver2822.online	"
"devosla0459.online	"
"client-r8f43.com	"
"amazaoncustomersec.com	"
"fundcollection2.fund	"
"processedrefund.com	"
"aib.ie-verify.services	"
"secureaib-online.info	"
"bbva.es-mi.co	"
"supportwebclients.com	"
"454paymentrefund21.fund	"
"fund22collections33.fund	"
"scotiaonline.duckdns.org	"
"permanenttsb.ie-open24co	"
"permanenttsb.ie-open24.co	"
"aibsecure-online.info	"
"open24-secureonline.info	"
"billrefund.live	"
"69vmbv.vps9.in	"
"secureweb.wiki	"
"accept.ink	"
"interact.hopto.org	"
"365online-boisecure.info	"
"permanenttsb.ie-open24.com	"
"interpaycan.ru	"
"canadagov.ddns.net	"
"365-boionline.info	"
"deposite.digital	"
"secure365-online.info	"
"open24-online.info	"
"id-sperret.com	"
"interac.services	"
"netflixtv.ca	"
"sperret-id.com	"
"deposite.live	"
"boimobile-365.info	"
"open24secure-online.info	"
"permanenttsb.ie-open24.info	"
"ptsb.ie-open24.info	"
"helpsaleservices.gq	"
"amazon.helponline.services	"
"helpsaleservices.ml	"
"permanenttsb-online.info	"
"bankid.cc	"
"aib.ie-suspended.online	"
"sperretsikkerhetid.com	"
"deposite.info	"
"websecure.live	"
"securedweb.live	"
"no.bank-id.cc	"
"carrierbilling.info	"
"transfproc.com	"
"nab.com-au.info	"
"cansafcust.com	"
"ptsb.ie-open24.in	"
"acceptyourfunds.com	"
"boftyy.com	"
"thankzx.sbs	"
"labsterr.com	"
"online-refbillclient.com	"
"online-infosclient.com	"
"aib.ie-access.info	"
"aib.ie-login.online	"
"bankid.pw	"
"aib.ie-secure.info	"
"idsikker.com	"
"bruckyy.com	"
"bosserss.com	"
"nab.com-au.pw	"
"ceserva7319.online	"
"secure-permanenttsb.info	"
"deolisva4280.online	"
"permanenttsb-secure.com	"
"amazon.onlineinfo.help	"
"bank-id.in	"
"celeser6104.online	"
"ptsb-ie.online	"
"winearnings.com	"
"secure-onlinepermanenttsb.info	"
"bank-id.no-no.in	"
"idsikkerhet.com	"
"aib.ie-secure.in	"
"interarc.ca	"
"75.127.11.41	"
"taxsercuritycanada.com	"
"fundscollect.ca	"
"www.taxsercuritycanada.com	"
"td-trustauthentif2fa.com	"
"td-trustauthentif.com	"
"online-serviceinfosclient.com	"
"service-onlineinfosclient.com	"
"secure-cdn-interac.com	"
"deposite-net.live	"
"ref-onlineclientinfos.com	"
"online-infosbillclient.com	"
"interac-emt.com	"
"cyberteam-scotiabank.com	"
"interactonline.net	"
"nab.au-com.online	"
"interact.company	"
"global-mobile-data.online	"
"ref-infosbill.com	"
"mobile-supports.com	"
"mobile-global-data.online	"
"permanenttsb-ie.info	"
"mobiledata-global.online	"
"captchavalidation.online	"
"www.cdn1-netflix.com	"
"185.191.32.154	"
"permanenttsbonline-secure.info	"
"netflixhd.ca	"
"sec3ured-1recov3rnow.com	"
"idsikre.com	"
"aib.ie-secured.info	"
"sec1urd3-deprtmnt12.com	"
"depositdecember-icomereturn.cf	"
"depositdecember-incomereturn.cf	"
"nab-au.online	"
"sec1urd3-deprtmnt12online.com	"
"craonline-headline-accept-return	"
"captchacra-online-next.ga	"
"cra-online-accept-return.cf	"
"sikreidentitet.com	"
"employementgovreturn.com	"
"securecdn1-netflix.com	"
"login.securecdn1-netflix.com	"
"catransfer119.live	"
"amazonca.classactionpayment.com	"
"bancosantander.es-seguro.info	"
"rogers-communication-overcharge.	"
"rogers-communication-ovearcharge	"
"december-return-bc.ml	"
"invoice79-122021cra.ml	"
"bancosantander.es-es.pw	"
"www.invoice79-122021cra.ml	"
"cajamar.es-es.pw	"
"reclaim-annual-reward.com	"
"claim-annual-reward.com	"
"scotiabank.capital	"
"www.interac-emt.com	"
"cancel-otp-request.ml	"
"bankid.no-nett-info.com	"
"tinyurl.com/2p83hch8	"
"uberpromocode75off.ml	"
"employementreturn.info	"
"employementgov.online	"
"bankid.no-no.cc	"
"onlinecaptchavalidation.ml	"
"refbill-telusoneview.ml	"
"scotlaonllne3019.ca	"
"freedomrefundprogram.info	"
"refbill-rogerswirelessoneview.ml	"
"securecdn-amazon.com	"
"bbva.es-app.net	"
"ca-amazon-recovrry.com	"
"permanenttsb-ie-secure.info	"
"cajamar.es-es.link	"
"freedomprogram.xyz	"
"santander.es-es.link	"
"refbill-bellwirelesscanada.ml	"
"permanenttsb-ie-alert.com	"
"bankid.no-nett.info	"
"n26.fr-compte-info.com	"
"securemobile-clientinfos.com	"
"securemobile-client.com	"
"privat24.ua-ua.info	"
"bell-overcharge.ca	"
"bell-overcharges.ca	"
"e-refbill-available.ml	"
"www.satander.li	"
"efqperotu1.ca	"
"refundjanuary978626.tk	"
"flashrewards-request.ml	"
"permanenttsb.ie-online.info	"
"bankid.no-sperret.info	"
"canada-deposit-infosplus.com	"
"canada-deposit-infos.com	"
"myaccount-amazonsecure.com	"
"365-confirm.com	"
"permanenttsb-ie-open24.info	"
"tknskidhjlp.com	"
"claim-annual-rewards.ca	"
"claim-annual-reward.ca	"
"netflixenligne.com	"
"bankid.no-no.link	"
"bankid.no-sperret.net	"
"financial-assistance-infos.com	"
"financial-assistance-direct.com	"
"freedomrefundprogram.top	"
"mobility-carrier-infosplus.com	"
"mobility-carrier-infos.com	"
"cesrave2389.online	"
"deleave3794.online	"
"servicesupport.ca	"
"annual-rewards-claim.ca	"
"annual-reward-claim.ca	"
"help-center.ca	"
"aib-ie-confirmation.com	"
"overpaymentprogramfreedom.xyz	"
"claim-membership-rewards.ca	"
"claim-membership-reward.ca	"
"applybmo.lockdownbenefit.info	"
"applyrbc.lockdownbenefit.info	"
"applyscotia.lockdownbenefit.info	"
"applyatb.lockdownbenefit.info	"
"timhortonsfreegiveaway.ca	"
"applysimpli.lockdownbenefit.info	"
"applycibc.lockdownbenefit.info	"
"applytd.lockdownbenefit.info	"
"action-eibenefitscra-mobile.ml	"
"clevaden4801.online	"
"wirelessbillreturn.online	"
"net.bankid-sperret.com	"
"permanenttsb-ie.co	"
"employementgovca.info	"
"employementgovca.xyz	"
"billpaycanada.online	"
"bell-interac.serveirc.com	"
"cescage2957.online	"
"billpayreturn.online	"
"amazonbilling.support	"
"bell-pay.servebeer.com	"
"amazoncaptcha.com	"
"payment-reimburse.servepics.com	"
"formuletax.com	"
"mobilityreturn.online	"
"cadmobilityreturn.online	"
"interac.rip	"
"inter-reimburse.3utilities.com	"
"interac-captcha.com	"
"cadreturn.online	"
"mobilitycadreturn.online	"
"permanenttsb-secured.info	"
"ebill-fidosolutionswirelesspromo	"
"carrier-mobile-departement.com	"
"carrier-mobile-direct.com	"
"onlineaibhelp-service.com	"
"wirelessreturn.online	"
"wirelessreturncad.online	"
"permanenttsb-ie-secure.com	"
"account-settings.info	"
"sperret.nett-bankid.com	"
"permanenttsb-secured.co	"
"hydroone.xyz	"
"open24helponline.com	"
"online-permanenttsb.info	"
"ptsb-ie-secure.com	"
"luminor.lt-prisijungti.com	"
"onlineservicehelp-updated.com	"
"reimbursementcad.online	"
"mobilityreimbursementcad.online	"
"wirelesscad.online	"
"wirelessreimbursementcad.online	"
"ebill-petrocanadapurchaseovercha	"
"ministryofhealthref.ca	"
"eiclaimusers.tk	"
"permanenttsb-info.cc	"
"bankid.sperret-nett.com	"
"open24-review.com	"
"my-bell.serveirc.com	"
"onlinemobileaib-update.com	"
"open24security-online.com	"
"eibenefitscra-mobile.ml	"
"suport-help.info	"
"supporthelp.info	"
"mobilereturncaptcha.ga	"
"permanenttsb-secured.cc	"
"ministrytransf.ca	"
"employementreturngov.site	"
"employementreturngov.online	"
"ptsb.ie-secure-open24.info	"
"onlinereactivation-service.com	"
"ptsb.ie-secure-open24.com	"
"factumensremb.ca	"
"fundstranfer.com	"
"9182.uidinterac.ca	"
"e-rogersmobileview.ga	"
"royal2022update.com	"
"bellbillrefund.info	"
"onlineviewbellalianttelecom-retu	"
"carriertransferfunds.ca	"
"mobilebellview.ml	"
"carrier-mobile-fundsinfos.com	"
"carrier-mobile-funds.com	"
"directlytransferdeposit.com	"
"transferdepositclients.com	"
"intrac-bell.xyz	"
"permanenttsb-secureonline.info	"
"open24onlinereview.com	"
"alert-scotiamobileview.ml	"
"et-interac-ca-sh-gh6op25bfr.ml	"
"etonlinebellmobilitycanadaview.m	"
"wirelessonlinebellmobilitycanada	"
"processingreturnworkbench.tk	"
"www.robotcheckprocessing.tk	"
"robotcheckprocessing.tk	"
"annual-membership-rewards.ca	"
"membership-annual-rewards.ca	"
"open24service-update.com	"
"onlineboiservice-mobile.com	"
"mobility-refund.ca	"
"accountrecovering.ca	"
"mobility-refunds.com	"
"ptsb.ie-secure24-open.info	"
"ptsb.ie-secure-open24.online	"
"ptsb.ie-open24-secure.com	"
"google.com	"
"permanenttsb-secureonline.com	"
"ptsb-secure.info	"
"permanenttsbonline-secure.com	"
"interacemobile.bounceme.net	"
"amazonsecure-transfer.com	"
"amazonsecure-transfers.com	"
"ca-amazon.net	"
"catransferz.com	"
"employementclient.online	"
"ptsb.ie-sec-open24.com	"
"mobileviewamazon.ml	"
"postnord.norsk-no.com	"
"permanenttsb-secured.co.in	"
"netflixcheckinginfoprocessingrequest.ml	"
"caatransfers.com	"
"mobile-carrier-customer.com	"
"mobile-carrier-deposit.com	"
"ptsb.ie-open24-online.com	"
"postnord.no-no.pw	"
"login.neftlixsupport.live	"
"neftlixsupport.live	"
"rogerscredit.online	"
"permanenttsb-info.co.in	"
"rogerscredit.org	"
"netflixsupport.club	"
"amazon-ref.tk	"
"interacinquirys.com	"
"interacinfo.com	"
"n3tf-ix.serveblog.net	"
"permanenttsb.ie-open24-access.com	"
"memberslogin-amazon.com	"
"ptsb.open24-ire.com	"
"ptsb.ie-open24-co.com	"
"login.amazon-support.xyz	"
"amazon-support.xyz	"
"boi.ie-secure-co.com	"
"rogers.credit	"
"permanenttsb.ie-open24-activity.com	"
"permanenttsb-secure.co.in	"
"ptsb.ie-secure-open.com	"
"permanenttsbsecure-online.com	"
"online.halimobile.com	"
"walmart.etransfer-ca.online	"
"lnteracmobile.com	"
"et-interac-ca-sh-hydro6op25bf-com.ml	"
"lnteracfido.com	"
"lloyds.secure-online-ce.com	"
"annual-clubmember-rewards.ca	"
"annual-clubmember-reward.ca	"
"permanenttsb-info.co	"
"1mobilityclaim.com	"
"1mobilityca.com	"
"permanenttsb.ie-open24-info.com	"
"rogerscredit.ca	"
"ciaims-interac.com	"
"claims-interac.com	"
"claim-interac.com	"
"clubmember-annual-rewards.ca	"
"clubmember-annual-reward.ca	"
"membersarea-netflix.com	"
"www.membersarea-netflix.com	"
"postnord.no-no.top	"
"interac-pay.com	"
"login.interac-pay.com	"
"online.mobile-hali.com	"
"ptsb.ie-open-secure.com	"
"lloyds.activity-info.com	"
"interactext.com	"
"interacvia.com	"
"permanenttsb-open24.co	"
"app.gustod.com	"
"supportagencyclients.com	"
"agencesecuritycarrier.com	"
"nbg.i-bank.click	"
"permanenttsb-open24-info.co	"
"standardbank-login1.com	"
"amazon.onlineinfo.services	"
"lnterac7s.com	"
"minaly.myvnc.com	"
"register-newdev.com	"
"clientupdaterbcauth.com	"
"open24.ie-restore-access.com	"
"permanenttsb.ie-restore-access.com	"
"standardbanklogin1.com	"
"help-easyweb.com	"
"blelly.bond	"
"cra-deposit.com	"
"transferinfos.com	"
"interacincoming.com	"
"ptsb-open24.co	"
"post.nordweb.cc	"
"ptsb-restore.co	"
"cradeposit.com	"
"helpdesk-amazonltd.com	"
"login.helpdesk-amazonltd.com	"
"ca.helpdesk-amazonltd.com	"
"ca-et-3948.live	"
"ca-et-39488.live	"
"employmentrevenuereturn.online	"
"tpsreturn.com	"
"employmentrevenueclient.online	"
"deposittps.com	"
"et-ca9384.live	"
"et-ca93844.live	"
"interaclink.com	"
"interacsite.com	"
"profileupdate-amazon.com	"
"online.clearscoretsb.com	"
"online.santanclearscore.com	"
"365-boionline.com	"
"online.clearscorenation.com	"
"online.llyodsclearscore.com	"
"et-ca3401.live	"
"et-ca34011.live	"
"amazon.helpservice.support	"
"santander.es-es.top	"
"online.halimobisupport.com	"
"ca-et34399.live	"
"ca-et-3439.live	"
"claimtps.com	"
"tvqreturn.com	"
"ptsb-access-co.com	"
"permanenttsbonline.info	"
"ptsb-restore.com	"
"et-ca4235.live	"
"et-ca42355.live	"
"returntvq.com	"
"clientupdate.ga	"
"agency-client.com	"
"alert-netflixuk.co.uk	"
"agency-clientinfos.com	"
"tvqca.com	"
"tvqclaim.com	"
"claimtvq.com	"
"mytvq.com	"
"ca-et3698.live	"
"ca-et36988.live	"
"netflixresolve-alert.com	"
"amazonsupport.xyz	"
"login.amazonsupport.xyz	"
"amazon.aws-ca.services	"
"tf-ca-2390.live	"
"tf-ca-23900.live	"
"amazon.onlineservice.support	"
"tpcareturn.com	"
"rogersmobileview.ml	"
"tpcaaccepted.com	"
"flixdetreview.com	"
"detreview.com	"
"permanentsb-open24.net	"
"ca-et11099.live	"
"ca-et1109.live	"
"ptsb-restore-info.cc	"
"open24online.info	"
"online.mobihalireview.com	"
"rogersmobileview.cf	"
"et-ca-5563.live	"
"et-ca-55633.live	"
"mobileviewrogers.ml	"
"mobileviewrogers.cf	"
"boi.ie-365.info	"
"et-ca-3319.live	"
"et-ca-33199.live	"
"rogerswirelessmobileview-com.ml	"
"bol.ie-365.info	"
"boi.ie-ie.top	"
"ca-et-72799.live	"
"ca-et-7279.live	"
"onlineaibreview-service.com	"
"online24security-service.com	"
"auth-canada.com	"
"open24-secure.com	"
"lnterac1s.com	"
"lloyds.request-co-setup.com	"
"ca-et-55211.live	"
"ca-et-5521.live	"
"lnterac3s.com	"
"permanenttsb-restore.co	"
"bol.ie-365.review	"
"permanenttsb-access.com	"
"secure-open-resolve.com	"
"et-ca-8945.live	"
"et-ca-89455.live	"
"lloyds.secure-open-resolve.com	"
"halifax.mobileonline-team.com	"
"permanenttsb-support.co	"
"online24review-service.com	"
"employment-login.com	"
"employment-startlogin.com	"
"ca-et-6548.live	"
"ca-et-65488.live	"
"open24.mobialert-ie.com	"
"permanenttsb-supported.co	"
"open24online-helpservice.com	"
"secure-open24.info	"
"boi.irl-ie.com	"
"open24.mobisupport-ie.com	"
"postnord-no.com	"
"permanenttsb-supportive.co	"
"ca-et-2131.live	"
"ca-et-21311.live	"
"resolve-alert.com	"
"bbva.app-es.top	"
"interace-transferpayment.online	"
"interace-transfer.online	"
"employment-ca-login.com	"
"employment-ca-service.com	"
"depositpayment.online	"
"et-ca-25433.live	"
"et-ca-2543.live	"
"paymentdepoist.online	"
"open24.supportmobionline.com	"
"open24secureonline-service.com	"
"aibsecureonline-service.com	"
"open24service-secure.com	"
"permanenttsb-open.com	"
"ptsb.irl-ie.com	"
"tf-ca-90655.live	"
"tf-ca-9065.live	"
"e-transferpayment.online	"
"paymentdeposit.online	"
"claimdeposit.online	"
"et-ca-65488.live	"
"et-ca-6548.live	"
"open24.supportonlinemobi.com	"
"open24onlinehelp-support.com	"
"onlineboisupport-services.com	"
"onlineservice-support.com	"
"et-ca-38344.live	"
"et-ca-3834.live	"
"e-transferdeposit.online	"
"acceptdeposit.online	"
"etransferdepot.com	"
"ca-et-65455.live	"
"ca-et-6545.live	"
"open24security-onlineservice.com	"
"onlineaibsecurity-review.com	"
"permanenttsb.ie-restore.info	"
"et-ca-1109.live	"
"et-ca-11099.live	"
"helpforcitizensinbc.com	"
"citizensinbchelp.com	"
"open24.mobisupportonline.com	"
"interaclive.com	"
"interacnet.com	"
"scotianetwork.com	"
"open24-secureonline.com	"
"permanenttsb-ie-open24.co	"
"open24service-reviews.com	"
"aibsecurity-service.com	"
"permanentsb-open24.com	"
"open24.mobireviewonline.com	"
"telusdepot.com	"
"onlineaibmobi-service.com	"
"open-resolve-secure.com	"
"lioyds.open-resolve-secure.com	"
"lnterac2s.com	"
"open24security-onlineupdate.com	"
"deposite-transfer.online	"
"deposittransfer.online	"
"logingourvcovd.com	"
"benefitgouvrcovd.com	"
"telmobiledepot.com	"
"bnz.co-nz.top	"
"in-telmobility.com	"
"e-transferconfirm.online	"
"depositconfirm.online	"
"permanenttsb-open24-restore.cc	"
"aibonlinesecuremobi-service.com	"
"open24serviceupdate-online.com	"
"permanenttsb-support.info	"
"open24.mobi-onlinesupport.com	"
"open24updatedservice-online.com	"
"permanenttsb-reinstall.co	"
"permanenttsbsecure.info	"
"open24-restore.com	"
"employmentclient.click	"
"employmentrevenuereturn.xyz	"
"bnz.co-nz.com	"
"ca-amazon.xyz	"
"login.ca-amazon.xyz	"
"permanenttsb.ie-support.com	"
"open24.mobi-onlinesupportie.com	"
"permanenttsb-supported.info	"
"open24securityonline-service.com	"
"e-transferrepay.online	"
"billrepay.online	"
"accessecurite.site	"
"permanenttsb-restore.in	"
"permanenttsb.ie-secure-open.com	"
"ee-promo.com	"
"open24.mobileonlinesupport-ie.com	"
"lnterac4s.com	"
"open24paymentservice-review.com	"
"ca-et-39911.live	"
"ca-et-3991.live	"
"telreturncarrier.bond	"
"open24onlinesecurity.com	"
"onlinesecure-boiservice.com	"
"open24restore.com	"
"permanenttsb.open-24-secure.com	"
"permanenttsb-info.in	"
"open24.mobileonlinesupportie.com	"
"ca-et-9936.live	"
"ca-et-99366.live	"
"open24onlinesecurity-service.com	"
"amazoncanada.xyz	"
"amazoncdn.xyz	"
"open24serviceonline.com	"
"hu5xjdtmq43pbrcx7.xyz	"
"amazonsupportca.xyz	"
"1arx8kahnbc12vg.xyz	"
"interac-pay.net	"
"interac-pay.xyz	"
"interacwirelessbill.online	"
"wirelessbill.online	"
"et-ca-86422.live	"
"et-ca-8642.live	"
"bnz.co-nz.info	"
"amazon-verified.xyz	"
"amazonsecured.xyz	"
"amazonsecuredca.xyz	"
"verifyamazon.xyz	"
"securedamazon.xyz	"
"verified-amazon.xyz	"
"amazonverified.xyz	"
"open24.mobilesupportie.com	"
"amzncanadawebservices.com	"
"amzcanadawebservices.com	"
"primeca-amazon.com	"
"caprime-amazon.com	"
"permanenttsb.secure-open-24.com	"
"permanenttsb-resecure.info	"
"ca-et-54477.live	"
"ca-et-5447.live	"
"interactpay.ddns.net	"
"reclaimcreditreconpense.com	"
"typqcanreturn.com	"
"typqcanhelp.com	"
"assuranceinfoscreditreconpense.com	"
"ee-uk.xyz	"
"mytypqrestitution.com	"
"ptsb-ie.top	"
"onlineaibsecuritymobi-service.com	"
"update-nhs.uk	"
"open24online-restore.com	"
"permanenttsb.open24-sec.com	"
"open24.mobilesupportonline-ie.com	"
"onlineaibmobisecurity.com	"
"interacwirelesspay.online	"
"open24serviceonline-security.com	"
"wirelesspay.online	"
"scotiaresetlog.xyz	"
"captcha2.xyz	"
"login.amazon-canada.xyz	"
"canada-amazon.xyz	"
"onlinesecurityupdated.com	"
"annual-member-rewards.ca	"
"annual-member-reward.ca	"
"intrac.day	"
"securityaibmoni-online.com	"
"volksbank-sicherheitsdienste.com	"
"permanenttsb.ie-review.com	"
"open24helpservice-online.com	"
"secureintrcprcss3.com	"
"permanenttsb.sec-open24.com	"
"bnz.co-auth.cc	"
"open24.mobileonline-ie.com	"
"amazon-canada.xyz	"
"canadamazon.xyz	"
"open24securitymobi-service.com	"
"permanenttsb-restore.cc	"
"amazonverify.xyz	"
"login.amazonverify.xyz	"
"interacpage.com	"
"etransferinfo.com	"
"open24onilinecharge-review.com	"
"open24securiyonline-review.com	"
"aibsecuritymobi-review.com	"
"open24.mobileonlineie.com	"
"hstrestitution.com	"
"hst-restitution.com	"
"lnteracc.com	"
"lnterac8s.com	"
"et-ca-7721.live	"
"et-ca-77211.live	"
"permanenttsb.access-open24.com	"
"open24paymentonline-review.com	"
"bnz.auth-co.cc	"
"bnz.nz-app.cc	"
"loginemploymentcenterclaim.com	"
"loginemploymentcenter.com	"
"account-secure-hotmail.com	"
"open24-security.com	"
"monthlysub-net.com	"
"open24.mobileonlineapprove.com	"
"permanenttsb-security.info	"
"permanenttsb.ie-review.info	"
"open24onlinecharge-service.com	"
"permanenttsb.access-open-24.com	"
"open24securiycharge-review.com	"
"nationwide.group-validate.com	"
"open24-access.info	"
"permanenttsb-protected.info	"
"open24.onlinemobileie.com	"
"center-claimemployment.com	"
"center-loginemployment.com	"
"monthlysub-ntfx.com	"
"bnz.nz-app.top	"
"www.marigold.flavorcatch.com	"
"open24review-onlineacc.com	"
"e-transfermobilitybellpay.online	"
"permanenttsb-procced.info	"
"intrac.me	"
"open24supportservicemobi-online.com	"
"aib.ie-app.info	"
"permanenttsb-restore.com	"
"open24.iremobile.com	"
"mobilitypay.online	"
"permanenenttsb.open24-se.com	"
"bol.ie-restore365.com	"
"permanenttsb.co-open24.com	"
"open24-mobiapprove.com	"
"open24paymentsupport-review.com	"
"mobilitybellpay.online	"
"paymobilitybill.online	"
"netflixsupportbill.com	"
"captchaverification.live	"
"bol.ie-review365.com	"
"etransferintmobile.com	"
"volks-rezensionzahlungdienst.com	"
"onlineaibsupport-service.com	"
"aib-restore.com	"
"permanenttsb-private.info	"
"365-restore.com	"
"boi-restore.info	"
"onlinesupportaib-service.com	"
"transferdetails.com	"
"billynet.ca	"
"billynetupdate.ca	"
"interactexts.com	"
"bnz.cc-nz.top	"
"approve.mobiopen24online.com	"
"bnz.nz-nz.top	"
"et-ref3923.com	"
"securedform9203.com	"
"securedformcapchat.com	"
"scotianetworks.com	"
"transfrturnrog.com	"
"boi-365online.info	"
"captchaverification.com	"
"boi-secured.info	"
"interace-transfertranspay.online	"
"onlinesupportaibsecurity-update.com	"
"interactranspay.online	"
"bnz.nz-card.top	"
"netflixbillsupport.com	"
"approve.mobi-open24online.com	"
"scotiaupdate.me	"
"lnterac1p.com	"
"volks-sicherheitdienstaktualisieren.com	"
"interace-transferpay.online	"
"paytranse-transfer.online	"
"aib.mobile-reviewauth.com	"
"open24.mobile-reviewauth.com	"
"boi-365security.info	"
"interace-transferpayementtransfer.online	"
"payementtransferpaye.online	"
"bnz.co-nz.host	"
"captchaformemployment.com	"
"onlineformemployment.com	"
"annual-membership-deposits.ca	"
"annual-membership-deposit.ca	"
"open24.mobi-reviewonline.com	"
"bol.ie-online365.info	"
"interace-transferreciepentpaye.online	"
"interacreciepentpaye.online	"
"mobireviewopen24.com	"
"boi-support.info	"
"open24onlinesecurity-update.com	"
"bnz.cc-nz.com	"
"tel.choose-acc-dep.store	"
"tel.custom-auto-return.store	"
"carri3r-surch4rge.com	"
"verif-captcha.com	"
"bol.ie-365-online.com	"
"boi-restore.co	"
"aib.ie-cc.top	"
"bol.ie-access365.com	"
"365-boisecurity.info	"
"onlinesecurityaib-help.com	"
"onlineboisupportservice.com	"
"reviewmobiopen24.com	"
"registeraibonline.com	"
"rvnagencycan.com	"
"rvnagencyetrans.com	"
"sperret-nettbankid.com	"
"boi-supported.info	"
"bnz-onlinesupportservice.com	"
"online-helpservice.com	"
"aib-supportservice.com	"
"boi-security365.info	"
"boi-security365.com	"
"interace-transferpayreciepenttransfer.online	"
"payreciepenttransfer.online	"
"reward-clientcustomer.com	"
"interace-transferpaytelusreciepent.online	"
"paytelusreciepent.online	"
"formcaptchap.com	"
"reward-client.com	"
"form-captcha.com	"
"bnz-helpsupportserivce.com	"
"bnz-helponlinesupport.com	"
"payrecipentinteracin.online	"
"bnz-paymentreviewservice.com	"
"secureonlinepayment-review.com	"
"royaleca-limited.com	"
"bnz-onlineupdatedservice.com	"
"qc-transfroge.com	"
"interac-enterprisepayments.com	"
"e-transferpayrecipentinteracin.online	"
"onlineaibsecurity-service.com	"
"boi-restore.cc	"
"online-helpsecurityservice.com	"
"boisupportupdate-online.com	"
"bnz.nz-net.top	"
"e-transferpayrecipentinteracmix.online	"
"payrecipentinteracmix.online	"
"mob-reviewont.online	"
"form-employment.com	"
"service-formemployment.com	"
"bnz.co-restore.info	"
"onlinesecurityupdate-service.com	"
"es-net.top	"
"captchanetflix.com	"
"netflixdetreview.com	"
"securityonline-update.com	"
"aibsecurityonline-update.com	"
"ntflx-moblversion.xyz	"
"rewardcustomerama.ca	"
"bnz.net-nz.top	"
"beil.shop	"
"www.beil.shop	"
"www.ntflx-moblversionc.xyz	"
"transferdetail.com	"
"interacmsg.com	"
"nfx-mobapp.xyz	"
"mybeil.digital	"
"return-refcabpknsk.com	"
"e-transferpayrecipentinteracrog.online	"
"payrecipentinteracrog.online	"
"www.bell-validate.xyz	"
"bell-validate.xyz	"
"ttd.sale	"
"www.ttd.sale	"
"employment-detail.com	"
"capchatform.com	"
"www.bellbilling.xyz	"
"bellbilling.xyz	"
"www.tdo.credit	"
"tdo.credit	"
"www.txd.world	"
"aib.ie-net.top	"
"ntfx-mobapp.xyz	"
"bnz.ie-net.top	"
"tdd.expert	"
"www.tdd.expert	"
"ntfx-mobversion.xyz	"
"et-interac.business	"
"ref-18019467ca.ga	"
"suppteambell.ca	"
"detailstransfer.com	"
"interacdetails.com	"
"ntflmobbx.xyz	"
"virtualrepair.info	"
"nntflquebec.xyz	"
"ntflmobc.xyz	"
"ntflmobbc.xyz	"
"op.fi-net.top	"
"onlineaibmobi-security.com	"
"boi-supported.cc	"
"halifax.online-secure-co.com	"
"pay-grant-access.uk	"
"ntflmoblcc.xyz	"
"bnz.fi-net.top	"
"mobileaibonline-ie.com	"
"td.open-resolve-co.com	"
"ntflmoblccx.xyz	"
"canadadepartementfinance.com	"
"capchatdepartementfinance.com	"
"annual2reward.ca	"
"bnz.nz-co.info	"
"bol.ie-review-access.com	"
"ntflmoblx.xyz	"
"updatedhelpservice-online.com	"
"onlineaibhelpservice-acc.com	"
"permanenttsb-review.info	"
"permanenttsb-service.info	"
"bnz.lab-nz.top	"
"ntfflxarea.xyz	"
"aib.mobi-onlineiereview.com	"
"onlineaibservice-review.com	"
"online365help-update.com	"
"infotelus-mobile.icu	"
"rbc.access-royal.com	"
"bankofireland-restore.com	"
"et-transfer-recharge.icu	"
"aib-review.co	"
"bnz.nz-restore.com	"
"ntfllxarea.xyz	"
"verificationupdatemobile.icu	"
"promonetflcix.xyz	"
"onlineaibsupportsecurity.com	"
"onlineboisupportreview-acc.com	"
"onlineboisecuritysupport-service.com	"
"op.net-fi.top	"
"onlinemobiservice-aib.com	"
"clientsignplus.com	"
"cancel.mobiaibonlinereview.com	"
"halifax.online-user-co.com	"
"paymentsrefund.ca	"
"td.authenticate-resolve.com	"
"www.interacttransfer.xyz	"
"e-transferinvoicepayeinteracm.online	"
"nttlxarea.xyz	"
"invoicepayeinteracm.online	"
"sco1authaticavscotia.icu	"
"verificatinauthscotia.icu	"
"onlineaibupdate-service.com	"
"bankofireland-secure.com	"
"cancel.mobileaibonlinereviewie.com	"
"aibsupportalert-service.com	"
"bankofireland-review.info	"
"pt-net.info	"
"halifax.user-co-online.com	"
"e-transferrepayeinteracm.online	"
"bnz-restore-access.com	"
"repayeinteracm.online	"
"employment-validation.com	"
"employment-captcha.com	"
"scotiaauthentifiascbk1.icu	"
"scotiaauthentifiascbk1.xyz	"
"direct-aacad.com	"
"bnz.restore-access-nz.com	"
"rvnagencycad.com	"
"rvnagencyreceive.com	"
"onlineasksupport-service.com	"
"onlineask-aibsupport.com	"
"bankofireland-secure.info	"
"luminor.lt-lt.top	"
"anpost.ie-import.com	"
"et-transfetwireless-money.icu	"
"cancel.mobiaibonlinereviews.com	"
"e-transferrecievepayeinteracm.online	"
"recievepayeinteracm.online	"
"bnz.resore-access-nz.com	"
"mobiletransferwireless.xyz	"
"e-transfergovcapayeinteracemt.online	"
"govcapayeinteracemt.online	"
"onlinerefund.systems	"
"etmobilewire.icu	"
"bankofireland-service.com	"
"aibmobionlinehelp-service.com	"
"onlinesecurityhelpservices.com	"
"ie-resecure.com	"
"bol.ie-resecure.com	"
"e-transfercagovpayeinteracemt.online	"
"cancel.iemobiaibonline.com	"
"seb.se-se.top	"
"td.co-authenticate.com	"
"mobile-scotiaauthicity-alert.icu	"
"cagovpayeinteracemt.online	"
"bnz.secure-co-nz.top	"
"td.co-authen.com	"
"cap-tcha-netflix.site	"
"loglnnetflix.online	"
"e-transferpayeinteracemtcagov.online	"
"payeinteracemtcagov.online	"
"ttfllxarea.xyz	"
"viewtransfers.com	"
"interacinfos.com	"
"employment-ca.com	"
"employment-captchat.com	"
"securitypurchase.xyz	"
"bankofireland-service.info	"
"update-accinfo.com	"
"bnz.nz-restore-access.com	"
"taxid91281.online	"
"re-activationkinbanig.xyz	"
"megascotiaonline.xyz	"
"employment-ca-infos.com	"
"employment-ca-captcha.com	"
"acc-renewal.com	"
"acc-membershiprenewal.com	"
"employment-direct.com	"
"captcha-direct.com	"
"onlineaibservice-acc.com	"
"aib.mobireviews-onlineie.com	"
"bankofireland-support.info	"
"onlineaibhelpsecurity-online.com	"
"updatedsecurityonline-boi.com	"
"et-cad-2331.live	"
"et-cad-23311.live	"
"www.refundingservice.xyz	"
"detailedtransfer.com	"
"interacviapay.com	"
"onlineaibservice-update.com	"
"cancel.iemobileaib.com	"
"co-za.top	"
"onlinereviewsupport-update.com	"
"bankofireland-supportive.info	"
"rvnagencysecured.com	"
"rvnagencyclaim.com	"
"interacttransfer.xyz/deposit	"
"amazonrefund.xyz	"
"login.amazonrefund.xyz	"
"et-wireless-interacreminder.com	"
"ref-ca.xyz	"
"bnz.access-restore-nz.com	"
"et-cad3301.live	"
"et-cad33011.live	"
"blockchat.xyz/deposit	"
"blockchat.xyz	"
"deptcalogin.com	"
"et-interace-transfer.com	"
"deptcalivecaptchat.com	"
"noticeimportantfunds.com	"
"humainvalidatorchecks.xyz	"
"onlineaibhelpacc-service.com	"
"halifax.co-user-online.com	"
"cancel.mobiaibreviews-online.com	"
"bankofireland-restore.net	"
"aib-onlineverificationhelp.com	"
"onlinesecurityaibmobi-help.com	"
"onlineaibask-security.com	"
"transdetails.com	"
"interacview.com	"
"bankofirealnd-restore.info	"
"alwayscasupport.com	"
"cancel.halimobile-online.com	"
"cad-et30922.live	"
"cad-et3092.live	"
"e-mobile-money-etransfer.com	"
"importantnoticefunds-et.com	"
"interacpay.net	"
"onlinesafety-aibservice.com	"
"365online-helpservice.com	"
"danskebank.dk-dk.top	"
"halifax.co-online-user.com	"
"onlineaib-helpservice.com	"
"bankofireland-supported.info	"
"365online-seucrityhelp.com	"
"standardbank.co-za.top	"
"securedreview.com	"
"securedflixrev.com	"
"amazonshippement.shop	"
"coldhold.org	"
"www.coldhold.org	"
"bitlyfe65.xyz	"
"cad-et3288.live	"
"cad-et32888.live	"
"bnz.co-nz.cc	"
"etr-mobcompensation.ca	"
"365supportonline-service.com	"
"onlineaibhelpreview-service.com	"
"et-interac-transfer.xyz	"
"bankofireland-help.com	"
"et-interac-transfer.shop	"
"cancel.mobileboionlinereview.com	"
"danskebank-dk.top	"
"imagin.es-seguro-info.com	"
"cad-et7619.live	"
"employment-status.com	"
"regulier-captcha.com	"
"santander.es-me.xyz	"
"detailtransfers.com	"
"interacmsgs.com	"
"instanlyclaimdue.com	"
"securedcaptchat.com	"
"employmentca-departement.com	"
"cad-et4411.live	"
"cad-et44111.live	"
"redirect-captcha.com	"
"agencynotifcentral.com	"
"nationai-employment.com	"
"agencynotifsupp.com	"
"c-lbchelp044.xyz	"
"instantclaimdue.com	"
"onlineaibverification-service.com	"
"interacrequest.com	"
"interacpending.com	"
"income-ca.com	"
"income-ca-secure.com	"
"byllxtxuyl.services	"
"et-cad-66599.live	"
"et-cad-6659.live	"
"direct-carrierbilling.com	"
"captcha-carrierbilling.com	"
"telus.communitybillsupp.com	"
"c-lbciogin05.com	"
"customer-dcb.com	"
"simple-dcb.com	"
"transfersdetails.com	"
"interacviews.com	"
"bydylyejjdx.info	"
"helpagencyreview.com	"
"etr-mobcompensation.ca/deposit	"
"onlineaibsecurity-verification.com	"
"permanenttsb.io	"
"centralreviewnotif.com	"
"proceed-dbc.com	"
"privatecaptcha.com	"
"halifax.online-use.com	"
"aib.support-ie.online	"
"cad-et-9010.live	"
"cad-et-90100.live	"
"medicarecorponline.com	"
"captchamedicarecorp.com	"
"securityteam.shop	"
"cad-et1576.live	"
"danskebank-dk.com	"
"aibsecurityacc-verification.com	"
"bankofireland-support.co	"
"rvnagencyclaimed.com	"
"permanent-tsb.xyz	"
"pfizer-corporation.com	"
"effectivenessvacinne.com	"
"annual-memberships-deposit.ca	"
"annual-deposit.ca	"
"transferdetailed.com	"
"interacpages.com	"
"halifax.authen-use.com	"
"govsupport7health.org	"
"corp-vaccinpfizer.com	"
"pfizermedicinevaccin.com	"
"et-cad-5032.live	"
"et-cad-50322.live	"
"et-transfer-funds.xyz	"
"et-transfer-funds.shop	"
"amzsecurityteam.info	"
"permanenttsb-supported.cc	"
"aibonlinesecurity-verification.com	"
"anmeldelse.no-sperretbankidnett.com	"
"dk-dk.top	"
"aibverification-services.com	"
"service-canada-return-department.com	"
"accounthelp-amazon.ca	"
"signin.accounthelp-amazon.ca	"
"85m4claimfunds45.live	"
"21423returnas248.live	"
"23m3taxreturn3948.info	"
"4538etrans5m32.site	"
"4hd64taxdeposit32534.site	"
"5m28claim124.info	"
"8m47acceptnow43.live	"
"485etrans84maccept.info	"
"om47creturnclaim34.site	"
"7765dsdtaxfunds34m.live	"
"amazon-verification-info.com	"
"authorize-account.com	"
"bankofireland-supportive.co	"
"237return4m4m.info	"
"32498interetrans234.live	"
"43claim21123.live	"
"43fdetrans.live	"
"495etransfer34m5.live	"
"4i47transferclaimgj.info	"
"5tt5etransfer4857m.live	"
"dy45breturn.site	"
"etrans5763.live	"
"8yy8ru4etransfer30496.info	"
"3746etransfer3m4m5.site	"
"566breturn654.site	"
"cad-et17900.live	"
"cad-et17700.live	"
"cad-et17800.live	"
"mobile-services.org	"
"halifax.co-authen-user.com	"
"aib-accountverifcation.com	"
"signin-redcarpetmemberarea.ca	"
"redcarpetmembersarea.ca	"
"nab.com-au.top	"
"areyouhuman.pro	"
"transfervaxcareinc.com	"
"vaxcareinc.com	"
"aibonlineverification-security.com	"
"medicarevalidationcorp.com	"
"danskebank-dk.host	"
"securemedicare-captcha.com	"
"transfersdetail.com	"
"interacviatext.com	"
"dtrctbk.com	"
"bellnetworkupdates.careers	"
"payroll-administration.com	"
"ca-payroll.com	"
"agencyhelprvn.com	"
"agencycentervn.com	"
"ca-et-5590.live	"
"ca-et-55900.live	"
"dbs.com-sg.top	"
"verifyncovdvaxlogin.com	"
"ncovdvax.com	"
"et-interac-mobility-funds.xyz	"
"aibsecuityonline-verification.com	"
"mobliemoney-et.shop	"
"aibonlineacc-security.com	"
"halifax.online-authen-user.com	"
"bol-supported.info	"
"365.notice-ie.com	"
"viatxtinfo.xyz	"
"inetrac.cc	"
"solution-captcha-redirect.online	"
"support-primevideo.com	"
"solutions-captcha-redirect.online	"
"infospayroll-ca.com	"
"payroll-employ.com	"
"co-nz.space	"
"costreward12343113.site	"
"costreward-12343113.site	"
"telus-review-secured.site	"
"transferinfopage.com	"
"interacviamsgs.com	"
"bnc-national.xyz	"
"bnc-alert-support.xyz	"
"aibverification-helpservice.com	"
"villemontreal.online	"
"bylutxtrey.xyz	"
"aib-ie-verification.com	"
"aibhelpsecurity-service.com	"
"lnterac1e.com	"
"dybx6ilpwt.xyz	"
"depositinfo.xyz	"
"bankofireland-security.info	"
"telusreviewsecured.site	"
"cad-et-1005.live	"
"cad-et-10055.live	"
"lnterac-flash.com	"
"service-team.ca	"
"netflixheip054.info	"
"onlinesecurityaib-ie.com	"
"365.notices-ie.com	"
"rvnagencysafe.ca	"
"rvnagencysafeetrans.ca	"
"halifax.confirm-online-user.com	"
"authentication-easyweb.app	"
"solutions-captcha-redirect.live	"
"solutions-acc.ca	"
"telusreview-secured.site	"
"cad-et-6634.live	"
"cad-et-66344.live	"
"transinfodetails.com	"
"interacviatexts.com	"
"netflixhelpcenter054.info	"
"santander.secured-info-validate.com	"
"rbcroyalbank.me	"
"reviewsecured.ca	"
"reviewsecuredhelp.ca	"
"cad-et9897.live	"
"cad-et98977.live	"
"amazonshippement.xyz	"
"amazonsupport-s.xyz	"
"covidbenefitcanada.com	"
"canadiansupport.me	"
"onlineaib-verificationservice.com	"
"bankofireland-security.co	"
"ministrytransportreturn.ca	"
"ministrytransportreturnhelp.ca	"
"securedemailmoneytransfer.com	"
"aib-ie-onlineverification.com	"
"securedcaptchaprotection.com	"
"socialaidsnetwork.com	"
"interacviamsg.com	"
"recaptchasocialeaids.com	"
"uberaccountsuspension.app	"
"transferviainfo.com	"
"online.mobireviewaib.com	"
"bnz.co-nz-online.top	"
"et-ca-4463.live	"
"et-ca-44633.live	"
"servontref.ca	"
"mobilerestore.digital	"
"www.mobilerestore.digital	"
"5.188.0.56	"
"mobilerestore22.digital	"
"bankofireland-supported.co	"
"onlineaib-accservice.com	"
"ie.mobiaibonline-reviews.com	"
"365.register-ie.com	"
"interactemail.ca	"
"transferviapage.com	"
"interactextvia.com	"
"dbs.com-sg-online.top	"
"aibonline-accservices.com	"
"et-t-mobile-money.xyz	"
"et-t-wireless-money.xyz	"
"bankofireland-security.in	"
"interacemail.com	"
"365.status-ie.com	"
"aib-reviewonlineservice.com	"
"my.gov.au-secure.top	"
"servont-ref.ca	"
"et-cad-8854.live	"
"et-cad-88544.live	"
"paymnts-n3tflixbilling.app	"
"netflixmemberservices.ca	"
"myaccount.netflixmemberservices.ca	"
"login.subscribers-netflix.ca	"
"signin.subscribers-netflix.ca	"
"login.payment-netflix.ca	"
"signin.payment-netflix.ca	"
"login.payments-netflix.ca	"
"signin.payments-netflix.ca	"
"aibonlinehelp-security.com	"
"bankofireland-restore.co	"
"loginnetflix.onlinememberbillingservicves.ca	"
"login.myaccount-netflix.ca	"
"signin.myaccount-netflix.ca	"
"login.myprofile-netflix.ca	"
"signin.myprofile-netflix.ca	"
"login.receivable-netflix.ca	"
"signin.receivable-netflix.ca	"
"telusclient.cc	"
"antibot.ca	"
"access-rpi-netflx.com	"
"recovery-benefits.com	"
"cad-et-1104.live	"
"transferinfovia.com	"
"craupdate.com	"
"aib-verificationservice.com	"
"bankofireland-restore.cc	"
"et-fundsdeposit.com	"
"et-interacdeposit.com	"
"mobility-bvoiptelus.com	"
"telusmobilityrefund.com	"
"ca-et-23544.live	"
"ca-et-2354.live	"
"montrealinfraction.com	"
"siginfiint-interachm.info	"
"aibonlinehelp-verification.com	"
"bankofireland-security.review	"
"homepaybroker-interaccpp.myz.info	"
"bankofireland-restore.info	"
"365online-serviehelp.com	"
"cibc-personnal-security-banks.xyz	"
"generaladministrationca.com	"
"cibcbank-security-card.xyz	"
"antispamprotection412.com	"
"halifax.auth-use.co	"
"transferviadetails.com	"
"interacmsgvia.com	"
"cad-et20722.live	"
"billcorrectionamzan.ca	"
"healthbenefits-ca.com	"
"protectionhealthbenefits-ca.com	"
"rogersandfido.com	"
"bill-correctionamzan.ca	"
"m0bility-rcmtelus.app	"
"int3rac-c0v19-acs.top	"
"ca-healthbenefit.com	"
"protectionhealthbenefit-ca.com	"
"netfilxrenewals.com	"
"viatransferdetails.com	"
"interactextmsg.com	"
"te-sitcad.info	"
"te-sitcad1.info	"
"ca-et93400.live	"
"telusreview-secured.com	"
"telusreviewsecured.com	"
"infractionmontreal.com	"
"aib-secure.review	"
"bankofireland-restore.in	"
"onlineaib-helpsupport.com	"
"healthbenefitsca.com	"
"protec-healthbenefits.com	"
"365-authonlineservice.com	"
"costcowholesalerdpayee2323.com	"
"www.ca-amazon.info	"
"healthbenefitslive-ca.com	"
"shieldhealthbenefits-ca.com	"
"uberprofilevalidation181.com	"
"cibc-mobile-verificatin.xyz	"
"cibc-personal-verificatin.xyz	"
"telusclient.co	"
"telus-finance.xyz	"
"ato.au-confirm.com	"
"anpost.ie-fee.com	"
"ato.access-au.com	"
"netflixbillinghelpdesk.com	"
"login.netflixbillinghelpdesk.com	"
"viatransferinfo.com	"
"interactextinfo.com	"
"amazon-secuirtyvalidation.com	"
"captchecheck.ca	"
"365-onlinehelpservice.com	"
"bankofireland-review.co	"
"aibhelp-onlineservice.com	"
"danskebank-dk.site	"
"aib-onlinehelpsecrvice.com	"
"int-dep.online	"
"halifax.authen-co-via.com	"
"amazon-credit.xyz	"
"et-pay39288.live	"
"cad-site.info	"
"cad-site1.info	"
"lnteracremlnder.com	"
"servicetransportcentral.com	"
"servicetransporthelp.com	"
"lnteracreminder.com	"
"assurance-confirm.com	"
"assurance-apply.com	"
"banking-vcard-verified.xyz	"
"vcibc-vbanking-verificatin.shop	"
"rb-solution-captcha-redirect.digital	"
"aib-assistonlinehelp.com	"
"365-onlinesurityupdate.com	"
"danskebank-dk-dk.top	"
"interacagi-relief.com	"
"bankofireland-review.cc	"
"www.etrevbenefit.com	"
"auth1uberalerts.com	"
"authentication-rb-canada-mobile-processing.info	"
"auth1alertscotia.com	"
"vciibc-security-imperial.shop	"
"cibc-technical-supports.shop	"
"halifax.user-co.info	"
"mygov.au-en.co	"
"firmmyfiles-ca.com	"
"firmprotecfiles-ca.com	"
"c4ptch4.xyz	"
"transferviadetail.com	"
"am2z0n.xyz	"
"et-cad0585.info	"
"et-cad05851.info	"
"interacviastext.com	"
"supportonline-cibc.xyz	"
"cibcbankigonlinesup.xyz	"
"365assistservice.com	"
"aib-assistonlinesecurity.com	"
"login.customerverificationservice-amazon.com	"
"signin.profileverify-amazon.com	"
"login.profileverify-amazon.com	"
"login.accountconfirm-amazon.com	"
"signin.accountconfirm-amazon.com	"
"login.updateprofile-amazon.com	"
"signin.updateprofile-amazon.com	"
"365-review.co	"
"bankofireland-secured.cc	"
"halifax.newdevice-co-auth.com	"
"g0vcanada-int3rac.top	"
"et-lntrac-ca.com	"
"uber-rid3n0w.top	"
"et-lntrac.com	"
"login.securityhelp-amazon.com	"
"signin.securityhelp-amazon.com	"
"prime.securityhelp-amazon.com	"
"login.securityverification-amazon.com	"
"prime.securityverification-amazon.com	"
"signin.securityverification-amazon.com	"
"memberlogin.securityverification-amazon.com	"
"cad-et-01399.live	"
"ato.confirm-au.co	"
"accountconfirm-amazon.com	"
"signin.customerverificationservice-amazon.com	"
"prime.customerverificationservice-amazon.com	"
"salaryearnings-ca.com	"
"salaryearnings-employ.com	"
"2fa-scotinow.com	"
"halifax.reregister-auth-newdevice.com	"
"anpost.ie-pay.com	"
"bankofireland-secure.cc	"
"inter-sh362.xyz	"
"login.billing-redcarpetstreamingservices.com	"
"signin.updateprofilecdn-netflix.com	"
"login.updateprofilecdn-netflix.com	"
"login.billingupdatecdn-netflix.com	"
"signin.billingupdatecdn-netflix.com	"
"signin.accountupdatecdn-netflix.com	"
"login.accountupdatecdn-netflix.com	"
"transferviainfos.com	"
"interacbymessage.com	"
"coalitioncaqgouv.com	"
"captchagouv.com	"
"etranscad02933.live	"
"verifycostnow191.com	"
"ca-salary.com	"
"ca-salaryinfos.com	"
"ca-etrect74.info	"
"ca-etrect741.info	"
"client-ntfx.xyz	"
"365-onlineauthservice.com	"
"danskebank-dk-co.top	"
"bankofireland-help365.co	"
"rbc-support.ca	"
"login.rbc-support.ca	"
"bankofireland-supported.cc	"
"secure.serviceskeyconcierge.live	"
"rbcroyalbanks.com	"
"rbcroyals1.com	"
"online.confirmcovidmobile.com	"
"covid.ukconfirmation.com	"
"etrancad-49388.live	"
"dir-ect78.info	"
"dir-ect781.info	"
"annual-clubmembers-reward.ca	"
"annual-clubmembers-rewards.ca	"
"salary-ca.com	"
"salary-bonuses.com	"
"halifax.uk-newdevice.com	"
"et-safe34933.live	"
"tax.verification-au.com	"
"bellteam.sbs	"
"salary-earnings-ca.com	"
"salaryearnings-se.com	"
"scotiaonlineaccount.xyz	"
"scotia-online-access.xyz	"
"confirmukonlinecovid.com	"
"365-ie-service.com	"
"direct-cad.info	"
"direct-cad1.info	"
"anpost.ie-custom.com	"
"bankofireland-365.info	"
"ukconfirmcovidonline.com	"
"scotiaonlineaccess.xyz	"
"bankingsupportaccess.xyz	"
"www.etintrecovery.com	"
"bankofireland-365.co	"
"transferviainformation.com	"
"viainteractext.com	"
"cibc-onlinesuopport.xyz	"
"cibc-acccess-support.xyz	"
"halifax.newdevice-uk.com	"
"365-security-online.com	"
"caqreturn.com	"
"cqntncs.com	"
"newdev-uk.com	"
"rbc-support.com	"
"www.etbenefitsca.com	"
"online-allow-c-i-b-c.xyz	"
"online-allow-bkanl.xyz	"
"cad-etran39400.live	"
"login.validatememberidentity-amazon.com	"
"banquedemontreai.com	"
"tax.amend-au.com	"
"c4ptch4s.xyz	"
"sc0t1a.xyz	"
"online365ie-service.com	"
"www.etbenrevca.com	"
"bankofireland-365.cc	"
"g00-gly.servemp3.com	"
"et-remember-fmd7dmweiwec.com	"
"et-remember-fmd7dmwelwec.com	"
"halifax.newdev-uk.com	"
"ato.amendment-au.com	"
"bnz.nz-access.com	"
"cad-etran69944.live	"
"bnz-co-helpsupport.com	"
"ontarloparty.com	"
"aaccess-banking-upade.xyz	"
"access-cibconline1-upadeting.xyz	"
"ontarloparty.xyz	"
"anpost.ie-customs.com	"
"anpost-customs.co	"
"anpost-customs.info	"
"01users-inquiry-info-0711.dns04.com	"
"amazon.securonline.services	"
"amazon.accessinfo.services	"
"rbc-mobile.com	"
"rbc-login.ca	"
"login-attempt-cancel-uk.link	"
"www.carecoveryint.com	"
"et-interacdeposit1.com	"
"01users-inquiry-info-0177.dns04.com	"
"candysanta.com	"
"bankofireland-supported.ac	"
"sabb-secure.com	"
"halifax.newdevice-auth-co.com	"
"viatransferinfos.com	"
"viainteracmsg.com	"
"etran-cad66411.live	"
"anpost-pay-customs.com	"
"depositpayroll-ca.com	"
"remember-payroll-ca.com	"
"anpost-info.co	"
"1aaccess-scotia-debitcard.xyz	"
"aaccess-debitcard-cibc.xyz	"
"1aaccess-debitcard.xyz	"
"access-debitcard1.xyz	"
"onetimecaptcha.ca	"
"ngb-gr.xyz	"
"halifax.uk-cancel-newdevice.com	"
"bankofireland-info.co	"
"mobileserviusgains.com	"
"loginpayroll-ca.com	"
"anpost-confirm.com	"
"confirmanpost.com	"
"etran-ca039222.live	"
"clubmembers-reward.ca	"
"clubmembers-rewards.ca	"
"service-managertransfer-ca.com	"
"remember-managertransfer-ca.com	"
"managertransfer-ca.com	"
"interacnotice.com	"
"accesscibconlinebank.xyz	"
"cibconlinebankinguo.xyz	"
"interacnoticee.com	"
"sc0tsupp.xyz	"
"suppsc0t.xyz	"
"login.securitydesk-cdn-amazon.com	"
"login.validatebilling-amazon.com	"
"signin.validatebilling-amazon.com	"
"login.validatecdn-amazon.com	"
"signin.validatecdn-amazon.com	"
"login.accounthold-cdn-amazon.com	"
"signin.accounthold-cdn-amazon.com	"
"login.removehold-amazon.com	"
"anpost-deliveryattempt.com	"
"online365-ie-service.com	"
"anpost-payment.info	"
"et-interac-moneyetra.xyz	"
"anpost-paymentconfirm.com	"
"municipal-txs-ca.com	"
"remember-txs-ca.com	"
"municipal-txs.com	"
"remember-municipal-txs.com	"
"telmobility-processing.info	"
"cad-et1500.live	"
"securitycibconlines.xyz	"
"netflixbilling22.xyz	"
"anpost-customs-pay.co	"
"anpost-paymentservice.com	"
"365-ie-reviewservice.com	"
"online.anpostpaymentsconfirm.com	"
"login-cancel-uk.link	"
"amazon.helponline.support	"
"amazon.onlinerefund.systems	"
"customerservicecenter.co	"
"www.ebencarev.com	"
"365-accountsecurity.com	"
"interac-pay.ca	"
"cad-etran99388.live	"
"netflixclientsupport54.info	"
"redi-rect1.info	"
"clientnetflixarea44.info	"
"netfixsupport31.xyz	"
"auth-scotia.com	"
"online.anpost-paymentsconfirm.com	"
"updated-login.link	"
"supp0int.xyz	"
"s1ppint0.xyz	"
"verified-netflix.com	"
"verified-netflix1.com	"
"mobilecarrierreturn999.com	"
"login.verifymemberbillingprofile-netflix.com	"
"signin.verifymemberbillingprofile-netflix.com	"
"etrancad93844.live	"
"employ-ca.com	"
"remember-employ-ca.com	"
"et-remember-emp3833.com	"
"remember-emp3833.com	"
"financialaidcanada.com	"
"nftxservice-clients.com	"
"securitycapchat.com	"
"rbc.sign-in-authen.com	"
"et-remember-8yzg4lbbp9.com	"
"et-remember-8yzg4lb6p9.com	"
"bell-canada.info	"
"bell-mobility.info	"
"bell-wireless.info	"
"authscotia.com	"
"et-remember-emp7765.com	"
"remember-emp7765.com	"
"online365-support.com	"
"anpost-onlinesupport.com	"
"onlineanytime-ulsterbankri.com	"
"nhs-onlinesupport.com	"
"scotiaunlockingonline.xyz	"
"supporttechnicalsco.xyz	"
"online365-activationservice.com	"
"anpost-pay-customs.co	"
"online.aib-log.com	"
"anposts-onlinepayments.com	"
"telus-mobility.top	"
"telus-login.top	"
"ato.revise-au.com	"
"transportcentraldrivers.com	"
"transportcentral-help.com	"
"et-remember-emp9312.com	"
"remember-emp9312.com	"
"scotiabanksupport.ca	"
"et-remember-x83nc01p7.com	"
"viatransferdetail.com	"
"et-remember-x83nco1p7.com	"
"viainteracmsgs.com	"
"bell-login.top	"
"federaltaxreturn.me	"
"canadiantaxreturn.me	"
"britishcoiumbia.com	"
"britishcoiumbia.ca	"
"anpost-securepayment.com	"
"update-server.link	"
"anpost.ie-sec.com	"
"recapcha.top	"
"revenue-cra-fees.top	"
"scotiasignin.com	"
"v7-scotia.com	"
"anpost-customs-payment.co	"
"halifax.info-payee.com	"
"users03be-info-0133.ipq.co	"
"online.anpostconfirmation.com	"
"et-remember-emp4113.com	"
"remember-emp4113.com	"
"viatransferinformation.com	"
"transportcentralhelp.com	"
"viainteractexts.com	"
"verifiedamazonreturns.com	"
"signin.verifiedamazonreturns.com	"
"claim.verifiedamazonreturns.com	"
"centraltransportsup.com	"
"e-transferwirelessreminders.xyz	"
"e-transfer-mobile-reminders.xyz	"
"e-transfer-mobile-pay.xyz	"
"online-update-cibcunlock.xyz	"
"onlineupdatecibcunlock.xyz	"
"payment.onlineconfirmanpost.com	"
"anpost-scheduleservice.com	"
"anpostpay.scheduleconfirm-ie.com	"
"anpost-paymentsupport.com	"
"permanenttsb-security.com	"
"schedule-anpostonline.com	"
"et-remember-x91ba0fkz.com	"
"et-remember-x91baofkz.com	"
"transportcentralbc.com	"
"anpost-payment.co	"
"municipaltxs-ca.com	"
"txs-remember-ca.com	"
"recapha-ref-cra0.top	"
"rbc-secure.live	"
"auth1alert-scotia.com	"
"open24-help-online.com	"
"interacetransfer.info	"
"interacreturn.info	"
"cad-etran30900.live	"
"viainteracpage.com	"
"etransferdetails.com	"
"et-remember-tsx8393.com	"
"interace-transfer.me	"
"ptsb-onlineactivity.com	"
"scheduleonlineanpost.com	"
"interacedeposit.club	"
"anpost-rescheduleservice.com	"
"anpost-rescheduleservices.com	"
"update-allied.link	"
"online.confirmpaymentanpost.com	"
"confirm.schedule-onlineanpost.com	"
"permanenttsb-help.com	"
"bankofireland-onlinesecurity.com	"
"centralservicehelp.com	"
"ato.au-revise.com	"
"centralservicehelpbc.com	"
"et-interacdeposits.com	"
"interac.top	"
"anposts-online.com	"
"s4ta1nl3n9.xyz	"
"cadtransfer03999.live	"
"infoservicecanada.com	"
"s0ta0nl1n3.xyz	"
"et-remember-37bn2c8.com	"
"et-remember-itblv0tblq.ca	"
"discount-netflix.top	"
"recapcha-for-netflix-verify.top	"
"et-remember-employ2739.com	"
"remember-x11cyf8m.com	"
"remember-x1cyf8m.com	"
"et-remember-e3p49d.com	"
"infoservicescanada.com	"
"anpost-securityservice.com	"
"confirm.scheduleanpost.com	"
"transferdisplay.com	"
"etransferviatext.com	"
"exportfees.info	"
"amazonrefund.top	"
"etrecovb.com	"
"anpost.custom-ie.com	"
"gov.onlineconfirmcovid.com	"
"canada-tax.top	"
"et-ca3411.live	"
"e-tranferinterac-mobility.xyz	"
"e-tranferinterac-1mobility.xyz	"
"intcdep.com	"
"login.memberservicesarea-netflix.com	"
"login.billingservices-netflix.com	"
"signin.billingservices-netflix.com	"
"login.clientbilling-netflix.com	"
"signin.clientbilling-netflix.com	"
"confirm.online-anpostmobile.com	"
"anpost.ie-customs-fee.com	"
"id92851.villemontrealpayment.com	"
"villemontrealpayment.com	"
"id92851.villemontrealpayement.ca	"
"open24-helpservice.com	"
"anpost-paymentonline.com	"
"anposts-importfees.com	"
"canadataxreturn.info	"
"servicetransporticbc.com	"
"servicetransporticca.com	"
"financialreliefbenefit.com	"
"financialrelieffund.com	"
"anpost-onlineredelivery.com	"
"et-cad3411.live	"
"helponline.support	"
"et-remember-emply4113.com	"
"amazon.onlineaccess.services	"
"etbnfrev.ca	"
"cibc.on-access.com	"
"id13692.covidreliefbc.ca	"
"covidreliefbc.com	"
"interacviatransfer.com	"
"etransferbytext.com	"
"et-cad0121.live	"
"et-employment-ca.com	"
"mob-inv.com	"
"et-remember-employment-ca.com	"
"cibc.on-auth.com	"
"online.confirm-anpost.com	"
"anpost-chargeservice.com	"
"setup-error.cc	"
"ebnfrecovca.com	"
"anpost-customs-pay.cc	"
"anpost.ie-fee-pay.com	"
"transferviadisplay.com	"
"etransferbysms.com	"
"hydrooneenergy.com	"
"e-moblie-transferwireless.xyz	"
"e-mobile-reminder-deposit.xyz	"
"accntnetxr.com	"
"seeinfocapt.com	"
"anpost-parcelservice.com	"
"online-scotiab-update.shop	"
"id92852.villemontrealpayement.ca	"
"costco.manualtransfer.com	"
"mobile.confirmanpost-online.com	"
"anpost-securepayments.com	"
"secure03be-users-info-0014.dns04.com	"
"anpost.ie-fee-customs.com	"
"amazon-annual-cash-back10.xyz	"
"etransferdetail.com	"
"etransfermessage.com	"
"cad-et9202.live	"
"td-nbank-online1.xyz	"
"online-scotiab-reminder.xyz	"
"anpost-packagepayment.com	"
"open24-online-help.com	"
"mobile.confirm-onlineanpost.com	"
"mobiconfirm-anpost.com	"
"open24-accservice.com	"
"et-lnteracdeposit.com	"
"online.anpostonline-mobi.com	"
"remember-payroll1839.com	"
"netfl-interac.bounceme.net	"
"int-pay1839-ca.com	"
"et-interac-reminder-funds.xyz	"
"urgent-verifications-online.xyz	"
"anpost-onlinepayement.com	"
"open24-security-review.com	"
"renouvelerabonnement587.info	"
"login.myaccountbilling-netflix.com	"
"signin.myaccountbilling-netflix.com	"
"login.accountbilling-netflix.com	"
"signin.accountbilling-netflix.com	"
"login.monthlybilling-netflix.com	"
"anposts-deliveryfee.com	"
"signin.monthlybilling-netflix.com	"
"members.accountbilling-netflix.com	"
"anpost-reestablish.com	"
"anpost-pay-secure.info	"
"etdonate2022ca.com	"
"edonate2022ca.com	"
"etransferviadetails.com	"
"etransferviasite.com	"
"mediformcomplete-9zb0cx26.com	"
"mediformcomplete-9zbocx26.com	"
"cad-et4055.live	"
"td.on-access.com	"
"privacyservicecad01.com	"
"privacyservicecad001.com	"
"netfiix-payment.com	"
"netfiix-payment.info	"
"anpost-parcelservices.com	"
"www.err-payment.com	"
"signin.paymentprocessing-netflix.com	"
"login.paymentprocessing-netflix.com	"
"anpost-postagepayment.com	"
"anpost.ie-customs-pay.com	"
"payroll-ca-xm02n8.com	"
"payroll-ca-xmo2n8.com	"
"etransferdisplay.com	"
"etransferpage.com	"
"cad-et-3441.live	"
"et-employment2840.com	"
"remember-et-employment2840.com	"
"abonnementerreur44.info	"
"anpost-importcharge.com	"
"open24-ie-onlineservices.com	"
"securepayment-anpost.com	"
"bankofirelandhelp.review	"
"netflix-interac.bounceme.net	"
"td.use-ca.com	"
"anpost.parcel-custom.com	"
"anpost-payment.cc	"
"payrollca-e1cnwo9.com	"
"payrollca-e1cnw09.com	"
"et-employment9091-ca.com	"
"remember-employment9091-ca.com	"
"infos-details.org	"
"www.infos-details.org	"
"www.netfiux-details.com	"
"netfiux-details.com	"
"sig-in-cibconlinesaccess.com	"
"id778.britishcolumbiaincentive.ca	"
"clicksig-in-cibconlinesaccess.xyz	"
"britishcolumbiaincentive.com	"
"crsb-aidprogram.ca	"
"login.settings-netflix.com	"
"signin.settings-netflix.com	"
"login.preferences-netflix.com	"
"signin.preferences-netflix.com	"
"login.billingpreferences-netflix.com	"
"signin.billingpreferences-netflix.com	"
"login.billingsettings-netflix.com	"
"signin.billingsettings-netflix.com	"
"cad-et3099.live	"
"validate-netflix1.com	"
"cad-et9001.live	"
"et-deposit.ca	"
"remember-et-deposit.ca	"
"e-lectronic-iinter.xyz	"
"et1-electronic-inter.xyz	"
"id92853.villemontrealpayement.ca	"
"anpost-parcelfees.com	"
"anposts-payfees.com	"
"online-365-ie-securityservice.com	"
"open24-paymentsecurity.com	"
"anposts-importedfee.com	"
"anpost.mobilefeeconfirm.com	"
"santander.help-dashboard.com	"
"login.accountupdate-netflix.com	"
"signin.accountupdate-netflix.com	"
"login.myaccountcdn-netflix.com	"
"signin.myaccountcdn-netflix.com	"
"login.paymentscad-netflix.com	"
"signin.paymentscad-netflix.com	"
"signin.cadpayments-netflix.com	"
"login.cadpayments-netflix.com	"
"canadareminder.com	"
"remindercanada.com	"
"support-server1059.com	"
"costco.manualdeposit.com	"
"costco.manualredirect.com	"
"etransfersites.com	"
"interacetransferdeposit.club	"
"interacetransferdeposit.info	"
"server4509-support.cc	"
"et-grave-wiry-jester-glitch.me	"
"grave-wiry-jester-glitch.me	"
"easterincenab.ca	"
"cad-et1019.live	"
"etransferinformation.com	"
"mutual-protection.info	"
"etransferviamsg.com	"
"renew.myplan-netflix.com	"
"secure.myplan-netflix.com	"
"login.myplan-netflix.com	"
"signin.myplan-netflix.com	"
"signon.myplan-netflix.com	"
"renew.plans-netflix.com	"
"login.plans-netflix.com	"
"signon.plans-netflix.com	"
"secure.plans-netflix.com	"
"renew.myservices-netflix.com	"
"signin.myservices-netflix.com	"
"secure.myservices-netflix.com	"
"login.myservices-netflix.com	"
"signin.plans-netflix.com	"
"easterpromoab.ca	"
"anpost.ie-pay-customs.co	"
"anpost-onlinepayment.com	"
"aib-onlineauthservice.com	"
"bankofireland-onlinehelp.review	"
"anpost.deliver-custom.com	"
"fee.mobileconfirmanpost.com	"
"telus-support.top	"
"tr-respon-plan-xvgh8su6i.info	"
"anposts-deliveryfees.com	"
"netflix-support.top	"
"cad-et3656.live	"
"20.230.154.61	"
"onlineloginscotia.qpoe.com	"
"crsb-aidprogram-redirect.ca	"
"et-grave-wiry92x.com	"
"grave-wiry92x.com	"
"login.subscriberbillingprofilecanada-netflix.com	"
"onlinewebscotia.com	"
"secure.subscriberpayments-netflix.com	"
"login.subscriberpayments-netflix.com	"
"signin.subscriberpayments-netflix.com	"
"cdn.subscriberpayments-netflix.com	"
"transferdisplays.com	"
"cdn.billingmanagement-netflix.com	"
"signin.billingmanagement-netflix.com	"
"login.billingmanagement-netflix.com	"
"etransferviapage.com	"
"an-postimportfees.com	"
"anpost-deliverycharges.com	"
"anpost.ie-pay-fee.co	"
"login.amazonmemberservices.com	"
"secure.netflixmemberservices.com	"
"bnc.services	"
"serviceassistanceont.com	"
"verify.bnc.services	"
"serviceassistancesupp.com	"
"anpost-customs.in	"
"costco.yearlyreturn.com	"
"365bankoflreland.com	"
"servicecad0210.info	"
"et-lnteracdeposits2.com	"
"anpost.ie-deliver.com	"
"et-cad5536.live	"
"login.uber-canada.com	"
"at-surete-sfty-oghfcvh6u.info	"
"bmo.securonline.services	"
"qc.villemontrealpayement.ca	"
"anpost.mobilefee-ie.com	"
"et-redirect.cc	"
"permanenttsbhelp.review	"
"365-serviceauthonline.com	"
"anpost-postalservices.com	"
"securepayments-anpost.com	"
"anytimebanking-mobilesupport.com	"
"et-wiryx92.com	"
"complete-wiryx92.com	"
"etransferviainfo.com	"
"et-ca3994.live	"
"etransferview.com	"
"ot-crgiving-benfit-ugh18vksb.info	"
"ot-crgiving-benfit-ugh17vksb.info	"
"netflix.intracetransfer.website	"
"et-ca8861.live	"
"meanwhile-web.xyz	"
"amz-moon.xyz	"
"auth-netflix1.com	"
"et-etransfer.ddns.net	"
"aibhelp.review	"
"intera0-transfer00.onthewifi.com	"
"in-teract-caregiving.info	"
"payrollform-n13b801m.com	"
"payrollform-n13b8o1m.com	"
"servicecanadagov001-link.info	"
"public-health-measures.info	"
"servicecanadagov01-link.info	"
"anpost.feemobile-ie.com	"
"deliver-ie.com	"
"anpost.deliver-ie.com	"
"mobileaccess-nab.com	"
"et-ca9070.live	"
"interac.ucpalberta.info	"
"www.ucpalberta.info	"
"rebate-earnpoints.sbs	"
"bit.ly/4693intrac	"
"earnspoints-rebate	"
"www.icbc2gov.info	"
"interac.icbc2gov.info	"
"renewmembership1108.club	"
"anpost-deliverynotice.com	"
"aib-help.review	"
"danskebank.dk-privat.com	"
"et-ca3399.live	"
"etransferdisplays.com	"
"etransfervia.com	"
"et-ca7722.live	"
"online.resecure-td.com	"
"earnpnts-rbate.sbs	"
"earnspnts-rbate.sbs	"
"et-ca3937.live	"
"confirmezvosinfos44.info	"
"anpost.ie-redelivery.com	"
"suiteprogramfederal.com	"
"ref-programfederal.com	"
"anpost.mobifee-ie.com	"
"recaptcher-it.xyz	"
"sit-tight.xyz	"
"et-ca7390.live	"
"renewbill044now.info	"
"et-ca5401.live	"
"etransferviadetail.com	"
"etransferviadisplay.com	"
"ptsb.account-ie.com	"
"volksbank-at-helponline.com	"
"anpost-dutyservice.com	"
"accountsupportfr.info	"
"agency-rvn-ca.com	"
"anpost-deliverypayment.com	"
"45.15.160.242	"
"danske.privat-dk.com	"
"an-postsimportsfees.com	"
"carevenue.ca	"
"et-ca4236.live	"
"login.manage-uber.ca	"
"signin.manage-uber.ca	"
"secure.manage-uber.ca	"
"et-details.info	"
"et-redirect.info	"
"benefit-ca.com	"
"et-benefit-ca.com	"
"et-ca9061.live	"
"pt-sb-accountsupport.com	"
"intreiac.cc	"
"interacttt.com	"
"fidohelpclient44.info	"
"compterogersservice.me	"
"rogerscompteservice.me	"
"on.torontoparkinginfraction.com	"
"anpost-caurierservicecharge.com	"
"365-authserviceonline.com	"
"open24-authonlineservice.com	"
"an.postfeemobi.com	"
"et-ca4072.live	"
"loginserver3059.link	"
"confirm.mobifeean-post.com	"
"govca0413-sticker.online	"
"netflix.myprofileaccount.website	"
"lntr-canada.xyz	"
"lnt-rcanada.xyz	"
"ineract.online	"
"caddirect-etr1.info	"
"caddirect-etr.info	"
"et-ca9051.live	"
"et-lnteracdeposits.com	"
"et-lnteracdeposits1.com	"
"bbva.es.oficina-enlinea.support	"
"accessrogers.com	"
"login.cdn2-netflix.com	"
"signin.cdn2-netflix.com	"
"secure.cdn2-netflix.com	"
"login.cdn3-netflix.com	"
"signin.cdn3-netflix.com	"
"secure.cdn3-netflix.com	"
"login.cdn7-netflix.com	"
"signin.cdn7-netflix.com	"
"secure.cdn7-netflix.com	"
"supportwireless.info	"
"wirelesssupport.info	"
"serv-pay.com	"
"et-ca9080.live	"
"et-dircad.info	"
"et-dircad1.info	"
"servontref.xyz	"
"anposts-deliverynotices.com	"
"anposts-importduty.com	"
"anpost-serviceonlinecharge.com	"
"login.secure1-uber.ca	"
"signin.secure1-uber.ca	"
"signin.secure5-uber.ca	"
"login.secure5-uber.ca	"
"login.secure4-netflix.ca	"
"signin.secure4-netflix.ca	"
"signin.secure6-netflix.ca	"
"login.secure6-netflix.ca	"
"boi-onlinepaymentreview.com	"
"nf-settlement.com	"
"cracanada.cc	"
"an.post-scheduleoption.com	"
"online.an-postfeemobi.com	"
"et-ca8351.live	"
"txcanada.cc	"
"etr-cadeposit1.info	"
"etr-cadeposit.info	"
"inreact.cc	"
"my-profil-telus.top	"
"interac-online.ca	"
"et-cad3049.live	"
"profile-update-acc.com	"
"cancel-interac.com	"
"interac-cancel.com	"
"transferviadetailed.com	"
"revenue-canada.ca	"
"etransferecipient.com	"
"et-lnterac.ca	"
"et-redirect.ca	"
"infos-moneymailtransfer.com	"
"accountinformationfr44.info	"
"qc.montrealpayement.com	"
"www.serviceontario-gc.info	"
"interac.serviceontario-gc.info	"
"cra-arc-gc-benefits.com	"
"etransfer-interac-ca.com	"
"www.ref-vz9wg.info	"
"my.boisupport-centre.com	"
"interac.ref-vz9wg.info	"
"online.mobileanpostfee.com	"
"client.ref-vz9wg.info	"
"anposts-securepayments.com	"
"secu-moneymailtransfer.com	"
"forward-nflix.info	"
"anpost.ie-package.com	"
"mobill.info	"
"mobill01.info	"
"amazon-login.xyz	"
"myaccount.amazon-login.xyz	"
"book-itnow.com	"
"et-cad6104.live	"
"pay-authh.serveusers.com	"
"can-etr252.info	"
"can-etr251.info	"
"et-cad5945.live	"
"43892int-rac.sbs	"
"int-rac43892.sbs	"
"assistancepaiementcompte.info	"
"id9138qc.montrealpayement.com	"
"personal-txtincome.info	"
"anpost-fee.com	"
"id9128qc.montrealpayement.com	"
"mobile.365-activationservice.com	"
"aib.ie-secure.top	"
"mobile.anpost-parcelonlineservice.com	"
"boi.ie-secure.top	"
"e-postoppdatering.link	"
"anpost.ie-redirect.com	"
"login.gta-uber.com	"
"signin.gta-uber.com	"
"secure.gta-uber.com	"
"login.toronto-uber.com	"
"signin.toronto-uber.com	"
"secure.toronto-uber.com	"
"login.cdn-uber.com	"
"secure.cdn-uber.com	"
"signin.cdn-uber.com	"
"secu-srvnow.ca	"
"depointherac.ca	"
"www.bc2gov.info	"
"interac.bc2gov.info	"
"www.aib-help.com	"
"etransferecipents.com	"
"online.anpostmobi.com	"
"gouvpensionplan-ca.com	"
"remember-pensionplan-ca.com	"
"metamasskk.io	"
"et-cad5356.live	"
"et-cad53566.live	"
"www.aibhelpcentre.com	"
"cra0.top	"
"cra0.info	"
"login.can-uber.com	"
"signin.can-uber.com	"
"secure.can-uber.com	"
"an.post-ie-delivery.com	"
"qc.villemontrealrappelpayement.ca	"
"pendingintrac.com	"
"requestinterc.com	"
"login.cdnrider-uber.com	"
"signin.cdnrider-uber.com	"
"secure.cdnrider-uber.com	"
"login.helpdesk-uber.com	"
"signin.helpdesk-uber.com	"
"secure.helpdesk-uber.com	"
"login.manage-uber.com	"
"signin.manage-uber.com	"
"secure.manage-uber.com	"
"login.myprofile-uber.com	"
"signin.myprofile-uber.com	"
"secure.myprofile-uber.com	"
"login.securitydesk-uber.com	"
"signin.securitydesk-uber.com	"
"secure.securitydesk-uber.com	"
"login.security-uber.com	"
"signin.security-uber.com	"
"secure.security-uber.com	"
"et-cad9849.live	"
"et-cad98499.live	"
"login.cdnbilling-uber.com	"
"signin.cdnbilling-uber.com	"
"secure.cdnbilling-uber.com	"
"anpostsfees.com	"
"online.confirmmobi-anpost.com	"
"caddepos1-etr.info	"
"caddepos-etr.info	"
"securepayment-anposts.com	"
"et-client3948.live	"
"et-client39488.live	"
"et-sunnycostpayback.com	"
"sunnycostpayback.com	"
"impotscanadien.com	"
"canadataxcorrection.com	"
"mobile.aupost-deliveryservice.com	"
"et-lnterac.com	"
"netflix-payauth.serveusers.com	"
"online.mobileanpostconfirmation.com	"
"www.alliedirishhelp.com	"
"servontref.com	"
"secureonline-transfers.com	"
"et.interac.ca.secureonline-transfers.com	"
"mobianpost-confirmation.com	"
"www.365-verificationportal.com	"
"bank-dk.top	"
"mobile-confirmanpostfee.com	"
"rbcsupport.ca	"
"login.cdnhelpdesk-uber.com	"
"signin.cdnhelpdesk-uber.com	"
"secure.cdnhelpdesk-uber.com	"
"login.cdnsecuritydesk-uber.com	"
"signin.cdnsecuritydesk-uber.com	"
"secure.cdnsecuritydesk-uber.com	"
"cibcalerts.ca	"
"ntflx00201.com	"
"login.cibcalerts.ca	"
"help-netflix.ca	"
"recapcha-rogers.top	"
"rogers-reactivation.top	"
"gateway08.ddns.net	"
"rtn-details.info	"
"challengeredirection.info	"
"et-ca9113.live	"
"et-ca91133.live	"
"qc.xn--villemontral-keb.com	"
"aupost-paymentservice.com	"
"et-ca446.info	"
"et-ca445.info	"
"paiementsupportfr.info	"
"gatesvk.ddns.net	"
"telus-mobility-recap.info	"
"billing.secureonline-transfers.com	"
"book-it-now.xyz	"
"login.ontario-uber.com	"
"signin.ontario-uber.com	"
"secure.ontario-uber.com	"
"login.kyc-uber.com	"
"signin.kyc-uber.com	"
"secure.kyc-uber.com	"
"login.verification-uber.com	"
"signin.verification-uber.com	"
"secure.verification-uber.com	"
"reminderfunds.info	"
"fundsreminder.info	"
"interactservice-samantha.ca	"
"paiementassistancefr.info	"
"www.365lreland.com	"
"flexpymt.serveusers.com	"
"gateway-net.serveusers.com	"
"mobile-feeanpost.com	"
"interacrogerpay-return.online	"
"can-rev.cc	"
"interca.cc	"
"rogerpay-return.online	"
"anpostsimport.com	"
"et-ca3982.live	"
"et-ca39822.live	"
"anpost.mobifeeonlineie.com	"
"etca3948.live	"
"etca39488.live	"
"canada-revenue.ca	"
"paymentreturnbc.com	"
"rbcalerts.ca	"
"login.rbcalerts.ca	"
"etca9317.live	"
"etca93177.live	"
"anpost.iefeemobile.com	"
"paymentupdatebc.com	"
"canada.signin-uber.com	"
"secure.signin-uber.com	"
"cdn.signin-uber.com	"
"login.accounts-uber.com	"
"signin.accounts-uber.com	"
"secure.accounts-uber.com	"
"login.profiles-uber.com	"
"signin.profiles-uber.com	"
"secure.profiles-uber.com	"
"et-lnteracdeposited.com	"
"et-inrac-txtreturn.info	"
"confirmanpost.iemobifeeonline.com	"
"lnteract.ca	"
"et-8697bn87.com	"
"form8697bn87.com	"
"onlineauspost.mobifeeaus.com	"
"sco-ver-ify-s2.com	"
"gov-cra.ca	"
"lnteracpayment.ca	"
"login.lnteracpayment.ca	"
"auspost-servicecharge.com	"
"fidowireless.ca	"
"mobilefido.ca	"
"aupost-onlineservice.com	"
"anpost-paymentsystem.com	"
"an.post-ie-support.com	"
"anpostdelivery-fee.review	"
"login.accountsecurity-uber.com	"
"signin.accountsecurity-uber.com	"
"cdn.accountsecurity-uber.com	"
"login.prevention-uber.com	"
"signin.prevention-uber.com	"
"login.securitycenter-uber.com	"
"anpost-onlineimportfees.com	"
"cdn.securitycenter-uber.com	"
"signin.securitycenter-uber.com	"
"on.torontoparkingpayment.ca	"
"mobillityserviccecentre.com	"
"et-lntrac.ca	"
"online.mobile-iefee.com	"
"onlineanpost.mobile-iefee.com	"
"permanenttsb-verify.review	"
"etransfert.ca	"
"interac.etransfert.ca	"
"redirectonetflix.co	"
"mobianpost.feeiemobi.com	"
"privat24next-ua.com	"
"agenrevenueca.com	"
"revenue-agencyca.com	"
"ca-fullfill-program.info	"
"secure.prevention-uber.com	"
"trsfrcdn330a0sk.xyz	"
"tr-sec-cap.info	"
"netf-supp.ca	"
"billingtelus.com	"
"sco-help-v3.com	"
"directinformations.com	"
"directransfers.com	"
"auspost-parcelservice.com	"
"impotscorrection.com	"
"correctionimpots.com	"
"icbcservice-cad.com	"
"icbcservice-infos.com	"
"recoverysicknessbenefit.com	"
"cb-go.cfd	"
"emt-eta.website	"
"emt532gov.cfd	"
"cb-go.icu	"
"bc-crsb.com	"
"an.post-ie-account.com	"
"crsb-bc.ca	"
"anpost-deliverysettlement.com	"
"an-post.iemobilefeeonline.com	"
"intherac-et.ca	"
"etransferts.ca	"
"canada-interac.online	"
"signin.billingprofile-uber.com	"
"login.billingprofile-uber.com	"
"secure.billingprofile-uber.com	"
"cdn.billingprofile-uber.com	"
"signin.cdnprofiles-uber.com	"
"login.cdnprofiles-uber.com	"
"secure.cdnprofiles-uber.com	"
"cdn.cdnprofiles-uber.com	"
"signin.cdnverify-uber.com	"
"login.cdnverify-uber.com	"
"secure.cdnverify-uber.com	"
"cdn.cdnverify-uber.com	"
"signin.lossprevent-uber.com	"
"login.lossprevent-uber.com	"
"secure.lossprevent-uber.com	"
"cdn.lossprevent-uber.com	"
"signin.paymentprofile-uber.com	"
"login.paymentprofile-uber.com	"
"secure.paymentprofile-uber.com	"
"cdn.paymentprofile-uber.com	"
"signin.verifybilling-uber.com	"
"login.verifybilling-uber.com	"
"secure.verifybilling-uber.com	"
"cdn.verifybilling-uber.com	"
"signin.verifyprofile-uber.com	"
"login.verifyprofile-uber.com	"
"secure.verifyprofile-uber.com	"
"cdn.verifyprofile-uber.com	"
"anpost.ie-delivery.com	"
"moneta-recenznisluzba.com	"
"secure.mydashboard-uber.com	"
"anpost-delivery.site	"
"anpost-paymentauthonline.com	"
"anpostdelivery.site	"
"cdnsprtfi37892.xyz	"
"anposts-importsfees.com	"
"confirmanpostmobi.com	"
"servicecad-icbc.com	"
"servicecad-info.com	"
"anpost-payment.in	"
"8697bn87-revenuecostpayback.com	"
"revenuecostpayback.com	"
"netflix-subscription.com	"
"crsb-bc.com	"
"commauth-service.com	"
"e-transferr-interacc.com	"
"westpac-authservice.com	"
"e-transferr-interacc.xyz	"
"auspost-authservice.com	"
"mycrataxreturn.com	"
"centredepaiementfr44.info	"
"overbill-canada.net	"
"canada-emergency-funds.top	"
"canada-emergency-capcha.top	"
"sco-help-v2.com	"
"amazon-verification.top	"
"amazon-verification.info	"
"anpost-securepay.com	"
"confirmationanpostonline.com	"
"login.prevent-uber.com	"
"365.reset-help.com	"
"anpost-packageattempt.com	"
"anpost.ie-fee.net	"
"an.postie-assitance.com	"
"bctransport-service.com	"
"qc.id9283.xn--villemontral-keb.com	"
"bctransport-info.com	"
"secure.profileverification-uber.com	"
"login.accounthelp-uber.com	"
"signin.accounthelp-uber.com	"
"secure.accounthelp-uber.com	"
"cdn.accounthelp-uber.com	"
"login.prevents-uber.com	"
"signin.prevents-uber.com	"
"secure.prevents-uber.com	"
"cdn.prevents-uber.com	"
"signin.prevent-uber.com	"
"secure.prevent-uber.com	"
"cdn.prevent-uber.com	"
"signin.profileupdate-uber.com	"
"login.profileupdate-uber.com	"
"secure.profileupdate-uber.com	"
"cdn.profileupdate-uber.com	"
"signin.updateprofile-uber.com	"
"login.updateprofile-uber.com	"
"secure.updateprofile-uber.com	"
"cdn.updateprofile-uber.com	"
"validation-netflix.com	"
"validation-netflix1.com	"
"et-inrac-txannual.info	"
"et-lnteracdeposit4.com	"
"proceed-txannual-income.info	"
"refund-3months.com	"
"gov900.info	"
"scotia-alerts.ca	"
"login.scotia-alerts.ca	"
"srv-intheract.com	"
"etapplyinteract.com	"
"et-applyinteract.com	"
"sgihelpsign.com	"
"onlinebankingverification.com	"
"renewyoursubscription044.info	"
"et-utilitiescommission.info	"
"captcharedirect.info	"
"onlinebankingverification.xyz	"
"anpost.ie-pay-secure.com	"
"anpost.ie-customs-secure.com	"
"postservice-supports.net	"
"an.postservice-supports.net	"
"e-trevcan.com	"
"an.postsupport-service.net	"
"boi.loginaccess-365.online	"
"loginaccess-365.online	"
"login.billingprofile-uber.ca	"
"login.cdnverify-uber.ca	"
"login.lossprevent-uber.ca	"
"login.paymentprofile-uber.ca	"
"login.verifybilling-uber.ca	"
"login.verifyprofile-uber.ca	"
"login.paymenthelp-uber.ca	"
"srv-intintherac.ca	"
"ticket-re-bate-gov.info	"
"e-trevscan.com	"
"anpost.notification-support.net	"
"ville.montreal-infraction.ca	"
"id5991.on.toronto401radar.com	"
"id5981.on.toronto401radar.com	"
"my-crataxre-fund.com	"
"int-rac46892.sbs	"
"onlinebankingverification.business	"
"signin.billingprofile-uber.ca	"
"secure.billingprofile-uber.ca	"
"cdn.billingprofile-uber.ca	"
"signin.cdnverify-uber.ca	"
"secure.cdnverify-uber.ca	"
"cdn.cdnverify-uber.ca	"
"signin.lossprevent-uber.ca	"
"secure.lossprevent-uber.ca	"
"cdn.lossprevent-uber.ca	"
"signin.paymenthelp-uber.ca	"
"secure.paymenthelp-uber.ca	"
"cdn.paymenthelp-uber.ca	"
"signin.paymentprofile-uber.ca	"
"secure.paymentprofile-uber.ca	"
"cdn.paymentprofile-uber.ca	"
"signin.verifybilling-uber.ca	"
"secure.verifybilling-uber.ca	"
"cdn.verifybilling-uber.ca	"
"signin.verifyprofile-uber.ca	"
"secure.verifyprofile-uber.ca	"
"cdn.verifyprofile-uber.ca	"
"infraction.villemontrealqc.ca	"
"www.tmmobile1-ref.net	"
"www.tmmobile-ref.net	"
"employmentpayback.com	"
"tmmobile-ref.net	"
"tmmobile1-ref.net	"
"et-employment.com	"
"etcad3492.live	"
"etcad34922.live	"
"renewmembership1109.club	"
"elnteracservice.com	"
"srv-intnetherac.ca	"
"login.verify-uber.ca	"
"signin.verify-uber.ca	"
"secure.verify-uber.ca	"
"cdn.verify-uber.ca	"
"login.toronto-uber.ca	"
"signin.toronto-uber.ca	"
"secure.toronto-uber.ca	"
"cdn.toronto-uber.ca	"
"login.securitydesk-uber.ca	"
"signin.securitydesk-uber.ca	"
"secure.securitydesk-uber.ca	"
"cdn.securitydesk-uber.ca	"
"login.profile-uber.ca	"
"signin.profile-uber.ca	"
"secure.profile-uber.ca	"
"cdn.profile-uber.ca	"
"login.ontario-uber.ca	"
"signin.ontario-uber.ca	"
"secure.ontario-uber.ca	"
"cdn.ontario-uber.ca	"
"login.accounts-uber.ca	"
"signin.accounts-uber.ca	"
"secure.accounts-uber.ca	"
"cdn.accounts-uber.ca	"
"login.billing-uber.ca	"
"signin.billing-uber.ca	"
"secure.billing-uber.ca	"
"cdn.billing-uber.ca	"
"etca9310.live	"
"etca93100.live	"
"recipientdetails.com	"
"etemploy-ca.com	"
"anpost-paymentlink.com	"
"fomemployment.careers	"
"et-recocan.com	"
"anpost-onlineauthservice.com	"
"access-personal365.com	"
"etca3184.live	"
"etca31844.live	"
"alberta-gov-ticket.info	"
"anpost-payment.site	"
"www.alberta-identity-protection.info	"
"alberta-identity-protection.info	"
"auspost.package-co.com	"
"on.parkingpaymentcenter.ca	"
"renouvelerabonnement714.info	"
"anpost-redeliveryservice.com	"
"anpost.ie-secure-pay.com	"
"login.cdnprofile-uber.com	"
"signin.cdnprofile-uber.com	"
"secure.cdnprofile-uber.com	"
"cdn.cdnprofile-uber.com	"
"login.ontarioca-uber.com	"
"signin.ontarioca-uber.com	"
"secure.ontarioca-uber.com	"
"cdn.ontarioca-uber.com	"
"login.profilecheck-uber.com	"
"signin.profilecheck-uber.com	"
"secure.profilecheck-uber.com	"
"cdn.profilecheck-uber.com	"
"login.profileverify-uber.com	"
"signin.profileverify-uber.com	"
"secure.profileverify-uber.com	"
"login.user-uber.com	"
"signin.user-uber.com	"
"secure.user-uber.com	"
"cdn.user-uber.com	"
"login.validate-uber.com	"
"signin.validate-uber.com	"
"secure.validate-uber.com	"
"cdn.validate-uber.com	"
"login.verifypayment-uber.com	"
"secure.verifypayment-uber.com	"
"cdn.verifypayment-uber.com	"
"cdn.profileverify-uber.com	"
"signin.verifypayment-uber.com	"
"bankofireland-service.review	"
"sco-ver-ify-s3.com	"
"secure.riderservices-ubercanada.com	"
"open24-onlineaccservice.com	"
"intherac-etrans.ca	"
"sec-srvnow.com	"
"anpost.package-servicecentre.com	"
"bit.ly/3yopkcj	"
"rbcalerts.com	"
"login.rbcalerts.com	"
"signin.cdnsecurity-uber.com	"
"signin.fraudprevention-uber.com	"
"signin.fraudprevent-uber.com	"
"signin.fraud-uber.com	"
"signin.lossprevention-uber.com	"
"signin.paymentsecurity-uber.com	"
"signin.profilesecurity-uber.com	"
"ie.co-anpost.com	"
"signin.securitycheck-uber.com	"
"signin.securityvalidate-uber.com	"
"signin.ridersecurity-uber.com	"
"365.manage-details.com	"
"signin.securityverify-uber.com	"
"etca1205.live	"
"etca12055.live	"
"e-recorev22.com	"
"importanposts-feeservice.com	"
"anpost-ie-payment.info	"
"cibc.via-co-online.com	"
"etcanrevgncyy.ca	"
"etca0842.live	"
"canrevgncyy.ca	"
"etca08422.live	"
"etca1035.live	"
"etca10355.live	"
"sco-help-veri-restoreca.xyz	"
"46894int-rac.sbs	"
"int-rac46894.sbs	"
"suport-clientnetflix.info	"
"icbcservicecad-interac.info	"
"icbcservicecad-refunds.info	"
"renewnetflixca.com	"
"renouvelezvotreabonnement041.info	"
"on.parkinginfraction.ca	"
"anpost-onlinedeliveryacc.com	"
"365-authaccservice.com	"
"e-trecovrev.com	"
"et-recovssl.com	"
"etca6501.live	"
"etca65011.live	"
"anpost-ie-customs.co	"
"access-co.cc	"
"ulster.review-changes.com	"
"commservices-ref.com	"
"365.review-changes.com	"
"e-revcanang.com	"
"commservicesaus-ref.cyou	"
"etca4521.live	"
"etca45211.live	"
"int-intherac-srv.ca	"
"signsgihelp.com	"
"secure.memberservicesdashboard-netflix.ca	"
"signin.paymenthelp-netflix.ca	"
"login.memberhelp-netflix.ca	"
"signin.memberhelp-netflix.ca	"
"auspost.fee-route.co	"
"etca4109.live	"
"etca41099.live	"
"canadaimpots.com	"
"cadet8561.live	"
"cadet856.live	"
"impotscanada.com	"
"servicetransport-secure.com	"
"servicetransport-infos.com	"
"bellmobillty.ca	"
"et-lnteracdeposit8.com	"
"anpost.ie-secure-fee.com	"
"anpost.ie-secure-customs.com	"
"anpostfee.review	"
"login.paymenthelp-netflix.ca	"
"signin.subscriberhelp-netflix.ca	"
"signin.membersupport-netflix.ca	"
"signin.renewalhelp-netflix.ca	"
"signin.memberships-netflix.ca	"
"login.memberships-netflix.ca	"
"login.renewalhelp-netflix.ca	"
"n-z-accesshelp.cc	"
"ecanrecossl.com	"
"ecanvang.com	"
"nab-auservices.com	"
"access-nz-help.cc	"
"secusrv-etrans.ca	"
"login.billingverify-uber.ca	"
"signin.billingverify-uber.ca	"
"login.bill-uber.ca	"
"signin.bill-uber.ca	"
"login.billverify-uber.ca	"
"signin.billverify-uber.ca	"
"login.paymentverify-uber.ca	"
"signin.paymentverify-uber.ca	"
"login.securitycenter-uber.ca	"
"signin.securitycenter-uber.ca	"
"login.securityservices-uber.ca	"
"signin.securityservices-uber.ca	"
"login.securityverify-uber.ca	"
"signin.securityverify-uber.ca	"
"login.verification-uber.ca	"
"signin.verification-uber.ca	"
"srvint-depo.org	"
"auspost.hub-au.com	"
"securedtransferpage.com	"
"textvia-transfer.com	"
"on.paymentparkinginfraction.ca	"
"serviceicbc-infos.com	"
"serviceicbc-portal.com	"
"etdetails.info	"
"etredirect.info	"
"login.accountverification-amazon.com	"
"signin.accountverification-amazon.com	"
"login.securitycheck-amazon.com	"
"signin.securitycheck-amazon.com	"
"login.holdaccount-amazon.com	"
"signin.holdaccount-amazon.com	"
"signin.securitydeskcdn-amazon.com	"
"login.securitydeskcdn-amazon.com	"
"telusmobillty.ca	"
"billbellupdt.com	"
"erevcabenft.com	"
"onlinepayments-anpost.com	"
"text-transfers.com	"
"transferinfo-page.com	"
"anpost.repostal-page.com	"
"signin.accounthelp-prime-amazon.com	"
"signin.helpdesk-prime-amazon.com	"
"signin.lossprevents-prime-amazon.com	"
"signin.removehold-prime-amazon.com	"
"signin.securitydesk-prime-amazon.com	"
"signin.securityhold-prime-amazon.com	"
"netflix-valid.com	"
"netflix-valid1.com	"
"on.torontoinfractionreminder.ca	"
"365.detail-change.com	"
"etca4214.live	"
"etca42144.live	"
"cadetr-099.live	"
"transfer-text.com	"
"etca7090.live	"
"etca70900.live	"
"transfer-details.com	"
"cadetr-009.live	"
"signin.validate-uber.ca	"
"signin.paymentverification-uber.ca	"
"signin.billingvalidation-uber.ca	"
"signin.paymentvalidate-uber.ca	"
"signin.verifications-uber.ca	"
"signin.validatepayment-uber.ca	"
"signin.verifypayments-uber.ca	"
"signin.paymentvalidation-uber.ca	"
"id9913.qc.radarinfractionmontreal.ca	"
"id1091.qc.villemontrealpaiement.ca	"
"id1391.qc.villemontrealinfraction.ca	"
"id8913.qc.rappelvillemontreal.ca	"
"login.validate-uber.ca	"
"login.paymentverification-uber.ca	"
"login.billingvalidation-uber.ca	"
"login.paymentvalidate-uber.ca	"
"login.verifications-uber.ca	"
"login.validatepayment-uber.ca	"
"login.verifypayments-uber.ca	"
"login.paymentvalidation-uber.ca	"
"anpost.ie-customsteam.com	"
"login.account-uber.ca	"
"signin.account-uber.ca	"
"login.confirmpayment-uber.ca	"
"signin.confirmpayment-uber.ca	"
"login.myaccount-uber.ca	"
"signin.myaccount-uber.ca	"
"login.paymentmethod-uber.ca	"
"signin.paymentmethod-uber.ca	"
"login.payments-uber.ca	"
"signin.payments-uber.ca	"
"login.supportdesk-uber.ca	"
"signin.supportdesk-uber.ca	"
"login.userprofile-uber.ca	"
"signin.userprofile-uber.ca	"
"anpost-accpaymentonline.com	"
"scotiaonlinescotiabank.com	"
"service-reset.com	"
"etca6771.live	"
"etca67711.live	"
"etbnfrevc.com	"
"revcabenft.com	"
"re-an-post.com	"
"net-sslcan.com	"
"customsupdate-anpost.com	"
"anposts-importscustomfee.com	"
"trancad88.live	"
"canrevenu1-gc381.com	"
"trancad87.live	"
"et-depointrac.org	"
"interac-gc381.com	"
"sunny-interac-gc381.com	"
"etca9956.live	"
"etca99566.live	"
"et-canrevgny.com	"
"amazon1-gc364.com	"
"auspost.post-rescheduling.com	"
"anposts-customsfees.com	"
"login.membervalidate-netflix.ca	"
"anpost.ie-pay-fee-secure.com	"
"anpost-ie-pay.co	"
"renewyourbill846.info	"
"transfer-information.com	"
"transfer-page.com	"
"anposts-paymentportal.com	"
"auspost.confirmausonline.com	"
"etca9441.live	"
"etca94411.live	"
"revenuquebec.cfd	"
"impotcanadien.com	"
"canadienimpot.com	"
"auspost.fee-pay-secure.com	"
"securerecaptcha.com	"
"healthserviceab.com	"
"abonnementenpause044.info	"
"confirmezvosrenseignements044.info	"
"authentcationtd.com	"
"anpost.ie-fee-pay-secure.com	"
"anpost.ie-postal-fee.com	"
"anpost.ie-co-postal.com	"
"etca1107.live	"
"etca11077.live	"
"srv-intdepot.org	"
"netflix-valid2.com	"
"etransferinter.ca	"
"etca8040.live	"
"etca80400.live	"
"paycustomfee.com	"
"confirm.mobionlineanpost.com	"
"anpost-acconlinepayment.com	"
"seguroon-line.santander-seguroon-line.com	"
"ebenfrevc.com	"
"anpost.ie-co-fee.com	"
"open24-verificationservice.com	"
"etcad1097.live	"
"365-onlineverificationservice.com	"
"etcad10977.live	"
"santander-on-lineajuda.com	"
"carevnueagen.com	"
"revnueagenca.com	"
"anpost-ie-pay.cc	"
"gov22anterac.info	"
"tx-sec-cap.info	"
"transfer-display.com	"
"transfer-sent.com	"
"etr-txprogram-fulfill.info	"
"etr-txannual-service.info	"
"et-amazonprime-gc822.com	"
"amazonprime-gc822.com	"
"id9891.qc.montrealinfraction.ca	"
"id9891.qc.paiementvillemontreal.ca	"
"etransfers-interac.ca	"
"id1082.qc.villemontrealradar.ca	"
"id1082.qc.villemontrealrappel.ca	"
"securpayment.ca	"
"rogers-refund.ca	"
"secure-payment.ca	"
"cadtransf-77.info	"
"cadtransf-78.info	"
"etcad4553.live	"
"etcad45533.live	"
"teluslive-support.ca	"
"mobilitygift.xyz	"
"telusmobility-help.ca	"
"detail-et.info	"
"redirect-et.info	"
"inte-ac-rog.com	"
"inte-rac-rog.com	"
"auspost-servicepayment.com	"
"teluscustomer-service.ca	"
"customs-importfees.com	"
"www.rogers-account.com	"
"online.mobianpostconfirmation.com	"
"365-onlineactivationservice.com	"
"anpostdeliverfee.review	"
"anpost.mobile-ieconfirm.com	"
"anpost.ie-fee-postal.com	"
"anpostfees.review	"
"medbank-acc-paslauga.com	"
"aibsecurity.review	"
"anpost-ie-pay.info	"
"anpost.ie-fee-online.com	"
"et-lnteracdeposit0.com	"
"transfer-confirmations.com	"
"transfer-website.com	"
"personal-t4earnings.info	"
"sm-tx-icome.info	"
"anpost.ie-pay.co	"
"auspost.1postal-fee.com	"
"etcad9400.live	"
"etcad94000.live	"
"etrand78.live	"
"etrand77.live	"
"taxfilecorrection.com	"
"src-intsecu.ca	"
"compensationcoronagovcan.xyz	"
"confirmmobileanpost.com	"
"ahservicesab.com	"
"anpost.ie-fee.co	"
"netflixcasupport.app.link	"
"mettreajourvosrenseignements44.info	"
"anpost.ie-fee-post.com	"
"rog-inte-rac.com	"
"365-onlineserviceactivation.com	"
"import-customfees.com	"
"int-1v2-ro.com	"
"anpost-livepayments.com	"
"etcad7740.live	"
"etcad77400.live	"
"mobileverifyanpost.com	"
"365.review-change.com	"
"et.lnterac-billing.info	"
"et-lnteracfido.com	"
"et-lnteracfido1.com	"
"gst-hst-returns.com	"
"revenue-returns.com	"
"et-amazonprime.com	"
"sunny-amazonprime.com	"
"sec-int-srv.org	"
"src-secuint.org	"
"transcad02.live	"
"transcad01.live	"
"impotdecanada.com	"
"impotsdecanada.com	"
"lnterac-deposit.quest	"
"deposit-funds.quest	"
"verifymobileanpost.com	"
"itcdetails.info	"
"itcredirection.info	"
"open24-onlinereviewservice.com	"
"santander-seguroonline.com	"
"anpost-onlineaccpayment.com	"
"mobiverifyanpost.com	"
"borrowelltelecomm.xyz	"
"etcostpayback.com	"
"et-costpayback.ca	"
"365.service-error.com	"
"anpost-ie-customs.info	"
"interacsecure.ahservicesab.com	"
"deposit-funds.info	"
"erecabenf.com	"
"telecobot.xyz	"
"etcad8798.live	"
"etcad87988.live	"
"anpost.ie-customspackage.com	"
"sign-ab.ca	"
"interacservice.sign-ab.ca	"
"aus.post-fee1.com	"
"mob-view.ca	"
"billsnetprograms.com	"
"etranscad56.live	"
"etranscad57.live	"
"amzinteracc.com	"
"amzinteracv.com	"
"albertaservicesonline.ca	"
"res-trcd-lock.com	"
"shipping-et-amazon.com	"
"shipping-amazonbox.com	"
"myaccount-telus.ca	"
"alerts-telus.ca	"
"www.amz-assistance-id3646.gq	"
"anpost-onlinepackageacc.com	"
"telusmobillity.com	"
"open24-accreviewservice.com	"
"et-lnteract.com	"
"carecbnfs.com	"
"anpostdelivery-fees.review	"
"365.personal-review.com	"
"etcad6612.live	"
"etcad66122.live	"
"mobile-view.ca	"
"programme-amazon-ca.com	"
"points-amazon-ca.com	"
"etcad9967.live	"
"etcad99677.live	"
"aus.post-co-branch.com	"
"netflixpaymentpending.ca	"
"canadafiles.me	"
"mobillityservicceceentre.com	"
"mobillityservicecentre.com	"
"anpost-packageattemptacc.com	"
"importcustom-fees.com	"
"feeie-anpost.com	"
"etcad9194.live	"
"etcad91944.live	"
"365.manage-personal.com	"
"incad-tr02.live	"
"incad-tr01.live	"
"billspaymentnet.com	"
"interac-rogers.ca	"
"etransfer-rogers102.ca	"
"etransfer-telus102.ca	"
"interac-telus.ca	"
"erevcabfs.com	"
"he-lp-v2.com	"
"cadetr-89.live	"
"cadetr-88.live	"
"errpaynetf.com	"
"etcad5438.live	"
"etcad54388.live	"
"www.rev-deposit-assistance-id8893.gq	"
"et-healthy-fragrant-glitch.com	"
"healthy-fragrant-glitch.com	"
"www.rev-deposit-assistance-id398.com	"
"ca-employment-gcx93.com	"
"ca-employment.com	"
"eth-ract-secu.ca	"
"srv-intrac-dep.ca	"
"transfers-info.com	"
"revenue-return.com	"
"renouveler231.info	"
"www.kolp-help-id8382.gq	"
"ernetfpay.com	"
"int-ver1f-y.com	"
"et-confirm.ca	"
"etr-ca46.live	"
"etr-ca45.live	"
"renew04assistance.info	"
"assistancearea056.info	"
"rev-deposit-assistance-id398.com	"
"anpost-livepayment.com	"
"anpost-accpackageattempt.com	"
"etcad7709.live	"
"etcad77099.live	"
"teluservice-infos.com	"
"etrecovbfs.com	"
"teluservice-help.com	"
"mobile-browser.ca	"
"view-mobile.ca	"
"transfers-information.com	"
"revenue-hstgst-refund.com	"
"etcad1029.live	"
"etcad10299.live	"
"user-security.ca	"
"etr-cad33.info	"
"etr-cad34.info	"
"amazon.user-security.ca	"
"interac.sign-ab.ca	"
"netfbillserr.com	"
"auspost.repostal.nl	"
"netsubserreu.com	"
"amazonsecurity.help	"
"tlsupport-details.info	"
"tlsupport-redirect.info	"
"auspost.hub-repostal.com	"
"myalbertaservices.ca	"
"anpost-onlinepaymentacc.com	"
"telusmobillty.com	"
"anpost.iecustomscentre.com	"
"unlock-process.ca	"
"transcanaintc.com	"
"intcantax.com	"
"anpost-paymentacconline.com	"
"etcad5599.live	"
"etcad55999.live	"
"taxincome-fulfill-xfgd5.info	"
"tax-program-fulfill.info	"
"netflsubserreu.com	"
"etransfer-fido102.ca	"
"etbfsrevca.com	"
"transunionteleco.info	"
"inter-cad78.info	"
"inter-cad77.info	"
"interac-fido.ca	"
"netflsecureprgms.com	"
"auspost.hub-repost.com	"
"anpost-ie-fees.com	"
"custom-feesimport.com	"
"anpost-accdeliveryattempt.com	"
"anpost-parcelserviceacc.com	"
"anpost-ie-pay.in	"
"365.personal-access.com	"
"etr-ca-major-txreturn.info	"
"ca-major-taxr.info	"
"id9579.on.torontoinfraction.ca	"
"id9229.on.paymentcentertoronto.ca	"
"id9229.on.torontoradar.ca	"
"id9129.on.torontocityparking.ca	"
"impotducanada.com	"
"impotsducanada.com	"
"servicesicbc-infos.com	"
"servicesicbc-help.com	"
"netfliprgamspay.com	"
"albertamedicalservices.ca	"
"dptdetails.info	"
"dptredirection.info	"
"settlementpayouts.ca	"
"auspost.repostal-hub.com	"
"anpostonline-fees.review	"
"anpost-ie-deliverynotices.com	"
"etcad6622.live	"
"etcad66222.live	"
"costumer-supoort.ca	"
"costumer-support.ca	"
"costumer-info.ca	"
"online-access.ca	"
"anpost-deliveryacconline.com	"
"rbc-verification.com	"
"txcan22.info	"
"txcan22pmt.info	"
"quebec-impots.ca	"
"v4g4r0!$	"
"quebec-service.ca	"
"lloyds-authenticate-access.co.uk	"
"helpicbc-infos.com	"
"helpicbc-secure.com	"
"intrac-cad78.live	"
"intrac-cad77.live	"
"mobilityonlinerefund.com	"
"e-sb-autentifikavimas.com	"
"int-veri1-y.com	"
"bell.secure-refund.com	"
"anpost.customsdelivery-service.com	"
"telusclient.ca	"
"anpost.ie-pay-charge.co	"
"365.personal-boi.com	"
"confirmationan-post.com	"
"cad-et-1170.live	"
"cad-et-11700.live	"
"inter-acad56.info	"
"inter-acad55.info	"
"bell.mobileverification.ca	"
"albertawelfareservices.ca	"
"trans-ab.ca	"
"interac.trans-ab.ca	"
"tls-supportdetails.info	"
"tls-supportredirect.info	"
"verifymobianpost.com	"
"anpost.customs-deliverycentre.com	"
"anpost-fees-ie.com	"
"anpost-onlinefees.review	"
"revcarecbfs.com	"
"fees-importcustoms.com	"
"et-amazonreward.com	"
"customer-amazonreward.com	"
"ver-y-int.com	"
"anpost-onlineaccdelivery.com	"
"netflix-valid3.com	"
"myetransfer-ab.ca	"
"interac.myetransfer-ab.ca	"
"mobiauspost.com	"
"albertahealthboard.ca	"
"auspost.repostal-form.com	"
"ab-sign.ca	"
"interac.ab-sign.ca	"
"cai-hrdc.info	"
"srv265-cai.info	"
"importfee-customoffice.com	"
"anpost-ie-payments.com	"
"anpost-onlinepaymentauth.com	"
"sb-lt-atsaukimopaslauga.com	"
"agency-rev.info	"
"agencyrev.info	"
"anpost.ie-secure-postal.com	"
"cad-et-5512.live	"
"cad-et-55122.live	"
"ee.update-details.com	"
"funds-deposit.icu	"
"cad-et-6673.live	"
"cad-et-66733.live	"
"transfer-ab.ca	"
"interac.transfer-ab.ca	"
"etca48511.live	"
"et-refz90101.com	"
"remember-refz90101.com	"
"nationwide.deny-device.com	"
"netflix.monthly-updates.com	"
"depositfunds.ddns.net	"
"mobilesupportca.ca	"
"netflix.repost-form.com	"
"auspost.fee-postal.com	"
"itchelpdetails.info	"
"itchelpredirection.info	"
"ca3087tr90ionc.xyz	"
"an-importfees.com	"
"anpost.post-parcel.com	"
"etrevcabfts.com	"
"anpost.iesupport-customs.com	"
"www.securepayout.thatsuitemoney.net	"
"anpost-ie-info.co	"
"anpost.postal-fee.org	"
"netflix-valids1.com	"
"netflix-valids.com	"
"mobility-refunds.redirectme.net	"
"secure-deposit.ddns.net	"
"netrevssl.com	"
"payroii-ca.com	"
"payroii.com	"
"auspost.postal-hub.org	"
"mobilegroupca.ca	"
"service2icbccad.com	"
"service2icbchelp.com	"
"heronpres.com	"
"myalbertaserviceshelp.com	"
"securebankofmontreals.xyz	"
"bmobankofmontreals.xyz	"
"anpost.ie-customsfee.com	"
"anpost-onlineauthpayment.com	"
"etca5091.live	"
"etca50911.live	"
"365.personal-changes.com	"
"anpost-ie-info.cc	"
"td-confirmation.com	"
"td-confirmation1.com	"
"etca1099.live	"
"paysecurednetfl.com	"
"etca10999.live	"
"auspost-co.com	"
"paym-ciientid2374928.ca	"
"secure-transac00.serveirc.com	"
"secure-transac011.serveirc.com	"
"myalbertaservices.com	"
"xokly.com	"
"rbc-verifications.com	"
"open24web-reviewaccservice.com	"
"365onlineservice-verfication.com	"
"import-anpost-ie.com	"
"anpost-packageonlineacc.com	"
"an-customsimportfee.com	"
"int-eracad02.info	"
"int-eracad01.info	"
"www.verification.mybell.site	"
"myabservices.com	"
"anpost-ie-info.com	"
"payroii-account.com/secure	"
"payroii.ca/deposit	"
"rbc-verification1.com	"
"etca7734.live	"
"etca77344.live	"
"abonnementfail-net-flix.com	"
"interac.etransfer-fido102.ca	"
"rbc-verifications2.com	"
"cadint-erac02.live	"
"cadint-erac01.live	"
"etransfer-fido101.ca	"
"pay.etransfer-fido101.ca	"
"etca8870.live	"
"etca88700.live	"
"auspost.hub-repostal.org	"
"serviceab-infos.com	"
"serviceab-cad.com	"
"britishcolumbiagst.com	"
"rbc-verifications1.com	"
"anpost.repostage-form.com	"
"anpost-ie-customfee.com	"
"anpost-packageacconline.com	"
"et-cad11791.ca	"
"et-cad117911.ca	"
"etca4489.live	"
"etca44899.live	"
"www.ab-digital-transfer.com	"
"paymlink-7387366753.ca	"
"incentivebc.work	"
"bcbenefit.work	"
"intera-cad02.live	"
"intera-cad01.live	"
"num-12445.com	"
"ab-digital-transfer.ca	"
"beii-customeservice.com	"
"ab-digital-transfer.com	"
"etca90500.live	"
"etca9050.live	"
"ab-digital-transfer1.com	"
"www.amazon.ca.verifiy.xyz	"
"autoplanbc-infos.com	"
"autoplanbc-help.com	"
"clienticbc2gc.info	"
"rvndetails.info	"
"rvnredirection.info	"
"packagepaymentservice.com	"
"abserviceshelp.ca	"
"packageservicecharge	"
"rcq500.xyz	"
"anpost.ie-postal-online.com	"
"anpost.repost-ie-form.com	"
"albertamyservices.ca	"
"packageacconline.com	"
"homeeonlinee.com	"
"anpost.redelivery-portal.com	"
"netaxcanssl.com	"
"anposts-ie-customfees.com	"
"anpost.ie-redelivery-site.com	"
"abservicesonline.ca	"
"ret-ciient2838736.xyz	"
"num-12556.com	"
"num-12557.com	"
"cad-et1659133.info	"
"cad-et165913.info	"
"in-teracad46.info	"
"in-teracad45.info	"
"cad-et1897111.ca	"
"etca6004.live	"
"etca60044.live	"
"cad-et189711.ca	"
"auspost-hub.com	"
"healthyalbertan.ca	"
"num-12446.com	"
"ref-customid9878-fsolutions.ca	"
"anpost.ie-online-postal.com	"
"mybell.website	"
"postalservice-importfees.com	"
"anpost-customs-ie.com	"
"myhealth-ab.ca	"
"cibcverfication.ca	"
"cibclogin.com	"
"rogersltegift.com	"
"anpost.postal-branch.com	"
"nbcenline.com	"
"etca5540.live	"
"etca55400.live	"
"myservicesab.ca	"
"etca11055.live	"
"ref-custmid9877-fsolutions.ca	"
"www.ref-custmid9877-fsolutions.ca	"
"govofcanada.ca	"
"xn--tlus-5oa.com	"
"etranfercredit.info	"
"etrsfca1107.live	"
"etrsfca1109.live	"
"walletconnect1.info	"
"etca75511.live	"
"https://walletconnect1.info	"
"transfers-display.com	"
"transfersent.com	"
"etrsfca1154.live	"
"etrsfca1110.live	"
"etca77933.live	"
"medicare.status-via.com	"
"www.et.xn--nterac-2va.co	"
"rbcverification.com	"
"et-supportdetails.info	"
"et-supportredirect.info	"
"nhs-secure-authorise.co.uk	"
"ab-transfer.ca	"
"etca88455.live	"
"agenrevnueca.com	"
"agenrevnueca.net	"
"intoverbilljune.online	"
"interacoverbilljune.online	"
"medicare.co-status.com	"
"authorizedetransfers.com	"
"etca99099.live	"
"transfereceived.com	"
"anpostfees.support	"
"srv-intdepot.com	"
"cibcphp.me	"
"td-valid.com	"
"td-valid1.com	"
"importservices-onlinefee.com	"
"anpost-ie-pay.com	"
"qc-transfer-gouv.ca	"
"qc-transfer.ca	"
"anpost-accdelivery.com	"
"365.online-boi.com	"
"rbc-valid.com	"
"rbc-valid1.com	"
"etca3286.live	"
"etca3298.live	"
"ecopayroll-ca.com	"
"sunnypayroll-ca.com	"
"telvsmobiiity.xyz	"
"transfer-reviews.com	"
"revenue-hstgst-refunds.com	"
"etca88733.live	"
"www.et.intereac.ca	"
"ref-custmid9983-telmobiiity.ca	"
"teluvalidate.com	"
"teluvalidates.info	"
"etca1745.live	"
"etca1725.live	"
"anpost-packagedeliveryservice.com	"
"import-feeonline.com	"
"feean-postmobile.com	"
"canadarecoveryrelief.info	"
"anpost.manage-branch.com	"
"interacpay.info	"
"confirman-post.com	"
"anpost-ie-pay-customs.co	"
"canadarecoveryrelief.org	"
"toronto.uid99414.com	"
"toronto.uid89813.com	"
"toronto.id91838.com	"
"toronto.id91481.com	"
"toronto.id65781.ca	"
"toronto.id41839.ca	"
"id7719.torontoauto1.com	"
"id4417.toronto401hwy.com	"
"candpension.com	"
"sourcecandpension.com	"
"an-postmobi.com	"
"serviceicbc2gov.com	"
"txservices.info	"
"txservicesgov.info	"
"transfer-view.com	"
"etca55766.live	"
"revenue-transfer.com	"
"cibc-validation2.com	"
"beii1.swvr0.com	"
"connexion.return-mobility.com	"
"srv-nowdepot.com	"
"srv-int-returns.com	"
"www.ident-vaiidationrbcid9877.ca	"
"srvnow-returns.com	"
"recoveryrelief.org	"
"recoveryrelief.info	"
"serv-intdepot.com	"
"clbc.sec-34.com	"
"my.gov.updateinfo.me	"
"anpost-deliverypackageservice.com	"
"td.msg1.icu	"
"confirmationanpost.com	"
"post-importsupports.com	"
"www.ptsb24open-ie.com	"
"clbc.sec-905.com	"
"canadarecoveryrelief.ca	"
"canadarecoveryrelief.com	"
"www.ident-vaiidationroyalb-id9877.ca	"
"customfees-anposts-ie.com	"
"anpost-packageservicedelivery.com	"
"anpost.hub-start.com	"
"iefeecustoms.com	"
"secured-device.info	"
"return-fee.top	"
"anpost-ie-payment.com	"
"etca40999.live	"
"td.msg11.icu	"
"infonetiix.xyz	"
"cibc.msg11.icu	"
"icbcdriver2cad.com	"
"transfer-received.com	"
"transfer-revenue.com	"
"medicare.managing-hub.com	"
"et-security-id.info	"
"itcsupport-details.info	"
"itcsupport-redirect.info	"
"bmo.msg11.icu	"
"online-importservicefees.com	"
"enterac-select.mobi	"
"anpost-packageaccserivce.com	"
"confirmcustomfees.com	"
"clbc-ne.com	"
"revenues-transfer.com	"
"transfers-received.com	"
"beii-carrier.online	"
"anpost.payment-fee.co	"
"rbc-validation.com	"
"bellmobilityca.net	"
"bellmobilityca.com	"
"etca11211.live	"
"cibc.msg1.icu	"
"mobicustomfees.com	"
"restoreamazonacc.com	"
"restoreamazonacco.com	"
"aus.post-manage.com	"
"etca99555.live	"
"interac.msg11.icu	"
"interac.msg1.icu	"
"medicare-manage.com	"
"srv-int-secure.com	"
"srvnow-return.com	"
"unlck-acc.com	"
"serv-nowdepot.com	"
"srv-ca-returns.org	"
"srv-ca-return.org	"
"post-at-entgelte.com	"
"mobionlineaibconfirm.com	"
"onlineservicesfees.com	"
"confirmcustomfee.com	"
"canadarecoveryrelief.net	"
"365.internet-boi.com	"
"anpost-packageserviceacc.com	"
"govfundservices.info	"
"govfundservice.info	"
"canadaregionalrelief.ca	"
"auspost-on.com	"
"amazon.sg-order-review.com	"
"etca45000.live	"
"interac-gov.transfer-ab.ca	"
"serviceicbcdriver.com	"
"serviceicbc-driver.com	"
"onlineimportservices.com	"
"mobifeecustom.com	"
"feecustomie.com	"
"aib-customers-support.com	"
"transferby-revenue.com	"
"transfers-detail.com	"
"anpost-pay-ie.in	"
"canadaregionalrelief.com	"
"e-transfer4938.info	"
"autoicbcplan.info	"
"emt.newalert.press	"
"interacpay.org	"
"2icbcdrivercad.com	"
"canadaregionalrelief.org	"
"canadaregionalrelief.info	"
"canadaregionalrelief.net	"
"auspost-1.com	"
"srv-ca-returns.com	"
"www.clbc-verfid9809.ca	"
"interac.co.in	"
"srvnow-secure.com	"
"srv-ca-depot.org	"
"tdverification.ca	"
"srvca-depot.com	"
"signab.ca	"
"interac.signab.ca	"
"serv-ca-returns.org	"
"int-srv-depot.com	"
"anpost.ie-postal-pay.com	"
"torontdomin-verfid9809.ca	"
"anpost-import-customfees.com	"
"scotiabank.auth404.sbs	"
"scotia.newalert.press	"
"aib-acc-support.com	"
"iefeecustom.com	"
"anpostdeliveryfee.support	"
"mobility-telus.tech	"
"mobility-telus.online	"
"365.server-clients.com	"
"scotia.infoalert03.icu	"
"ontfundtransfer.info	"
"ontfund.info	"
"unlck-1acc.com	"
"mobifeescustom.com	"
"scotiabank.infoalert03.icu	"
"netmoviehelp.xyz	"
"importfeesoffice.com	"
"anpost-fee-pay-info.in	"
"anpost.ie-delivery-schedule.com	"
"customer2icbc.info	"
"scotiabank.newalert.press	"
"int-erac-deposit.com	"
"return-transfer.com	"
"citizen-return.com	"
"auspost-official.com	"
"auspost-direct.com	"
"torondomi-verfid9766.ca	"
"tangeriine.ca	"
"customericbc2.info	"
"www1.customericbc002193.info	"
"netfiexfilm.xyz	"
"unclaimed-chek1.com	"
"unclaimedchek.com	"
"customericbc002193.info	"
"agenrevenue-ca.com	"
"agenrevenue-ca.net	"
"rbc-authentification.com	"
"rbc-authentification1.com	"
"fees-customie.com	"
"customfees-ie.com	"
"importfee-offices.com	"
"post.at-paket.com	"
"at-paket.com	"
"scotiabank.mobileauthen.com	"
"post-at-einfuhrabgaben.com	"
"anpost-pay-fee.com	"
"login.tdverification.ca	"
"feecustoms-ie.com	"
"id8164.xn--villemontral-6db.ca	"
"id8164.xn--villemontral-6db.com	"
"fix-008-interruption9.ca	"
"auspost-order.com	"
"annualremit.online	"
"return-transfers.com	"
"citizen-returns.com	"
"on-fund.com	"
"bell-company-ca.com	"
"captchaa-company-ca.com	"
"uid8191.xn--montralradar-1db.ca	"
"uid8191.xn--montralradar-1db.com	"
"id8191.xn--montralradar-1db.com	"
"uid8164.xn--villemontral-6db.com	"
"secureasyweb-idverff68647.ca	"
"medicare-on.com	"
"revqc499.info	"
"bell-mob.info	"
"etca8787.live	"
"etca87877.live	"
"rbcroyalbank.secured-device.info	"
"icbcservices.ca	"
"sign-bc.ca	"
"interac.sign-bc.ca	"
"srv-now-secure.com	"
"srv-nowreturns.com	"
"tlsmob-details.info	"
"tlsmob-redirect.info	"
"srvca-returns.org	"
"serv-ca-return.com	"
"ca-agenrevenue.com	"
"customfees-office.com	"
"rbcroyalbank.mobileauthen.com	"
"importofficesupport.com	"
"returns-transferweb.com	"
"citizens-return.com	"
"canadarecoveryfund.com	"
"canadarecoveryfund.info	"
"canadarecoveryfunds.com	"
"interac-pay.org	"
"tanngerine.ca	"
"et-ca9889.live	"
"et-ca98899.live	"
"hsbc.newalert.press	"
"an-post-paymentservice.com	"
"mobifees-confirm.com	"
"td-validate.com	"
"www.easyw-ldchec938485.ca	"
"365.online-personalboi.com	"
"fix-userinterruption.ca	"
"medicare-status.com	"
"serv-ca-return.us	"
"validt-dominionldchec948437.ca	"
"gi-ft-from-us.com	"
"uid3831.villemontreal1.com	"
"id9184.autovillemontreal.com	"
"serviceinstitutiontdbk.ca	"
"mobilefee-confirmation.com	"
"repoverbilljune.online	"
"depo-stct-db975456.ca	"
"lnterc-dept875467.ca	"
"mobifees-confirmations.com	"
"anpostdelivery-fee.support	"
"anpost.ie-schedule-redelivery.com	"
"royalbankcanada.info	"
"cibc.toll-free9749.info	"
"mobi-confirmfee.com	"
"returning-funds.ca	"
"netflixcampaings.com	"
"transfert.click	"
"confirm-feesonlineie.com	"
"1nt-erac-he1-p.com	"
"et-ca3939.live	"
"et-ca39399.live	"
"transfer-return.com	"
"citizens-transfer.com	"
"teluslogin.app	"
"medicare-kit.com	"
"refunds-mobility.redirectme.net	"
"medicare-daily.com	"
"customer-deposit.ddns.net	"
"bmo.toll-free9749.info	"
"www.cantrussst-vrf87445.ca	"
"secureteincibc.com	"
"srvnow-depot.com	"
"srv-int-secure.org	"
"int-srv-revenue.com	"
"www.secureteincibc.com	"
"srv-ca-revenue.com	"
"telusvalidates.com	"
"www.cibc-customer1800servise.ca	"
"safebillingcenter.live	"
"safebillingupdate.live	"
"mobilityservicescentres.com	"
"mobilityservicescentre.com	"
"anpost-customstax-ie.com	"
"ca-revenue.net	"
"ca-revenue.com	"
"anpost-importchargeacc.com	"
"et-ca8890.live	"
"et-ca88900.live	"
"confirmfeesie-online.com	"
"ee.mail-via.com	"
"anpost-customs-ie.info	"
"safebillcare.info	"
"safebillcenter.info	"
"bmo.online-restore1acc.com	"
"bit.ly/39xfuuv-se-cure08funds-can	"
"re-imbursment-can004.ca	"
"mobilefees-online.com	"
"td-validate2.com	"
"auspost.fee-pay-express.com	"
"imperial1800serviceid6445.online	"
"display-transfers.com	"
"citizens-returns.com	"
"re-turn-funds-can.ca	"
"bmo.mobile-refrence01.com	"
"feecustomieonline.com	"
"anpost-packageaccauth.com	"
"anpost-packageacc.com	"
"et-ca6757.live	"
"postimportsofficefee.com	"
"easyhsbc-activation.net	"
"easyhsbc-activation.com	"
"ee.update-on.com	"
"re-imburse-services009-can.ca	"
"bmo.toll-free870.nl	"
"auspost.pay-postal-fee.com	"
"etca-3954.live	"
"et-intrac-cafnx.info	"
"customericbc09485.info	"
"transfer-displays.com	"
"et-security-ca728k.info	"
"rvnupdate-details.info	"
"rvnupdate-redirection.info	"
"depo-sitlnter-acid54324.ca	"
"customfee-ie.com	"
"bmo.online-recover1.nl	"
"anpost-onlineservice-fees.com	"
"confirmfeeonline.com	"
"anpost.ie-pay-postage.com	"
"et-ca1241.live	"
"update-noreply.credit	"
"citizentransfer.com	"
"auspost-pay.com	"
"auspost-via.com	"
"telusmobilitysupport.net	"
"et-ca1151.live	"
"anpost.ie-trackingsupport.com	"
"rbc-check.com	"
"rbc-check1.com	"
"medicare-via.com	"
"mobifees-ie.com	"
"anpost-onlineserivceacc.com	"
"anpost.ie-delivery-reschedule.com	"
"open24web-accreviewservice.com	"
"feesmobile-ie.com	"
"anpost-ie-customs-info.com	"
"mobifee-online.com	"
"revenuecanada.net	"
"anpost-fees.pw	"
"etrsfca1190.live	"
"bmo.mobile-recover01.nl	"
"et-depo-canada-fn34d.bond	"
"mobi-feeie.com	"
"canadasgpayediccraagents323.com	"
"etfcn1173.live	"
"nhs.pass-renew.com	"
"citizensreturns.com	"
"intreract.com	"
"auspost.au-delivery-reschedule.com	"
"et-intrac-canada-security-depo.info	"
"gouvcann.live	"
"qc-transfer.com	"
"post-officeimportsfees.com	"
"anpost-delivery.pw	"
"anpost-delivery.org	"
"open24web-accverficationservice.com	"
"365-acc-support.com	"
"post-services-fees.com	"
"xn--ntflx-bsay.com	"
"xn--ntflx-wsa5554c.com	"
"cotisations-gouvqc.live	"
"anpost-onlinepackageservice.com	"
"canadarecoveryfunds.info	"
"canadasgpayediccrats123.com	"
"canada-automatic-id-8165.one	"
"et-ca1254.live	"
"canadarecoveryfunds.org	"
"canadarecoveryfunds.net	"
"cra-srvreturns.com	"
"provincial-security-depox543.info	"
"serv-ca-retours.com	"
"payback-refund.com	"
"srv-ca-retours.com	"
"bmo.13secure-info.nl	"
"cra-srv-returns.com	"
"srv-canada-returns.com	"
"1o-ck-sc0-ac-cess.info	"
"serv-canada-returns.com	"
"srv-canada-return.com	"
"open24-acc-authentication.com	"
"feesmobi-online.com	"
"feepost-importsoffice.com	"
"anpost-importfees.com	"
"www.ptsb24-open-ie.com	"
"mobiconfirm-fee.com	"
"canadianpayeicrats6742.com	"
"mobifeeconfirmation.com	"
"anpost-ie-fee-customs.info	"
"anpost.customer-ie.com	"
"canadapayeicrat3842.com	"
"anposts-service-fees.com	"
"canada-deposervices.one	"
"mobility-telus.help	"
"et-ca5585.live	"
"qc-transfer-digital.ca	"
"medicare-test-order.com	"
"111.90.148.233	"
"citizentransfers.com	"
"transferbycra.com	"
"auspost.postal-fee-express.com	"
"customer-deposit.duckdns.org	"
"incom5invoice.net	"
"auspost-importfees.com	"
"canada-autosystem.one	"
"intrac-refundpayment.com	"
"www.desjupdate.xyz	"
"anpost-import-fees.com	"
"importpost-officefees.com	"
"canadiansspayeicrat842.com	"
"canadasnpayeiscrat934.com	"
"recoveryfundscanada.ca	"
"recoveryfundscanada.com	"
"anpost-fee-ie.com	"
"et-system.one	"
"et-autosystem-id.one	"
"et-ca5645.live	"
"365.online-validate.com	"
"agence-can.live	"
"commbank.login-info-au.com	"
"auspost.fee-pay-postal.com	"
"auspost-scheduled.com	"
"mobility-telus.info	"
"id-clientinfo.space	"
"id-infoclient.space	"
"id-portal.space	"
"id-portal.online	"
"id-client.space	"
"portal-client.space	"
"client-id.space	"
"et.deposit-funds.info	"
"et.deposit-funds.quest	"
"payback-tax.ca	"
"mobifee-confirmationie.com	"
"anpost-onlinefees.support	"
"revenu-caagency.me	"
"an.post-via.com	"
"tpsgocarc.info	"
"royalcanadianlivesde3902.com	"
"et-ca9449.live	"
"canada-auto-id.one	"
"intrac-refundpayment.info	"
"interaconta.com	"
"fed-departement-depo-id43832.info	"
"wholesale-return91.info	"
"royalcanadiannslivesde902.com	"
"endrac.mobi	"
"re-ceive-yours-today.ca	"
"re-imburse-serv-ice-can007.ca	"
"license-0n.ca	"
"paymentsnetflix.ca	"
"service-0n9.ca	"
"entrac.mobi	"
"mobility-telus.cloud	"
"auspost-dropoff.com	"
"auspost-enter.com	"
"gouvcann.xyz	"
"comm-help-onlineservice.com	"
"auspost-import-charges.com	"
"icbccreditrelief.com	"
"www.anpost-ownership.com	"
"1sco-no-rep1y.nl	"
"bmo.2mobile-info.nl	"
"no-reply-access.info	"
"rbcdepose.com	"
"mobilefee-confirmationie.com	"
"365.online-changes.com	"
"anpost.schedule-single.com	"
"anpost-importpayments.com	"
"an.post-daily.com	"
"canadiansnrevksave632.com	"
"canadiansnrevsave832.com	"
"et-ca6090.live	"
"recoveryfundscanada.net	"
"svc2-alberta.info	"
"svc-alberta.info	"
"office-postimportfees.com	"
"mobirevenue-confirm.com	"
"recoveryfundsca.com	"
"requestsolutions.ca	"
"interefundca.com	"
"id-see-process.info	"
"mobiauspostconfirmation.com	"
"rebref-secure.com	"
"auspost-area.com	"
"commbank.au-verified.cc	"
"comm-help-onlineservices.com	"
"costumerinteractrans.ca	"
"comm-securityaus.com	"
"mobiconfirmrevenue.com	"
"mobilefee-confirmie.com	"
"promessecaq.com	"
"mobilefeeie-confirm.com	"
"an.post-help.com	"
"connect-cgi-bin.info	"
"canadianagenncyiesave78.com	"
"mobiibnc-app.me	"
"et-ca5450.live	"
"mobi-feeieconfirmation.com	"
"sesiontr.ca	"
"pgirt.ca	"
"mobifeeie-confirm.com	"
"et-ca0945.live	"
"cadrt4.ca	"
"mobiconfirmfeeaus.com	"
"intrac-pending-deposits.ca	"
"comm-onlineacc-service.com	"
"commalert.au-verified.cc	"
"rbc-checkup.com	"
"rbc-checkup1.com	"
"comm.au-review.com	"
"compen-sation01immediate.ca	"
"itc-updatedetails.info	"
"acc-ept-comp-ensation-here.ca	"
"acptrqa.ca	"
"commbank.add-cancel.com	"
"www.an-postschedule.com	"
"anpost-imports-charges.com	"
"an.post-load.com	"
"anpost-fee-pay.com	"
"mobifees-confirmationie.com	"
"canadianargencydtsavesn643.com	"
"fidoportalcanada.com	"
"td-valids.com	"
"td-valids1.com	"
"interca-secure.com	"
"cad-et9890.live	"
"recoveryfundsca.ca	"
"srvrinsa.ca	"
"canada-recoveryfunds.ca	"
"canada-recoveryfunds.com	"
"commb-auth-services.com	"
"helpnetupdate.info	"
"memca-pup.us	"
"encryptedsysteme.info	"
"fed-autodepot.info	"
"depotservices-id-8463432.info	"
"auspost.au-reschedule-delivery.com	"
"interca-rebate.com	"
"comm.au-reviewactivity.com	"
"commb-auth-service.com	"
"impottcanada.com	"
"autopayrollsystem.info	"
"provincial-reimbursement-id25637.info	"
"telus-autoreimbursement.info	"
"mrmbrshipnetlxf.us	"
"comms-help-service.com	"
"auspost-importsfees.com	"
"netflx00120.info	"
"commbank.via-help.com	"
"capardon.ca	"
"anpost-imports-charge.com	"
"mobi-iefee.com	"
"www.privateptsb.com	"
"cadagents8repay92.com	"
"anpost-fee-pay.co	"
"secureterac-ca.live	"
"serviceicbcclaim.com	"
"endac.mobi	"
"cad2ut.ca	"
"et-transitsystem-ca-sh-fgafs63821.info	"
"return-wholesale131.info	"
"cna-diansrrca.ca	"
"cadzat.ca	"
"fundshub.ca	"
"junert.ca	"
"feesmobionlineie.com	"
"unipayrt.ca	"
"jungov28.ca	"
"junrt28.ca	"
"feeausonlineconfirm.com	"
"royal-bank.ca	"
"anpost-importscharge.com	"
"id4911.vancouvercityparking.com	"
"uid9185.parkingvancouver.ca	"
"id7179.parkingvancouver.ca	"
"uid6791.vancouverradar.com	"
"anpost-pay-fee-ie.com	"
"viatransferview.com	"
"viacitizenreturn.com	"
"carevenueagency.net	"
"cad17repayedtered723.com	"
"mobi-ieonlinepost.com	"
"cad-et3326.live	"
"intelmodulerefresh247.com	"
"helpnetinfo.online	"
"bmo.13mobile-info.nl	"
"wholesale-return98.com	"
"ca-cstweb.us	"
"onlineausmobifee.com	"
"auspost-secure-info.com	"
"renewworldelite247ca.com	"
"transfersview.com	"
"citizenstransfers.com	"
"mobiausfees.com	"
"comm.au-group-info.com	"
"rtn-amountdetails.info	"
"please-see-here.one	"
"mobiledata-et-reimbursement.info	"
"automatic-fed-system.info	"
"westpac.protect-mobile.net	"
"ptbs-info.com	"
"anpost.ie-fee-postal-pay.com	"
"an-post-security-fee.com	"
"anpost-import-charges.com	"
"greenpasture.info	"
"mobile-irefees.com	"
"an-post-fee.com	"
"mobionline-app.me	"
"anpost-postalcharge-fee.com	"
"anpost-fee-pay.info	"
"icbcetransf.com	"
"toronto.id29352.com	"
"toronto.uid29921.com	"
"toronto.uid2458.com	"
"toronto.id2451.com	"
"ntrac-secure.cc	"
"ntrac-secure.com	"
"et-secure-deposit.info	"
"cad-et9554.live	"
"ntrac-secure.live	"
"ntrac-secure.me	"
"medicare-info-1.com	"
"auspost-query.com	"
"id5582.torontoreminder.com	"
"id23943.infractiontoronto.com	"
"uid9112.torontoinfraction.com	"
"membershipca.ca	"
"online-interac.live	"
"westpacprotect-login.com	"
"anpost-postalcharge-acc.com	"
"web-tangerine.com	"
"marsupialexperts247can.com	"
"anpost-fee-pay-ie.info	"
"mobileire-fee.com	"
"checkprmt.ca	"
"be-llselfi.ca	"
"valuemba.ca	"
"ontservice.net	"
"aiberta-atb.com	"
"gouv-cad103.info	"
"feemobiaus.com	"
"au-schedule-delivery.com	"
"cad-et7709.live	"
"auto-reimbursement.info	"
"trans-action-id.info	"
"info-transfer-id.info	"
"see-reimbursement-here.info	"
"commbank.access-activity.com	"
"anpost-fees-portal.com	"
"mobi-ietsbconfirm.com	"
"an-post-online.review	"
"an-post-ie-secure.com	"
"confirmtsb-online.com	"
"feesmobi-ieconfirm.com	"
"agency-carevenu.me	"
"imports-postservicesfees.com	"
"anpost-postalservice-fee.com	"
"anpost-ie-pay-fee.info	"
"www.anpost-money-ie.com	"
"anpost-paymentsonline.com	"
"an.post-deliver.com	"
"eitramfrts.com	"
"feeieconfirm.com	"
"eftranomie.com	"
"alert-client.online	"
"westpac-secure-login.com	"
"cibc.mobile-info2.nl	"
"mobifees-ireconfirm.com	"
"irecustomfees.com	"
"marsupialbeneficialcan247.com	"
"mobile-anpost-payments.com	"
"anpost-ie-customs-fee.info	"
"citiuk.reviewauth.com	"
"clbcc.13-on.com	"
"mobilefee-ire.com	"
"canada-onlinefm.me	"
"depositrevenue-agency.com	"
"westpac.co-nz.biz	"
"bell-carrier.info	"
"comm.au-info-review.com	"
"secure-indexpg.ca	"
"comm.au-group-review.com	"
"rbc-secure.com	"
"1nt-er-ac-no-rep1y.top	"
"anpost.ie-pay-postal-fee.com	"
"irepostmobiconfirm.com	"
"nsecure-mobility.cc	"
"nsecure-mobility.live	"
"postoffice-secure-payments.com	"
"internexplorerpurpose247ca.com	"
"cad-et5090.live	"
"anpost-postalservice-acc.com	"
"icbc-etransf.com	"
"365-security-service.com	"
"bell-mobile-data.info	"
"anpost-fee-customs-ie.info	"
"autodeposit-register.com	"
"ntrac-mobility.live	"
"ntrac-mobility.cc	"
"an.post-value.com	"
"wholesale-returns22.com	"
"td-check.com	"
"icbcreceive.com	"
"pickupcard.ca	"
"blockedattempt.ca	"
"unsucesprevent.ca	"
"cardusage.ca	"
"prvntionteam.ca	"
"preventinteam.ca	"
"mobifeeonlinepost.com	"
"fido	"
"ajvac.net	"
"import-postserviceupdate.com	"
"rbc-identification.info	"
"medicare-pcr.com	"
"atb.mobile-info2.nl	"
"comm.au-confirm-info.com	"
"pending-refund.com	"
"employmentrevenueclient.xyz	"
"et-amountdetails.info	"
"login.comm-netbank.com	"
"import-postcustoms.com	"
"westpacsecure-info.com	"
"feesmobileire-confirmation.com	"
"postoffice-online-payments.com	"
"feesmobile-confirmire.com	"
"nsecure-deposit.life	"
"anpost.ie-pay-postal-charge.com	"
"nsecure-deposit.cc	"
"nsecure-deposit.info	"
"anpost-postalservice.com	"
"feesmobi-ire.com	"
"alertcyclemaintenance247ca.com	"
"anpost-fee-ie-customs.co	"
"carecoveryfunds.com	"
"cad-et9355.live	"
"rbc-protect.com	"
"import-postcustomservice.com	"
"carecoveryfunds.net	"
"fido.update	"
"ab-transfer-service.ca	"
"online-return91.com	"
"carecoveryfunds.ca	"
"nsecure-deposit.live	"
"online-mobiibmo2.me	"
"cadrstem.biz	"
"cautrsem.me	"
"billsetre.info	"
"persnrsem.me	"
"auspostsecure-info.com	"
"bell-reimbursement.info	"
"westpacsecure-mobile.com	"
"myicbcinsurance.ca	"
"anpost.ie-charge-postal.com	"
"cad-et6646.live	"
"feesmobile-ireconfirm.com	"
"anpost-ie-pay-fee.com	"
"anpost-postal-service.com	"
"an-post-services.com	"
"mediaredemptionmerchca247.com	"
"canada-recoveryfunds.net	"
"an.postmoney-ie.com	"
"online-mobiapp.com	"
"an-post-ie-fees.com	"
"etr-cad001.info	"
"telusmobilityreturn.com	"
"postmobilefees.com	"
"interacinfo.ca	"
"clbc.help	"
"re-in0cometr.ca	"
"auspost.delivery-reschedule.com	"
"auspost-services.com	"
"gigadat-invoice.info	"
"web-access.info	"
"hydroquebec-facturation.info	"
"transfer-cad001.info	"
"westpacprotect-info.com	"
"thehsbcgroup.com	"
"itc-amountdetails.info	"
"mobileirefees-confirm.com	"
"imports-dutiescustoms.com	"
"feecustomire.com	"
"postoffice-payments-online.com	"
"depositfunds.info	"
"cad-et4424.live	"
"com-pan-y-in-ter-ac.com	"
"anpost-pay-ie-fee.com	"
"recoveryfundingcanada.ca	"
"clbc-secure.info	"
"clbc-secure.online	"
"clbc-online.info	"
"secure-procedure.ca	"
"secure-process.ca	"
"clbc-secure.site	"
"transfer-online.ca	"
"interac.transfer-online.ca	"
"recoveryfundingcanada.com	"
"anpost-postalcharge.com	"
"mobipostfeeconfirm.com	"
"return-cad-notify.ca	"
"return-secure-notify.com	"
"ab-deposit.com	"
"secure-center-notify.com	"
"online-anpost-payments.com	"
"td-protection.com	"
"www.anpost-moneyteam.com	"
"atb.personal-auth.nl	"
"july-trcanveq991827.info	"
"atb-no-reply-in-fo.info	"
"comp0n-22xhy.live	"
"viewtransfervia.com	"
"secu-net.xyz	"
"recoveryfundingcanada.net	"
"pendingrefund.net	"
"commbank.banking-web-app.com	"
"icbcnotification.com	"
"icbcnotify.com	"
"bell-transfers.com	"
"bell-etransfers.com	"
"interac-et.com	"
"rbroyalbank.xyz	"
"anpost.money-help-ie.com	"
"invoice-process.info	"
"web-reimbursement.info	"
"ca-recoveryfunds.ca	"
"ca-recoveryfunds.com	"
"co-op.reviewauth.com	"
"amzynt.com	"
"depositcanada-revenue.com	"
"auspost.au-login-secure.net	"
"anz.via-protect.com	"
"n4trcem1t.com	"
"anz.au-login-secure.com	"
"cad-et7768.live	"
"ntrac-refca.cc	"
"ntrac-refca.info	"
"anpost-fee-ie-pay.com	"
"anpost-postal-service-acc.com	"
"import-onlinepostcustomtax.com	"
"myicbcnotification.com	"
"2021taxfiling.net	"
"myicbcnotify.com	"
"postoffices-payment-online.com	"
"rogersoutage.info	"
"rogersservices.info	"
"identification-process.info	"
"commbank.login-au.net	"
"revenuetaxbenefit.net	"
"helpaccess-now.cc	"
"feemobileire.com	"
"postoffices-payments-online.com	"
"an.post-extension.com	"
"clients-outage-link.com	"
"clients-outage-infos.com	"
"import-onlinecustomstax.com	"
"clientsnotify-secure.com	"
"clientsnotify-infos.com	"
"rogersmobilityteams.ca	"
"rogersmobilityteam.ca	"
"secure-anz.live	"
"rogerscustomerservice.com	"
"anpost-ie-money.com	"
"cad001-etr.info	"
"et-updatedetails.info	"
"commbank-login-info.com	"
"feesmobi-confirmationire.com	"
"an-post-fees-secure.com	"
"an-post-online-secure.com	"
"mobifees-ireonline.com	"
"an.postmoney-current.com	"
"mypayca.co	"
"anpost-postalfee.com	"
"ca-recoveryfunds.net	"
"anpost-pay-ie-customs.com	"
"service-clients.top	"
"imports-tax.com	"
"feesmobi-irecustoms.com	"
"an.post-single-via.com	"
"service-digital-secure.com	"
"185.8.105.114	"
"online-anposts-payments.com	"
"oegeag.xyz	"
"clientsicbc01002.info	"
"clients2icbc.com	"
"anz.protect-via.com	"
"comm.digital-aus.com	"
"2021cantx.net	"
"kynet.online	"
"netflx00102.info	"
"cainter0001.live	"
"lnte-rac-1mobile.co	"
"feescustoms-ire.com	"
"import-taxes.com	"
"anpost-postal-fee-acc.com	"
"etranscad9345.live	"
"www.anpostie-money.com	"
"postoffice-payments-portal.com	"
"recoveryfundingca.com	"
"gcloginra.info	"
"feesmobileonline.com	"
"interac-select.online	"
"caintera0001.live	"
"accreditationprogramrog.info	"
"tl-customersupport.info	"
"anpost-pay-ie-customs.info	"
"recoveryfundingca.ca	"
"vm3638220.24ssd.had.wf	"
"www.anpost-support-ie.com	"
"canada-recoveryfund.com	"
"etranscad8776.live	"
"icbcportal.ca	"
"costco-redeem-member-reward.ca	"
"comm.review-aus.com	"
"overchargepayback.com	"
"infohelp625374.com	"
"id7852.courmunicipalemontreal.ca	"
"id8117.montrealmuncipalcourt.ca	"
"viiiemontreai.ca	"
"id92847.rappelvillemontreal.ca	"
"uid8274.rappelmontrealville.ca	"
"commbank-login-au.com	"
"moneyjar-world.com	"
"anpost.customsfee-ie.com	"
"custom-feeire.com	"
"anpost-importfeesonline.com	"
"co-operative.reviewauth.com	"
"canada-recoveryfund.ca	"
"canada-recoveryfund.info	"
"canada-recoveryfund.net	"
"anpost.ie-customs-pay.co	"
"www.moboutagerefs.com	"
"interactonlinehelp.online	"
"int-rac-group-rev9834.info	"
"westpac-protect-login.com	"
"int-rac-group-rev98347.info	"
"annual21ref-here.info	"
"1rbc-no-reply.com	"
"re-imburse-can22-gc.ca	"
"int-rac-group-rev2878.info	"
"commbank.id-433.com	"
"errorpaymentsupport-netflix.com	"
"mobilefee-confirmire.com	"
"bmo.2online-app.nl	"
"onlineregistration-santander.com	"
"an.postservice-support.com	"
"postoffice-settlements.com	"
"post.at-paket.online	"
"fees-iremobi.com	"
"etranscad5569.live	"
"mobile-irefee.com	"
"postalonlinepayment.com	"
"et-gstpay.co	"
"canadarev-deposit.cc	"
"reimbrsrogcare.info	"
"mobilecare.info	"
"anpost-imports-charges-acc.com	"
"anposts-payments-portal.com	"
"postalservice-fees.com	"
"anpost-pay-customs-ie.com	"
"trust-fund-partial-rev674.info	"
"tlmobility-support.info	"
"feesmobileire.com	"
"employmentagencyvoid.online	"
"employementvoidcra.online	"
"re-venucan2022.net	"
"westpac.one-auth.net	"
"re-turn-gc-serv1ces-can22.ca	"
"etranscad1434.live	"
"costco-annual-membership-reward.ca	"
"costco-wholesale-redeem-reward.ca	"
"comm.aus-internet.com	"
"icbconlineservices.ca	"
"gsn-tx2021comp.info	"
"ntsd-2scrcan-gsc.services	"
"vrfntflix.info	"
"an-post-fees.info	"
"import-onlinetaxes.com	"
"an-post-delivery-pay.com	"
"anpost-postalfee-acc.com	"
"mobibnc-trust.co	"
"canada-recoveryfund.org	"
"postoffice-importfees.com	"
"payca0001.co	"
"etransca.ca	"
"anpost.ie-customs-pay.info	"
"recoveryfundca.ca	"
"recoveryfundca.com	"
"depo-scotiatrust.info	"
"in-trac-trust-rev7894.info	"
"mobileca-revenue.com	"
"recoveryfundca.org	"
"costco-redeem-reward.ca	"
"revenuecanadapay.info	"
"correctionimpotca.com	"
"lloyds-unbind.com	"
"comm.support-aus.com	"
"anpost.ie-postal-pay-secure.com	"
"etransca4955.ca	"
"import-taxsupport.com	"
"livechk-update.info	"
"mobifees-ireconfirmation.com	"
"ptsb-mobile.com	"
"an.postmoney-help.com	"
"anpost-postal-fee.com	"
"postoffices-importfee.com	"
"w1r3l3ssr063rstr4n5f3r.com	"
"etrfrca0001.co	"
"mobi-irefee.com	"
"postoffices-importfees.com	"
"maxinfacemeasurecan247ca.com	"
"icbcredirect.ca	"
"anpost.ie-customs-pay.cc	"
"in-trac-program-rev674.info	"
"bell-canada-verification.info	"
"mobile-irefeeonline.com	"
"auspost.postal-pay.me	"
"errorpaymentsupport.com	"
"interactmoneytransfer.com	"
"cad02-etr.info	"
"catrans1928.co	"
"138.197.109.69	"
"anpost.ie-secure-fee-pay.com	"
"irefeesonline.com	"
"co-op.review-auth.com	"
"anpost-ie-customs-pay.com	"
"mobiptsb.com	"
"www.carbontax-caip.xyz	"
"www.carbontax-caip1.xyz	"
"www.carbontax-caip3.xyz	"
"www.carbontax-caip4.xyz	"
"www.carbontax-caip2.xyz	"
"scotiabank.2online-app.nl	"
"encatrans1726.co	"
"etr-inter01.info	"
"comm.aus-review-info.com	"
"transferviapages.com	"
"transfer-etr001.info	"
"scotiabank.mobile-info2.nl	"
"etransca8989.ca	"
"service-scotiatrust.com	"
"tl-clientupdate.info	"
"an-post-pay.com	"
"an-post-pay-fee.com	"
"feeire-mobicustoms.com	"
"irefeesmobicustoms.com	"
"anpost.ie-postage-secure.com	"
"feesmobilecustoms.com	"
"anpost-onlinepostal-service.com	"
"mutualmaxcanfortune247ca.com	"
"recoveryfundsca.net	"
"anpost.ie-customs-pay.in	"
"customsfeeiremobi.com	"
"rogersqapp.com	"
"managementcarriernation.click	"
"feemobilecustoms.com	"
"anpost.customerfee-ie.com	"
"costco-claim-reward-coupon.ca	"
"in-trac-supply-rev3467.info	"
"digital-service.ca	"
"icbcengine.ca	"
"mobicustomfeeire.com	"
"incom1invoice.net	"
"encapayrfr1827.co	"
"transferviarogers.com	"
"etr-transfer01.info	"
"auspost.au-fee-pay.com	"
"etransca1198.ca	"
"costco-members-reward-redeem.ca	"
"comm.au-validate-info.com	"
"costco-annual-client-reward.ca	"
"arq-fonds-depot.info	"
"secure-funds.redirectme.net	"
"interaconv2.one	"
"filxinet.com	"
"interaconv2.xyz	"
"rogers-allowance.com	"
"payca10001.co	"
"interaconv2.monster	"
"mobiconfirmire-fees.com	"
"rog-indemnclientid98769.tk	"
"www.rog-indemnclientid98769.tk	"
"mobile-postoffices-payment.com	"
"emtpay10001.ca	"
"anpost-customscharge.com	"
"op-fi.co	"
"islandprobagandacomu247ca.com	"
"transfer-etr01.ca	"
"transfer-gov.ca	"
"recovery-funds.ca	"
"recoveryfunds.ca	"
"in-trac-hst-eservices679.info	"
"costco-redeem-your-reward.ca	"
"costco-membership-redeem-rewards.ca	"
"feemobile-customsire.com	"
"anpost.ie-pay.in	"
"import-taxpayable.com	"
"managementwirelessreturnvoid.xyz	"
"invoic3pay3ment.net	"
"bell-canada-verify.info	"
"telusrebates-return.ca	"
"telusrebates-returns.ca	"
"inter-etr78.info	"
"icbcplan.ca	"
"secureterac-deposit.live	"
"online-transfer.ca	"
"interac.online-transfer.ca	"
"etransca9101.ca	"
"capay0001.ca	"
"secureterac-deposit.cc	"
"scotiabank.online-auth.nl	"
"pymtflix.top	"
"2022climatetx.net	"
"secure-scoverify.live	"
"invoice1refund.net	"
"id3456.torontopayment.com	"
"scotiabank.secure-user.nl	"
"icbc2rebate.info	"
"servscad00294.info	"
"anpost-helpreschedule.com	"
"online-service.ca	"
"telecommcanada.com	"
"etransca5978.ca	"
"anpost.customersfee-ie.com	"
"anpost-imports-charge-acc.com	"
"motionfoxvelocity247govca.com	"
"three-customersupport.com	"
"mobifee-ireconfirmation.com	"
"calderamanumaxtranscan247ca.com	"
"anpost.ie-customs.in	"
"costco-members-redeem.ca	"
"catelecommmun.com	"
"incom2invoice.net	"
"portalgocra.info	"
"amasonne.com	"
"anpost-deliveryhelp.com	"
"in-trac-benefits-rev879.info	"
"manumarkemtech247cantransca.com	"
"sendpay10001.ca	"
"gsn-tx1eturn2021.info	"
"acptemtca1001.ca	"
"c0mplete-here2021.info	"
"aus-post.au-fee-pay.com	"
"etransca4434.ca	"
"comm.review-info-au.com	"
"view-coupon-reward.ca	"
"icbcrental.ca	"
"cra-servicetrust.com	"
"manage-my-annual-reward.ca	"
"rbc-safety.com	"
"rbc-safety1.com	"
"crn-1323.one	"
"commbank-secure-login.com	"
"feemobi-customsonline.com	"
"feecustomsmobi.com	"
"rbc-mobile-help.ru	"
"mobicustomfee.com	"
"anpost-helpdeliver.com	"
"mobile-postoffices-paylink.com	"
"anpost-reschedule-service.com	"
"txtmsgtransca.com	"
"ca10001pay.com	"
"anpost.deliverfee-ie.com	"
"aysent10001.com	"
"sentfunds10001.com	"
"an.post-ie-service.com	"
"an.post-support-ie.com	"
"anpost.ie-pay.info	"
"transfer-et001.ca	"
"in-trac-individual-plan456.info	"
"uber-one.co.uk	"
"reschedulehelp-anpost.com	"
"ire.feecustommobile.com	"
"canadasrecoveryfunds.ca	"
"recoveryfundca.net	"
"icbcnetwork.ca	"
"transfersviews.com	"
"crataxfiling.net	"
"signin.cdnalerts-netflix.com	"
"signin.servicealerts-netflix.com	"
"c-r-a-return.com	"
"etransca9089.ca	"
"redeem-your-personal-reward.ca	"
"usrbllredm.net	"
"etservontario.com	"
"membership-coupon-reward.ca	"
"commbank.mobile-secure.info	"
"comm.personal-aus.com	"
"online.feesmobi-custom.com	"
"signin.servicealerts-netflix.ca	"
"signin.accountalerts-netflix.ca	"
"signin.profilealerts-netflix.ca	"
"postoffices-paylink.com	"
"ire.feecustom-mobi.com	"
"etransca5477.ca	"
"feecustomsie.com	"
"encaemt0001.ca	"
"moralchartredemption-transcan247ca.com	"
"an.post-via-help.com	"
"post-via-help.com	"
"anpost-delivery-reschedule.com	"
"anpost-reschedulenow.com	"
"helpreschedule-anpost.com	"
"custom-mobifees.com	"
"recoveryfundcanada.ca	"
"recoveryfundcanada.org	"
"anpost-customs-ie-pay.in	"
"transfer-cad01.ca	"
"anpost-payreschedule.com	"
"ncasent7272.com	"
"annual-members-coupon-reward.ca	"
"in-trac-collect-serv674.info	"
"feescustom.com	"
"icbcrebates.ca	"
"icbcmanagement.ca	"
"etransca7779.ca	"
"squarepay0001.ca	"
"commbank-mobile-login.info	"
"amazon.secure-user.nl	"
"transcan-multimaxexpeditioncan.com	"
"feemobi-customs.com	"
"etransca5557.ca	"
"an-post-pay-onlinefee.com	"
"up-verify-identity.com	"
"customsirefee.com	"
"an-post-custom-fees.com	"
"anpost-package-import-fee.com	"
"an-post-customs.com	"
"my.threehelp-ie.com	"
"anpost.customs-ie.in	"
"cad01-transfer.ca	"
"anpost.ie-pay-customs.in	"
"stripepayr0001.ca	"
"invoice2refund.org	"
"anpost.ie-pay-package.in	"
"return-notify-cad.info	"
"member-reward-coupon.ca	"
"auspost.au-pay-fee.com	"
"members-personal-reward.ca	"
"transfertexts.com	"
"rogers-servfund.info	"
"commbank-login.info	"
"interaccorpdeposit.com	"
"scotiabank.online-user.nl	"
"aib-securecheck.com	"
"online-postoffice-dutyfees.com	"
"service-return-notify.com	"
"verify-uber.com	"
"customer-reward-coupon.ca	"
"anpost.ie-package.in	"
"customs-irefee.com	"
"monerispay0001.com	"
"mobility-deposits.ca	"
"anpost.ie-pay-parcel.in	"
"customsmobilefees.com	"
"redeem-reward-coupon-member.ca	"
"comm.auth-review.com	"
"rogerscustomercare.ca	"
"asb-verify.com	"
"transfer-etca01.ca	"
"ab-transfer-service.com	"
"auspost-au-package.com	"
"anpost.ie-helpteam.com	"
"rvn-amountdetails.info	"
"viatransfersinfo.com	"
"clearpay0001.ca	"
"members-reward-coupon.ca	"
"amaz011.xyz	"
"anpost-postal-fees.com	"
"feemobicustoms.com	"
"anpost.supportcentre-ie.com	"
"etranscad9008.ca	"
"ontario-caip.ca	"
"routemodelformula247can.com	"
"anpost.ie-post.info	"
"td-support.ca	"
"ca-recoveryfund.ca	"
"ca-recoveryfund.com	"
"digital-alb.com	"
"netflix-check1.com	"
"netflix-check.com	"
"asb.payee-added.com	"
"mycommbank-login.info	"
"service-rbctrust.com	"
"up-authorise-payment.com	"
"manage-2-percent-reward.ca	"
"firmpay0001.ca	"
"correctionimpotqc.com	"
"members-annual-reward-coupon.ca	"
"collect-annual-reward.ca	"
"ama1-zon-ca1ref.cloud	"
"ama1-zon-ca3.info	"
"ee-secure-link.com	"
"import-paytax.com	"
"metro-confirm-payment.com	"
"etranscad5656.ca	"
"taxfilingreturns.net	"
"anpost-delivery-reschedule-acc.com	"
"inter-actr01.ca	"
"cashback-amaz1-on.xyz	"
"member-reward-coupons.ca	"
"metro-verify-identity.com	"
"ca-ref12.xyz	"
"cashback-amaz1on-ref.info	"
"td-protect1.com	"
"td-protect.com	"
"elavonpay0001.ca	"
"id54606.torontocitycourt.ca	"
"anpost.ie-parcel.com	"
"anpost-paycustoms.com	"
"members-reward-coupon-validate.ca	"
"service-return-cra.com	"
"interaq.ca	"
"comm.aus-secure-info.com	"
"interacs.ca	"
"id24571.serviceontarioreminder.ca	"
"mycomm-cancel.com	"
"txcanadacorrection.com	"
"up-payee-verify.com	"
"auspost-au-online.com	"
"mobi-auspostfee.com	"
"outage-rogers.mobi	"
"anpost-postals-fee.com	"
"anpost.deliveryfees-ie.com	"
"help.metro-confirmation-payee.uk	"
"rogers.auto-pay.nl	"
"365online-security-services.com	"
"stripepayca0001.ca	"
"etranscad1545.ca	"
"int-eracetr01.ca	"
"f1ndcanadiianass1stanc3eplann.com	"
"7813.infractionmontreal.ca	"
"id1171.courvillemontreal.ca	"
"anpost.ie-package.co	"
"member-personal-reward-coupon.ca	"
"dirctdepositecan.net	"
"annual-wholesales-returns.info	"
"lnterac-mobi1e-noreply.ru	"
"etranscad0989.ca	"
"climateactionpay.com	"
"inter-shdep115.online	"
"2etservs-on.info	"
"access-member-reward-coupon.ca	"
"members-2-percent-reward-coupon.ca	"
"co-op.review-2fa.com	"
"post.at-paket.net	"
"auspost.via-package.com	"
"anpost-redeliver-parcel.com	"
"alert-358959.com	"
"assistance-banque-nationale.ca	"
"coupon-wholesale.info	"
"etranscad7668.ca	"
"anpost.ie-customs-centre.in	"
"stripepaye0001.ca	"
"feesmobicustoms.com	"
"detailsviatransfer.com	"
"paysquare1001.ca	"
"reclaim-mobility-funds.ca	"
"rogerscustomercares.org	"
"auspost.au-pay-secure.com	"
"lnteracgov.ca	"
"assistance-banque-national.ca	"
"collect-personal-member-coupon.com	"
"auspost.via-postal.com	"
"scotiabank.online-verify.nl	"
"intracflash.online	"
"etranscad8980.ca	"
"filecorrection.com	"
"myservicegcy-here.info	"
"lastreminder-annualref.info	"
"td.easyweb-user.nl	"
"userinfobill.com	"
"royalbankofcanadaid.ca	"
"royalbankofcanadaid.com	"
"id2821.rbconlineaccess.ca	"
"unregister-lloyds.com	"
"anpost.customers-ie.com	"
"anpost-package-reschedule.com	"
"cancel.halifax.uk.device-258472.com	"
"icbcfacility.ca	"
"scotiaonline-authenticate.com	"
"overcharge-center.info	"
"claim-annual-costco-coupon.online	"
"td.personal-easyweb.nl	"
"reschedulehelp-anpost-delivery.com	"
"secure.nationwide.uk.account-35896420.com	"
"amznbanking.link	"
"vacantpositions.info	"
"bell-personal.online	"
"mobi.amznbanking.com	"
"review.santander.uk.account-593955.com	"
"review.halifax.uk.account-935360.com	"
"e-transfer01.ca	"
"monkeypoxbenefit.com	"
"climateactioncanada.org	"
"climateactionscanada.com	"
"et-lnteracc.com	"
"2servicecanada.info	"
"1servicecanada.info	"
"view-reward-members.ca	"
"bell-noreply.info	"
"lnterac-etransfer.ru	"
"td.comleasyweb.nl	"
"td.trust1-auth.com	"
"canadatrust.comleasyweb.nl	"
"comleasyweb.nl	"
"infoalerts.nl	"
"rbcroyale-trust.com	"
"anpost-package-acc.com	"
"overcharge-noreply.info	"
"rogerscustomersupport.ca	"
"clearlypay0001.ca	"
"govbenefitdeposit.com	"
"govcanadatransfer.com	"
"visa-atb.com	"
"comm.au-info-aus.com	"
"visasecure-atb.com	"
"atbfinancial-visa.com	"
"personal-executive-reward.ca	"
"reward-end-year.ca	"
"visa-atbfinancial.com	"
"visa-atbpurchases.com	"
"atbfinancial-secure.com	"
"see-your-reward.ca	"
"ca-ref73280.co	"
"ca-ref1637.co	"
"climateimpactca.com	"
"cra-trust.com	"
"rogersrebatechats.ca	"
"ca-agency.com	"
"tr-intera01.com	"
"elavonpaynb0001.ca	"
"incom11invoice.pro	"
"reference8835.in	"
"directbenefitdeposit.com	"
"directcanadatransfer.com	"
"ca-ref6292.co	"
"nb-redirect-aus.com	"
"mycomm-verify-login.com	"
"comm.aus-personal.com	"
"returnube.info	"
"review.nationwide.uk.account-3583698.com	"
"review.santander.uk.alert-074924.com	"
"account-358369.com	"
"alert-074924.com	"
"customsmobi-anpostfee.com	"
"postoffice-mobilepayments.com	"
"anpost.customstracking-ie.com	"
"anpost-reschedule-package.com	"
"anpost.hub-via.com	"
"e-transfer87.com	"
"incom11invoice.info	"
"feespostofficecustoms.com	"
"amazoncompte.com	"
"shopifypayca0001.ca	"
"mobipostoffice-ire.com	"
"secur-relinkgvy.info	"
"noreply-valid.xyz	"
"auspost.au-fee-secure.com	"
"shakepay10001.ca	"
"stripemoneyca0001.com	"
"members-reward-view-coupon.ca	"
"collect-annual-member-coupon.com	"
"upmoney-secure-link.com	"
"aupost-via.com	"
"mycomm-unusual-login.com	"
"bend1go-eb-redirect.com	"
"members-get-annual-reward.ca	"
"www.canadianrevenue.xyz	"
"canadianrevenue.xyz	"
"comm-au-decline.com	"
"ca-ref6291.co	"
"feemobipostoffice.com	"
"info-update.online	"
"an-post-package-reschedule.com	"
"etranscad8558.ca	"
"wholesale-annual-services.info	"
"e-transfer001.ca	"
"anpost.customref229-ie.com	"
"claim-personal-member-coupon.com	"
"bchydroclients.com	"
"bchydrosecure.com	"
"lnterac-etransfer-deposit.ru	"
"anpost-customs-fee.in	"
"wealthsimplepay0001.ca	"
"in-trac-laws-saving676.info	"
"can-govemt.ca	"
"sh-scotiabank.com	"
"serviceontarioemt.ca	"
"comptedeamazon.com	"
"govdirectbenefits.com	"
"govdirectdeposit.com	"
"etranscad1445.ca	"
"samsungpayca0001.ca	"
"rogersviatransfer.com	"
"k8-scotiabank.com	"
"bendigo-decline-au.com	"
"rogersrebatechat.us	"
"comm.au-info-secure.com	"
"anpost.customsfees-ie.com	"
"nab-decline-ib.com	"
"anpost-online-reschedule.com	"
"nab-ib-online.com	"
"climateaction2022ca.com	"
"ca-ref738ie.xyz	"
"mobipostofficefeeire.com	"
"rideeatsrewards.com	"
"import-payableservice.com	"
"approvedcarriercredits.click	"
"etranscad5567.ca	"
"anpost.support-customerservice-ie.com	"
"members-loyalty-reward.ca	"
"get-personal-reward.ca	"
"mobifeespostofficeire.com	"
"myrev-on.info	"
"rogermobility.online	"
"anpost-fee-customs.in	"
"wholesale-coupons.info	"
"cancel.halifax.uk.device-548576.com	"
"review.nationwide.uk.card-427584.com	"
"versapayca0001.ca	"
"clearpays.ca	"
"netflixaccount-payment-update-acces.top	"
"politicnetflixrefundpayment.top	"
"rogersrebate.us	"
"et-ontariorev.info	"
"ca-interacreturn.info	"
"comm.review-activity-au.com	"
"cad450etr.ca	"
"netsupport.sale	"
"commnetcode-aus.com	"
"rbc-defend.com	"
"rbc-defend1.com	"
"blocked-transactions.ru	"
"login-mycomm-dashboard.com	"
"shakepay1001.ca	"
"uni-viacaja.top	"
"verifyinteratransfer.online	"
"irefeepostoffice.com	"
"cadrevenuedeposit.online	"
"importfeesunpaid.com	"
"www.lntrac.ca	"
"6h-scotiabank.com	"
"1n-royalbank.com	"
"anpost-pay-customs.in	"
"update.amazon.uk.account-474939.com	"
"lloyds-registration.com	"
"www.returnprocessorpay.ca	"
"anpost-pay-fee.in	"
"importcustomsfeeunpaid.com	"
"teluvalidates.top	"
"employmentrevenuevoid.site	"
"anpost-fee-pay.in	"
"applerfdsca0001.ca	"
"mobipostofficeireonline.com	"
"rogers-outage.mobi	"
"etranscad1331.ca	"
"america-check.com	"
"td.trust1auth.com	"
"scotiaonline1-scotiabank.com	"
"scotiaonline2-scotiabank.com	"
"govfederaldeposit.com	"
"benefitsdeposit.com	"
"mycomm-dashboard-login.com	"
"lnterac.online	"
"lnteracrefrogers.com	"
"agency-ca.com	"
"nab-access.com	"
"fido-outage.mobi	"
"telusrebates.com	"
"nb-redirect-ib.com	"
"microcsoftwareportal247ca.com	"
"postoffices-dutyfees.com	"
"bendigo-decline-eb-au.com	"
"anpost-package-reschedule-acc.com	"
"etranscad8010.ca	"
"coupons-wholesale.info	"
"tdcust0merrn0tice532.com	"
"450cadetr.ca	"
"signin.alerts-netflix.ca	"
"login.alerts-netflix.ca	"
"secure.alerts-netflix.ca	"
"alerts-netflix.ca	"
"anpost.ie-fee.in	"
"icbcreminder.ca	"
"mobretu.com	"
"govcanadabenefit.com	"
"chatrrefund.info	"
"flixcollect.ca	"
"ca-ref1278.cloud	"
"auspost-payment-au.com	"
"globalpayca0001.ca	"
"etranscad8887.ca	"
"comm.au-info-id.com	"
"reward-coupon-for-member.ca	"
"rbclockedaccess.info	"
"ca-ref20948.live	"
"ca-ref63738.co	"
"lloyd-s.co.uk	"
"mobi-revolutprimary.com	"
"ca-ref12786378993290038.cloud	"
"halifax-registration.co.uk	"
"caservicetrust.live	"
"etranscad7775.ca	"
"tr-refundcare-plan784.info	"
"collect-member-annual-coupon.ca	"
"td-canada-trust.ca	"
"citi.review-2fa.com	"
"canadawiiir3l3ss23.com	"
"directcanadabenefit.com	"
"directfederaldeposit.com	"
"etr-ca85.ca	"
"view-my-personal-reward.ca	"
"monerisca0001.ca	"
"tdbank-onlinebanking.com	"
"etranscad5556.ca	"
"comm.review-id-au.com	"
"federalservicedeposit.com	"
"verify-mycomm-dashboard.com	"
"connection-int.xyz	"
"parkingvancouver.ca	"
"id7199.parkingvancouver.ca	"
"id7188.parkingvancouver.ca	"
"etranscad1119.ca	"
"secure13-royalbank.com	"
"aib-online-verify.com	"
"td-bank-canada.ca	"
"anpost.fee-ie.in	"
"icbcpayment.com	"
"inct21-connect.com	"
"secure12-royalbank.com	"
"digitalpayca0001.ca	"
"etranscad5550.ca	"
"auspost.via-start.com	"
"member-annual-coupon-return.ca	"
"rgrs-connect.com	"
"rgrs-app7.com	"
"tls-customersupport.info	"
"import-taxfeeunpaid.com	"
"anpost-parceldeliveryservice.com	"
"5.252.177.52	"
"anpost.pay-ie.in	"
"canada-costco-redeem2percent.com	"
"00-id13365.ca	"
"www.00-id13365.ca	"
"icbcagency.ca	"
"teluspoliticsreturn.top	"
"authentication-td.ru	"
"rogersentvia.com	"
"0f0-id13365.ca	"
"wiredpayca0001.ca	"
"etranscad5577.ca	"
"primereturn.info	"
"electronicpayonline.ca	"
"comm.id-review-info-au.com	"
"mycomm-dashboard-verify.com	"
"electronicpay.ca	"
"commbnk-online-redirect.com	"
"transferservicesca.com	"
"lloyds-deregister.com	"
"lloyds-unregister.com	"
"lt-interneto.top	"
"anpost-parcelonline-service.com	"
"transferonline.ca	"
"interac.transferonline.ca	"
"postoffices-customfees.com	"
"etranscad1223.ca	"
"manage-member-reward.ca	"
"authentication-easyweb-login.ru	"
"anpost.fee-ie.co	"
"revagencyclaim.ca	"
"netflx01201.info	"
"transferserviceca.com	"
"bell-connect.ca	"
"directcanadaservice.com	"
"directdepositprocess.com	"
"amazomreturn.info	"
"nzpost.nz-co.com	"
"anpost.pay-ie.co	"
"automatedpay.ca	"
"rebate-incentives.com	"
"immediateverification.online	"
"etranscad9933.ca	"
"onlineinv001.ca	"
"www.onlineinv001.ca	"
"submitpayonline.ca	"
"claim-transfer.com	"
"apple.pay-id0142.com	"
"compteamazonqc.com	"
"anpost-redeliverypaymentservice.com	"
"federalcanadiansdeposit.com	"
"mybellca.com	"
"anpost-ie-fee.co	"
"an.post-respond.com	"
"secure18-royalbank.com	"
"scotiaonline24-scotiabank.com	"
"system-paymentfail.info	"
"anpost.pay-ie.com	"
"returnoutage.com	"
"electropaypay.com	"
"bellwireless.online	"
"federalfinancialdeposits.com	"
"canadianfinancialfederal.com	"
"netflixpoliticspayment.top	"
"auspost.via-respond.com	"
"et-intrac.ca	"
"networkpay0001.ca	"
"downoutage.com	"
"fido-servfund.info	"
"canadianfederalgov.com	"
"canadiansdepositfinancial.com	"
"carrier-return.ca	"
"paycent.ca	"
"rbc-verification3.com	"
"rbc-verification4.com	"
"login-mycomm-dashboard.info	"
"an.post-ie-centre.com	"
"paypaldigitalpay.ca	"
"nationalbg-secure.com	"
"anpost-parcel-onlineservice.com	"
"santander-pt.co	"
"cibcnow.online	"
"santander-pt.in	"
"netflix-checkup.com	"
"netflix-checkup1.com	"
"canadafederalgov.com	"
"govcanadafederal.com	"
"scotiaonline18-scotiabank.com	"
"anpost.post-ie-parcel.com	"
"santander-pt.cc	"
"scotiaonline29-scotiabank.com	"
"import-onlinetaxunpaie.com	"
"re-fund-plan-supply4566.info	"
"santander.pt-co.in	"
"mobileautopay.ca	"
"claimyourfundshere.com	"
"etinterac.com	"
"etranscad8880.ca	"
"ca-lnterac.online	"
"fi-50.com	"
"redirectgovservice.com	"
"govdirectrefund.com	"
"emobilepay.ca	"
"bendigo-eb-redirect.com	"
"scotiaonline30-scotiabank.com	"
"service-team-ie.com	"
"anpost.service-team-ie.com	"
"anpost-feespay.com	"
"an-postpayfee.com	"
"ayuda-viacaja.top	"
"tdtrustweb.com	"
"anpost-reschedulepackage.com	"
"etranscad6700.ca	"
"mobile-returndepartment.com	"
"unicaja.es-segura.net	"
"depositmobiles.ca	"
"return-system90.info	"
"netflix-subscription.top	"
"anpost.centre-ie.in	"
"secure-rbcbank.net	"
"in-trac-phone-support.info	"
"interacsecuritysession.online	"
"interacsecuresession.online	"
"coupon-for-member.ca	"
"anpost-centre-ie.com	"
"transfersentviatext.com	"
"telus-security.ca	"
"www.recover-wallet-au.com	"
"telusservicesca.com	"
"etranscad8890.ca	"
"bendigo-security-eb.com	"
"emobilepayca.ca	"
"rogeraccreditationprogram.info	"
"scotiabank-scotiaonline.com	"
"federaldepositservices.com	"
"canadiandepositservice.com	"
"et-redirectdeposit.com	"
"govdirectbenefit.com	"
"smsmoneytransfer.com	"
"commbnk-security-redirect.com	"
"canadagouvv.online	"
"canadagouvv.com	"
"anpost.ie-supportcentre.com	"
"rogers-return.top	"
"employementvoidgov.xyz	"
"royaltrustrbc.com	"
"onlinebanking-scotiabank.com	"
"wirelesscare-re-fund.info	"
"rewardscostcpoints.online	"
"cra-tax-return.ca	"
"outagecompensation.com	"
"verifyetransfer.online	"
"bellmoblity.com	"
"taxfilingarc.info	"
"cadrebateon2022.com	"
"pay-interac.top	"
"insttafundup2336.com	"
"epayonline.ca	"
"serviceontarrio.online	"
"parkinginfraction.ca	"
"anpost.service-support-ie.com	"
"mobifee-irepostoffice.com	"
"centfunds0009.ca	"
"anpost-paymentauthservice.com	"
"canadrevenuagency.top	"
"feespostofficeie.com	"
"mobile-irerev.com	"
"id5406.torontocitycourt.ca	"
"transfersviamsg.com	"
"mondepot.ca	"
"mobipostofficeconfirm.com	"
"can-etr001.info	"
"govfederalservice.com	"
"directbenefitservice.com	"
"bell-service.top	"
"revmobileprimary.com	"
"canada-gouv-revenue-agency-tax.buzz	"
"etrca-serviceontario.info	"
"canadaagencyreturntaxes.top	"
"etranscad4448.ca	"
"auspost.service-via.com	"
"returnedoutage.ca	"
"mobilitybell.ca	"
"commbank-security-ib-redirect.com	"
"bendigo-decline-redirect-eb-au.com	"
"easyrebate-incentives.com	"
"customer-refunds.redirectme.net	"
"anpost.recover-ie-team.com	"
"refundphonecarrier.info	"
"etranscad3337.ca	"
"signin.member-netfiix.ca	"
"signin.profiles-netfiix.ca	"
"signin.profilesecurity-netfiix.ca	"
"signin.securitycheck-netfiix.ca	"
"scotiaonline-client.com	"
"importunpaid-feesupport.com	"
"directservicedeposit.com	"
"govservicedeposit.com	"
"ccana4d4afre3sserviice3737.com	"
"can-transfe875.ca	"
"on.59241.torontopayment.ca	"
"rspreturn.ca	"
"collect-2022-member-coupon.ca	"
"lnteracverificationsession.online	"
"auspost.recover-au-parcel.com	"
"federalcanadiangov.com	"
"federaldepositgov.com	"
"nzpost.nz-pay.online	"
"etranscad5511.ca	"
"medicare.status-44.com	"
"et-customersupport.info	"
"ioufunds.ca	"
"fi-re101.com	"
"mediaflix-easyweb.com	"
"amazon-client-care.co	"
"amazon-client-care.info	"
"amazon-clientalert.info	"
"amazon-safecenter.info	"
"amazon-help-center.info	"
"abacuslab.us	"
"nab-decline-au.com	"
"anpost.support-ie-team.com	"
"anpost.ie-secure-fees.com	"
"anpost-rescheduleacc.com	"
"authentication-t1-d.com	"
"et-intr785.info	"
"etranscad1919.ca	"
"canad01-etr.ca	"
"viewinbrowser.ca	"
"anpost.centre-pay.com	"
"intracdep.link	"
"interac.transfer-login.ca	"
"transfer-login.ca	"
"returns-cadrevenuegency.com	"
"telus-account-payment.top	"
"trustclientrbc.com	"
"anpost-centre-ie.in	"
"members-cash-back-coupon.ca	"
"canadianservicebenefit.com	"
"canadianbenefitsdeposit.com	"
"financialfederalgov.com	"
"federalcanadiansgov.com	"
"abzajs18.com	"
"icbc.transfer-login.ca	"
"rogers.transfer-login.ca	"
"comm.info-mobile-au.com	"
"etranfserdeposit.info	"
"infosecures.xyz	"
"nab-redirect.com	"
"helpnow-589.com	"
"amazon-customer-center.online	"
"amazon-safety-center.online	"
"nab-capchat.com	"
"77859.torontocitypay.ca	"
"on.42423.infractionscollection.ca	"
"cragov-arccc.ca	"
"open24-log.com	"
"lnterac-online.ca	"
"anpost.ie-centre-pay.in	"
"1ccan4daan0fee3servi1c3e860.com	"
"teluscompensationsecure.online	"
"import-taxduties-ie.com	"
"anpost.centre-ie.co	"
"canadacrabenefits.com	"
"federalfinancialbenefits.com	"
"telusgroupsupport.com	"
"ottawa.transferonline.ca	"
"icbc.transferonline.ca	"
"mobianpostfees-ire.com	"
"fidowirelss.online	"
"lnterac-check.com	"
"lnterac-check1.com	"
"anpost.fee-centre.com	"
"carrierphone.info	"
"primereturn.online	"
"amazomreturn.online	"
"govinfotransfer.com	"
"govinfodeposit.com	"
"comm.rev-info-au.com	"
"920dab9b-3ab0-c907-597a-843dfef81bac.com	"
"alert.error-aus.com	"
"web.help-aus.com	"
"amazon-security-center.online	"
"govofalbertaservices.com	"
"nab-getaway.com	"
"on.18471.infractionstoronto.ca	"
"on.18471.toinfractions.ca	"
"on.18471.torontoinfractions.ca	"
"secure.signin-uber.ca	"
"secure.login-uber.ca	"
"anpost-package-online.com	"
"telusgroupsupport.club	"
"etransferrecipent.online	"
"rogersmobile.online	"
"login.online-sabb.net	"
"climateaction2022.ca	"
"climateactionsbc.com	"
"climateactionont.com	"
"climateactionont.info	"
"rgrs-services22.info	"
"bcclimateaction.com	"
"rgrs-customerservice.info	"
"climateactionbc.world	"
"climateactionont.world	"
"cra-interac-mobil.com	"
"c4na4d4wiid3inst4trans4err9483.com	"
"submitdepositonline.ca	"
"carebate2022.com	"
"an.post-ie-package.com	"
"anpost.ie-fee-pay.in	"
"anpost.ie-pay-fee.in	"
"comm.info-acc-au.com	"
"crchrrfnd.online	"
"federaldepositfinancial.com	"
"2993.on.torontopay.ca	"
"2553.on.speedingtoronto.ca	"
"3545.torontoradarcontrol.ca	"
"5781.on.torontoreminderauto.ca	"
"87452.on.torontoautospeed.ca	"
"4358.on.infractionwarningtoronto.ca	"
"cra-taxrefund.top	"
"tls-clientsupport.info	"
"nab-auth.com	"
"autoplan-icbc.info	"
"et2cv5r-icbc.app	"
"open24-ptsblogin.com	"
"an.post-ie-helphub.com	"
"climateactionsca.live	"
"climateactionsca.org	"
"climateactionsca.world	"
"pstreturn.ca	"
"financialgovdeposit.com	"
"telus-refund.ru	"
"financialgovdeposits.com	"
"rogersoffer.nl	"
"employementvoid.online	"
"customs.mobianpost-fee.com	"
"climateactionsc.com	"
"inf2938.vancouverinfraction.ca	"
"supportoutage.com	"
"aus.post-au-package.com	"
"net-seriemovie.click	"
"canatr-in01.ca	"
"financialdepositfederal.com	"
"financialdepositfederalgov.com	"
"aus.post-au.net	"
"textransfervia.com	"
"securebillingserver.online	"
"comm.acc-au-info.com	"
"three-services-ie.com	"
"mobility-exat.com	"
"www.returnsteam-orc.net	"
"returnsteam-orc.net	"
"www.orc-returnsteam.info	"
"orc-returnsteam.info	"
"securebillingservice.online	"
"atb.enablevisa.com	"
"financialcanadiangov.com	"
"financialcanadiangovdeposit.com	"
"canadianfederaldepositgov.com	"
"returnedtelus.ca	"
"annualcashback.ca	"
"newalert.in	"
"gigadat.org	"
"secure.signinauth-netflix.com	"
"secure.loginauth-netflix.com	"
"login.secureauth-netflix.com	"
"signin.secureauth-netflix.com	"
"cadonreba2022.com	"
"chtrnfx.online	"
"govinfoprocess.com	"
"govfederalprocess.com	"
"federaldepositcanadians.com	"
"costco-wholesale-program.ru	"
"costco-wholesales.ru	"
"import-overduefee.com	"
"federalfinancialgov.com	"
"infosnetflix.ca	"
"interac-acceptcra.com	"
"385etr-cad.ca	"
"icbctransfer.ca	"
"comm.au-info-val.com	"
"comm.au-val-info.com	"
"renewal-ntflxsupport.com	"
"anpost-online-fee.com	"
"mobilereturn.ca	"
"secure.halifax.uk.deviceconf-643536.com	"
"telusgroups.support	"
"anpost-settlement.com	"
"anpost-reschedule-package-acc.com	"
"securedepsit-now.online	"
"interruptioncompensation.info	"
"unicajabanco.es-nu.com	"
"financialdepositgovfederal.com	"
"cancel.santander.uk.device-683553.com	"
"sercurebillingserver.online	"
"serverbillingsecurity.online	"
"online.lloyds.uk.confdevice-584356.com	"
"noreply-mobility.info	"
"anpost.service-fee.cc	"
"cellphonerefund.info	"
"federaldirectdepositgov.com	"
"comm.acc-val-info.com	"
"netbank-review.com	"
"acfbchildfamily.info	"
"mycomm-unusual-activity-login.com	"
"tl-customerhelp.info	"
"etransfer-pay.top	"
"wholesale-coupons.com	"
"et-lnteracpayment.online	"
"chtrnetrfnd.online	"
"et-lnteracservice.online	"
"et-lnteracsercurity.online	"
"et-lnteracsecure.online	"
"et-deposit.redirectme.net	"
"e-1re-ca.com	"
"be13-re.com	"
"detailed-verifi-now.net	"
"anpost.teamsupport-recovers.com	"
"op.fi-login.com	"
"anpost-reschedule-online-acc.com	"
"noreply-err.info	"
"seb-mobile-support.com	"
"depositfinancialgov.com	"
"moey.pt-nu.in	"
"secure.halifax.uk.numberconf-942753.com	"
"canada-funds-reply.ca	"
"activobank.pt-nu.com	"
"customs.mobilepostire.com	"
"lnterac-check2.com	"
"online-alberta.ca	"
"canadiansdepositgov.com	"
"etranscad8883.ca	"
"netflix-confirm.com	"
"netflix-confirm1.com	"
"450cad-etr.ca	"
"albertaservices.net	"
"cost-cowholesale.ca	"
"postnzmobi.com	"
"net-restore-access.com	"
"saaqpermisqc.com	"
"fairsent.ca	"
"cb.au-info-profile.com	"
"reward-coupon.online	"
"servfunds-telus.info	"
"ca57gu45li26co84pi457.info	"
"netbank-personal.com	"
"govofbcservices.com	"
"anpost.teamsupport-recovery.com	"
"cashback.reward-coupon.online	"
"import-newtaxduty.com	"
"an-post-office-pay.com	"
"accalter.info	"
"www.accalter.info	"
"financialdirectdeposit.com	"
"financialdirectdepositgov.com	"
"anpost.ie-service.in	"
"details-verify-now.com	"
"online-alb.com	"
"wirelesscare-customrs.sbs	"
"wholesalesystems22.info	"
"450cade-tr.ca	"
"icashpayonline.ca	"
"auspost.retrieve-supportcentre.com	"
"confirmation55227.com	"
"anpost.service-pay.co	"
"serv-canada-retours.com	"
"srv-int-retours.com	"
"permissaaq.com	"
"comm.info-rev-details.com	"
"cadiccbrebat2022.com	"
"atbpersonal-visa.com	"
"personal-atbvisa.com	"
"34.220.44.167	"
"accreditationfidoprogram.info	"
"service-return-canada.com	"
"mycomm.dashboard-login-secure.com	"
"fi-palvelut.top	"
"on.torontocityreminder.ca	"
"an-post-office-online.com	"
"anpost.retrieval-supportcenter.com	"
"an-post-office-preview.com	"
"anpost.ie-postal-fees.com	"
"mobilepostofficecustom.com	"
"import-supporttaxpayabale.com	"
"my.anpost-ie-ref17382ab.com	"
"federaldirectdepositfinancial.com	"
"fairstonepay.ca	"
"bcelectricitytrust.com	"
"www.etransferinteracmobile.support	"
"etransferinteracmobile.support	"
"www.rbcroyalbank.icu	"
"enterac.info	"
"rbcroyalbank.icu	"
"easywb.info	"
"textetransfer.com	"
"directdepositgov.com	"
"interac.icbctransfer.ca	"
"balancefund.info	"
"wholesale-membership.ru	"
"tl-customernotice.info	"
"tdcanada-debit-card.pics	"
"tdcanada-debit-card.xyz	"
"nab-redirect-ib-au.com	"
"et3qs7l-telus.info	"
"anpost.reclaim-supportcenter.com	"
"recipientpostloginnz.com	"
"an-post-ie-review.com	"
"anpost.ie-fees-postal.com	"
"consumersupport-en.ca	"
"an-post-confirm-online.com	"
"netflix.update-details.online	"
"directdepositfederal.com	"
"update-details.online	"
"collect-yearly-member-coupon.ca	"
"netflixupdate0.info	"
"trustinterac-ca.com	"
"service-canada-retours.com	"
"directfinancialdeposit.com	"
"return2022.online	"
"tax.return2022.online	"
"e-transferr.online	"
"1services-customcare.sbs	"
"paydirectonline.ca	"
"interc.support	"
"intsasent.ca	"
"cb.client-id-review.com	"
"mycomm-restore-access.com	"
"9181.torontoparkinginfraction.ca	"
"textetransfers.com	"
"mygov-aus-verification.com	"
"help-912.com	"
"interc.online	"
"et3qs7l-telus.com	"
"nzgovt-help.cc	"
"nab-banking.com	"
"import-charges.com	"
"anpost.importfee-supportcenter.com	"
"anpost.ie-fees-postage.com	"
"an-post-reviews.online	"
"telusmobil.com	"
"identity.telusmobil.com	"
"an-post-review-ie.info	"
"servicecadrebates.com	"
"an-post-online.info	"
"safewaypay.ca	"
"personalbankingprotection.com	"
"billing-details.top	"
"payment-anpost-dutyfees.com	"
"anpost-delivery-attempted.com	"
"anpost-service-ie.in	"
"outagereturned.ca	"
"financialgovbenefits.com	"
"quickbookspay.ca	"
"1customr-srvcesmaintenance.info	"
"accept-ca-interac.com	"
"nzpost.nz-secure.com	"
"450-etr.ca	"
"my.retrieve-auspost.com	"
"www.lloyds-unpairdevice.co.uk	"
"auth-scotiaonline-scotiabank.com	"
"cra-ltneractpayments.info	"
"westpac-gateway.com	"
"applepay.via-cancel.com	"
"import-charge.com	"
"netflix-user.ca	"
"delivery-anpost.com	"
"neflixcanada.com	"
"cra-interac-claim.info	"
"mymobilitybillingupdate.com	"
"wireless-provider-care.info	"
"1servrefund-rogrs.info	"
"returngou-v1.ca	"
"www.cra-interac-claim.info	"
"rbcnotifications.com	"
"squareonline.ca	"
"recipientaupostal.com	"
"etcapay9959.ca	"
"medicare.via-kit.com	"
"mymobilityupdates.com	"
"td-logintdtrust.live	"
"td-isgood.xyz	"
"et-noticedetails.info	"
"bell-mobility.live	"
"cb.id-mobile-aus.com	"
"telus-assistance-client.one	"
"telus-safety-center.online	"
"boi365purchase-cancellation.com	"
"anpost.ie-fees-post.com	"
"onlinepurchase-cancellation.com	"
"op-banking.com	"
"an-post-ie-online.info	"
"www.orc-returns.net	"
"orc-returns.net	"
"wpasend.ca	"
"auth-review-ie.com	"
"anpost-redeliveryfee.com	"
"1wirelesscare-assistance.info	"
"sign-intrust-scotiaonline.com	"
"import-chargefee.com	"
"costco-member-reward-redeemable.ca	"
"american-check.com	"
"transferdirectdeposit.com	"
"directdepositfinancial.com	"
"etrans8887.ca	"
"permisdeconduiresaaq.com	"
"atb.client-conformation.com	"
"3323.torontoparkingpay.ca	"
"serv-returns-canada.com	"
"pluspay.ca	"
"revise-new-access.com	"
"catr-e450.ca	"
"help-912.online	"
"intracdep.online	"
"acc-9999309.online	"
"customerserv-1maintenance.sbs	"
"interc.live	"
"gangantconcour.online	"
"textsviatransfer.com	"
"rbcroyal.support	"
"bondprovinc-pbpp.ca	"
"td-team-online.team	"
"securetd-1inbox.com	"
"noreply-note.info	"
"atb.client-updtconfirmation.com	"
"re-apps-4234.com	"
"amazon-global-assistance.online	"
"an.postmoney-help-ie.com	"
"postoffice-dutyfees.com	"
"governmentdirectdeposit.com	"
"auth-verify-portal.com	"
"etrans7499.ca	"
"www.aib-unlink.com	"
"anpost-reschedule-service-acc.com	"
"netflxbillingrebate-en.ca	"
"import-chargeonline.com	"
"fidcampaign.info	"
"instapayonline.ca	"
"etransfer-pymt.top	"
"detailupdate.co	"
"anpost.centre-pay-ie.cc	"
"1auth-scotiaonline-scotiabank.com	"
"federaldepositfinance.com	"
"lnterac-confirm.com	"
"rbc-confirmation.com	"
"rbc-confirmation1.com	"
"outagebalance.ca	"
"bnzsupportidlogin.com	"
"intraclink.online	"
"textetransfersvia.com	"
"instasend.ca	"
"etrans3321.ca	"
"saaqpermis.com	"
"missed-parcel-auspost.com	"
"applepay.via-attempt.com	"
"amazon-safe-center.online	"
"t-d-949302-ca.com	"
"amazon-safe-platform.online	"
"depimtrac.com	"
"supportrbc-help.info	"
"cb.acc-au-app.com	"
"federalfinancedeposit.com	"
"support-sctia.info	"
"interactcrarefund.online	"
"inter-ca-h4929-42depo4.com	"
"e1-re-c49.com	"
"cxsbill-telus.info	"
"nab-authn.com	"
"anpost.ie-post-fees.com	"
"import-chargeservices.com	"
"verifybilling-three.info	"
"threeupdates-auth.online	"
"anpost.recovery-supporthub.com	"
"etrans6688.ca	"
"nab-secure-ib-au.com	"
"www.ie-billingalert.info	"
"financefederaldeposit.com	"
"cxsbill-telus.net	"
"danskebank.dk-konto.top	"
"uber-chats.us	"
"anpost-ie-customs.in	"
"reschedule-portal-ie.com	"
"ab-deposit.ca	"
"intraconline.online	"
"canclimateaction.com	"
"canclimateaction.net	"
"anpost-ie-fee.com	"
"rogersservices.online	"
"orderchats-uber.us	"
"qccprestation.live	"
"activateapplepay.info	"
"etrans9995.ca	"
"secure-inter.com	"
"ca-gov-annual-gst.ru	"
"permisquebec.com	"
"financedepositfederal.com	"
"tr-cad450e.info	"
"canadascotia-sign-intrust.com	"
"cell-promotions-sept.ca	"
"rewards-membership.ru	"
"telus-helpchats.us	"
"customerservs-1maintenance.info	"
"rogers-servfunds.info	"
"auspost.help-via.com	"
"info-alerts.net	"
"onlinesendpay.ca	"
"applepay.via-suspended.com	"
"ie-billingalert.info	"
"netbank-aus.com	"
"www.threeie-billingalert.com	"
"rogerswireless-com.mobi	"
"etransferdeposit.link	"
"scotiacatrust.com	"
"transfer.caip-on-gov.ca	"
"claim.caip-on-gov.ca	"
"claim.caip-on.ca	"
"transfer.caip-on.ca	"
"transfer.caipontario.ca	"
"claim.caipontario.ca	"
"claim.on-climateincentives.ca	"
"transfer.on-climateincentives.ca	"
"transfer.ontariocaip.ca	"
"transfer.ontarioclimateactionplan.ca	"
"claim.ontarioclimateactionplan.ca	"
"transfer.ontarioclimateincentive.ca	"
"claim.ontarioclimateincentive.ca	"
"transfer.ontarioclimateinitiative.ca	"
"claim.ontarioclimateinitiative.ca	"
"claim.ontariocaip.ca	"
"commbank-verify-redirect.com	"
"noreply-change.info	"
"an.postmanage-ie.com	"
"supportrbc.info	"
"itc-noticedetails.info	"
"pmtverified-netflix.ca	"
"mobilesecure-portal.com	"
"helpchats-uber.us	"
"lloyds.client.review-2fa.com	"
"et-federaldeposit.com	"
"anpost-ie.com	"
"danskebank.dk-alert.top	"
"rev-eforrm27.info	"
"albertaetransfer.ca	"
"three-ie.com	"
"claim-caipcanada.com	"
"claim-caipcanada.net	"
"claim-caipcanada.org	"
"returnoutage.ca	"
"1rgrswireless-custmerserv.info	"
"carevenue-depotmobile.me	"
"rbc-client-verification3.com	"
"services-return91.info	"
"redeliver-parcel-auspost.com	"
"saaqgouvpermis.com	"
"waysent10013.ca	"
"etrans6699.ca	"
"www.e4-securit2-t-3d.com	"
"e4-securit2-t-3d.com	"
"etransfer-lnterac.ca	"
"cb.val-info-app.com	"
"anzsupportid.com	"
"anzsupportidauth.com	"
"e4-sec-59t.xyz	"
"nab-redirect-secure-ib-au.com	"
"alert-comm.au	"
"nab-secure-redirect-ib-au.com	"
"anpost-rescheduling.com	"
"bnznewzlauthid.com	"
"rogersmyaccount.online	"
"etrans1144.ca	"
"canadian-transfer.com	"
"mobile-supportservices.com	"
"federalcanadagovdeposit.com	"
"nwrecipientlogin.com	"
"anpost-ie-services.in	"
"telusgroupedhelp.ca	"
"interactrustweb.com	"
"cadicbcreb1220.com	"
"royal-formupdate.info	"
"canadiansfederaldeposit.com	"
"digitalfedtransfert.com	"
"amazonecompany.ca	"
"pressend.ca	"
"ams-sga.cra-arc.gc.ca.e-transfer.space	"
"etrans5553.ca	"
"saaq-permis.com	"
"interac.primefido.ca	"
"secure.memberauth-netflix.ca	"
"secure.secureauth-netflix.ca	"
"secure.signinauth-netflix.ca	"
"secure.loginauth-netflix.ca	"
"secure.billingauth-netflix.ca	"
"secure.userauth-netflix.ca	"
"interac.bell-prime.ca	"
"can-etr99.ca	"
"secure.auths-netflix.ca	"
"login.auths-netflix.ca	"
"signin.auths-netflix.ca	"
"signin.userauth-netflix.ca	"
"login.userauth-netflix.ca	"
"login.billingauth-netflix.ca	"
"signin.billingauth-netflix.ca	"
"login.loginauth-netflix.ca	"
"signin.loginauth-netflix.ca	"
"login.signinauth-netflix.ca	"
"signin.signinauth-netflix.ca	"
"login.secureauth-netflix.ca	"
"signin.secureauth-netflix.ca	"
"signin.memberauth-netflix.ca	"
"login.memberauth-netflix.ca	"
"mobilitycustomercare.com	"
"ibnab-ausecload.redirectme.net	"
"anpost-online-service.com	"
"comm-sec-auth.com	"
"outage-credit.com	"
"rogers.outage-credit.com	"
"interac.mybell-en.ca	"
"financialdepositservice.com	"
"e-transfer.space	"
"barclays.profile-2fauth.com	"
"interac.unclaimed-funds.online	"
"anpost-parcel-ie.in	"
"can-costco-privilege.com	"
"can-depositdirect.com	"
"verif-process-rogers.com	"
"etrca-nflix.com	"
"updateinc.art	"
"1sevicescare-netfailure.info	"
"secure.auth-chase.com	"
"signin.auth-chase.com	"
"login.auth-chase.com	"
"secure.secureauth-chase.com	"
"login.secureauth-chase.com	"
"signin.secureauth-chase.com	"
"rogersgiftback-en.ca	"
"cacustomercare.live	"
"unclaimed-funds.online	"
"simplepayonline.ca	"
"qc.saaqmontreal.ca	"
"montreal.parkingville.ca	"
"qc.servicevillemontreal.ca	"
"25181.qc.montrealsaaq.ca	"
"auspost.reschedule-post.com	"
"financedepositsfederal.com	"
"e-1re-ca4.com	"
"rogers.ink	"
"chsmble1.com	"
"amzsprt.me	"
"icbc10100auth.com	"
"entrac-ca.mobi	"
"et7gtr5-auth1.info	"
"an-post-custom.support	"
"otb-online-transfer.info	"
"anpost-fees.online	"
"federaltransferservice.com	"
"aib-verification-online.com	"
"canada-direct-transfers.com	"
"updatebillinguber-en.com	"
"returns-91.online	"
"interac.returnoutage.ca	"
"tls-customernotice.info	"
"interac.bell-refund.ca	"
"interac.telus-surchargeremboursement.com	"
"infoupgrade.me	"
"1maintenance-wirelesscare.info	"
"instantdeposit.ca	"
"canadasclimateact.com	"
"canadaclimatepay.com	"
"canadasclimatepay.com	"
"canadasclimate.com	"
"paymentagencytransfert.com	"
"can-insurance.online	"
"nzpost-settlement.com	"
"ausposttracking.info	"
"etrans3337.ca	"
"federaltransferservices.com	"
"cra-arc.gc.ca.e-transfer.space	"
"updatecc.art	"
"cxz-telus.info	"
"cuth-scotiaonline-scotiabank.com	"
"lienssecurise-desjardins-marc.business	"
"mycommbk-ausec.redirectme.net	"
"www.secureautodeposit.ca	"
"comm-auth-sec.com	"
"icbc21001auth.com	"
"onlineaib-accsecurity.com	"
"online365-accsupport.com	"
"etrans8787.ca	"
"financialservicedeposit.com	"
"anpost.schedule-via.com	"
"commbank-validation.cc	"
"anpost-service-fee.in	"
"revenuquebecemploi.ca	"
"depositfederalservice.com	"
"depot-financier-canada.com	"
"powerm.info	"
"securepayonline.ca	"
"applepay.via-active.com	"
"via-active.com	"
"pay.apple-pending.com	"
"cra-arc.gc.ca.etransfer.notice0114718ca.services	"
"arc.gc.ca.ref-000184736ca.info	"
"updo.online	"
"gov.transferid99181.ca	"
"saaqpermisgouv.com	"
"customerservice-wholesale.shop	"
"customerservice-wholesale.net	"
"mycell-group-care4925.info	"
"interac.transferid99181.com	"
"netflix-setting-account.top	"
"craagency.online	"
"agencycra.info	"
"return-3339980.online	"
"mobilitycustomersupport.com	"
"bill-dept-telus.online	"
"canadaservicetransfer.com	"
"rebate-mobility.live	"
"etrsfr.cstcpitl.online	"
"1carrierservices-support.sbs	"
"myetupdate-cdn1.live	"
"myetupdate-cdn.live	"
"www.depositbalance.ca	"
"tmsecureintrac-deposit.ca	"
"mobileupdatebill.com	"
"www.tmsecureintrac-deposit.ca	"
"myetupdate-cdno.live	"
"an.post-ie-tracking.com	"
"auspost.package-via.com	"
"tdintellibanking.net	"
"traffic-violation.info	"
"parking-violation.info	"
"1torontodominion.com	"
"hsbc.profile-2fauth-review.com	"
"importonlinefee.com	"
"depositfinanceservice.com	"
"anpost-paymentaccservice.com	"
"depot-transfert-auto.com	"
"googlehcaptchaverification.info	"
"etransfer-interac-ref3728.com	"
"radar-ticket92.info	"
"etrans5550.ca	"
"handelsbanken.nl-identify.co	"
"radar-citytickets92.info	"
"carrier1services-maintenance.info	"
"my-netflix-payment-authentication.com	"
"anpost-fee-service.in	"
"transfer-digital.com	"
"depositservicefinancial.com	"
"radarticket.info	"
"2auth-scotiaonline-scotiabank.com	"
"mobilitybillingupdate.com	"
"bnasmartpay.ca	"
"simplii-policy.ca	"
"telusgroup.ca	"
"saaqpermisqc.ca	"
"inter-secure.info	"
"depositsafefunds.ca	"
"personalscotiatrustweb.com	"
"anpost.money-accountsupport.com	"
"cdntfr1001.com	"
"alert-cba.online	"
"amazon.ref-000184736ca.info	"
"amazon.notice0114718ca.services	"
"cade-tr001.ca	"
"et-alertdetails.info	"
"se-ont.com	"
"telus-helpchat.us	"
"service-agreement.net	"
"notice-wholesale.net	"
"transfert-autodepot-can.com	"
"identity-services.online	"
"mobirevprimaryire.com	"
"1carrierservices-maintenance.info	"
"etrans1100.ca	"
"climateactca.com	"
"climateactca.xyz	"
"climatecanada.xyz	"
"climatecanadacaip.xyz	"
"identity-verification-amazon.info	"
"processyourrefund.com	"
"servicedepositfederal.com	"
"securedtdpay.ca	"
"caetr-01.live	"
"updoinfo.art	"
"abonnement-online-tlix.click	"
"accessimmediately.com	"
"secure.auth-amazon.ca	"
"login.auth-amazon.ca	"
"signin.auth-amazon.ca	"
"secure.auths-amazon.ca	"
"login.auths-amazon.ca	"
"signin.auths-amazon.ca	"
"secure.authenticate-amazon.ca	"
"signin.authenticate-amazon.ca	"
"login.authenticate-amazon.ca	"
"login.web-amazon.ca	"
"signin.web-amazon.ca	"
"secure.web-amazon.ca	"
"secure.users-amazon.ca	"
"signin.users-amazon.ca	"
"login.users-amazon.ca	"
"login.profiles-amazon.ca	"
"signin.profiles-amazon.ca	"
"secure.profiles-amazon.ca	"
"secure.store-amazon.ca	"
"login.store-amazon.ca	"
"signin.store-amazon.ca	"
"190.14.37.195	"
"anpost.support-ref319475.com	"
"login.online-amazon.ca	"
"signin.online-amazon.ca	"
"secure.online-amazon.ca	"
"ca-rbcroyal.com	"
"ca-rbcroyal1.com	"
"secure.market-amazon.ca	"
"signin.market-amazon.ca	"
"login.market-amazon.ca	"
"westpac.secure-unusual-activity.com	"
"client-verification-online.info	"
"client-verifications-online.info	"
"client-verification-service.online	"
"client-verification-services.online	"
"importfeepay.com	"
"my.secure-portal.net	"
"mobirevoprimary.com	"
"uptoinfo.live	"
"anp-mobilesupport.com	"
"revmobiprimaryeu.com	"
"id.sakar-lank.net	"
"icbc01020auth.com	"
"lloyds.review-profile-2fa.com	"
"interaconline.3utilities.com	"
"an.postmoney-ie-help.com	"
"offences-parking.info	"
"violations-parking.info	"
"amazon.ref-015436ca.services	"
"offences-traffic.info	"
"recoverdkse.com	"
"genoprettenu.co	"
"barclays.review-profile-2fa.com	"
"financial-federal-deposit.com	"
"costco-annual-reward-membership.ca	"
"infobill-secu.online	"
"transfert-inter-can.com	"
"bmosecurefunds.ca	"
"www.amzsprt.me	"
"e-trcad01.info	"
"onlinebmopay.ca	"
"rbcac-cessline.store	"
"01-secure-scotia-dubank.com	"
"verifyscotiatrustweb.com	"
"emxcorp-alertnotice.info	"
"anpost-fee-service.co	"
"ref-000184736ca.info	"
"etrans0999.ca	"
"comm.app-sc-au.com	"
"cpvrfy.com	"
"etr-ca087.info	"
"canadafederal.com	"
"transfert-auto-depot-detail-secure.com	"
"importfee.com	"
"traffics-tickets.info	"
"radar-tickets.info	"
"telecom-serv-update.info	"
"parking-tickets297.info	"
"canadarevenueagncy.top	"
"servicesagreement.net	"
"tickets-parking22.info	"
"applepay.suspended-apple.com	"
"cdnsecureitrans.ca	"
"ref01734814.ga	"
"saaqpermis.info	"
"etrans7877.ca	"
"canadadepositfederal.com	"
"moneymartpay.ca	"
"id7195.calgaryinfraction.ca	"
"id8381.calgarycollections.ca	"
"secure-portalinfo.net	"
"comm-support-acc.com	"
"bendigo-auth-sec.com	"
"auspost.id-reschedule.com	"
"anpost.ie-postal-fee.co	"
"etrans4334.ca	"
"anpost.ie-fee-postal.co	"
"etransferorder.xyz	"
"federalhelppayment.com	"
"federalbenefitsdeposit.com	"
"e-trcad087.info	"
"charlottetowninfraction.ca	"
"netfiix-nopayment-chargeback.top	"
"mobianpostire.com	"
"atb.clientbanksupdt.com	"
"depositcanadianfederal.com	"
"alerte-banque-nationale.ca	"
"securecdnsent.ca	"
"alert-nab.online	"
"etrans7111.ca	"
"boamble1.com	"
"fuel-relief.online	"
"mytestpage.ddns.net	"
"balancefunds.info	"
"comm.info-sc-au.com	"
"telcorrectionprog.info	"
"virementinterac.online	"
"anz-auth.com	"
"mycomm-unusual-activity.info	"
"secure-westpac.live	"
"applepay.suspended-verify.com	"
"santan-verify-idenity.com	"
"etrans4447.ca	"
"reset-scotiaqa.com	"
"depositservicesfinance.com	"
"emtverify.com	"
"parking-offense.info	"
"parking-ticket54.info	"
"ticket-parking12.info	"
"mobilitycustomer-support.com	"
"mobipostie.com	"
"transfert-depot-auto.com	"
"relief-alb.online	"
"customerweb-tns.us	"
"etrans5858.ca	"
"help-netfliixpayment.top	"
"qcservice.cc	"
"flixverify.info	"
"in-etr055.us	"
"nzpost.nz-pay-fee.com	"
"netfliix.top	"
"rogers-fundsref.info	"
"payment-netfliix.com	"
"serviceca-notice.info	"
"anzdevices.online	"
"cashback-mytelus.xyz	"
"www.cashback-mytelus.xyz	"
"bellbacktoschool.ca	"
"import-feepayment-ie.com	"
"an-post-custom.delivery	"
"ntractfundr.live	"
"anpostcustoms.support	"
"interac-et.ca	"
"anpost-parcel-fee.com	"
"teluscashback.com	"
"anpcharge.com	"
"secureportal-ie.com	"
"santander.via-unusual.com	"
"mobipostfeeie.com	"
"ca.authenticate-uber.com	"
"ca.authorize-uber.com	"
"ca.billingauth-uber.com	"
"ca.loginauth-uber.com	"
"ca.secureauth-uber.com	"
"ca.signinauth-uber.com	"
"login-tangerine.ca	"
"applepay.pending-via.com	"
"apple.pending-via.com	"
"acceptca0001-39kf.ca	"
"federaldepositoption.com	"
"canadianbenefitsplan.com	"
"mobilecustomer-care.com	"
"webpaysend1001cdn.ca	"
"santan.verify-payment.com	"
"refund-govnz.top	"
"can-direct-secure-follow.com	"
"upmeinfo.me	"
"federaldebenefitsoption.com	"
"federaltransferoption.com	"
"ausposttracking.live	"
"www.ausposttracking.live	"
"feeimportnz.com	"
"ca-rbcroyalbank.com	"
"ca-rbcroyalbank1.com	"
"refprogramro.site	"
"updatenetflxbillinfo.com	"
"my.secure-portal.xyz	"
"auspost.work-via.com	"
"secure.accountauth-uber.ca	"
"ca.accountauth-uber.com	"
"secure.authcheck-uber.ca	"
"secure.authprofile-uber.ca	"
"ca.authprofile-uber.com	"
"secure.authrider-uber.ca	"
"ca.authrider-uber.com	"
"secure.billingauth-uber.ca	"
"secure.memberauth-uber.ca	"
"ca.memberauth-uber.com	"
"ca.authcheck-uber.com	"
"ca.pmtauth-uber.com	"
"secure.profileauths-uber.ca	"
"ca.profileauths-uber.com	"
"secure.riderauth-uber.ca	"
"ca.riderauth-uber.com	"
"ca.secure-uber.com	"
"secure.webauth-uber.ca	"
"ca.webauth-uber.com	"
"ca.profileauth-uber.com	"
"anpost-onlinepaymentsupport.com	"
"secure-ca-4445.ca	"
"poste.it-verificare.cc	"
"securedrecipienthelp.com	"
"santan-authenticate.com	"
"update-notice.net	"
"can-autodepot-follow.com	"
"nb-mobile-protect.com	"
"wp-mobile-validate.cc	"
"anpost-fee-service.com	"
"anpost-parcel-fee.in	"
"supportaumygov.com	"
"mobipostire.com	"
"asbonlinerecord.com	"
"wrf1001-31kf.ca	"
"reviewinfo.live	"
"mobileca-deposit.me	"
"orc-re.fund	"
"rogportalref.info	"
"www.orc-re.fund	"
"easyweb1tdintellibanking.net	"
"acceptca1001-31kf.ca	"
"cad-direct-3303.info	"
"app-rog-return.ca	"
"scotiawebsignin-intrust.com	"
"commonwealth-loginpage.com	"
"cashback-coupon.click	"
"telusmobity.com	"
"bendigo.au-authenticate.cc	"
"cdnpaidsecure.ca	"
"0039-scotia-reset.com	"
"westpac-id-update.online	"
"auspost.route-via.com	"
"canadarevnuagency.top	"
"bellmobility.mobi	"
"my.portal-secured-network.net	"
"anpost.ie-pay-fees.com	"
"sant-verify-device.com	"
"hs.uk-securesupport.com	"
"etransfer.financial	"
"an.post-ie-help-track.com	"
"barc.uk-securesupport.com	"
"au-tax-return.com	"
"mygov.au-tax-return.com	"
"claim.northernonenergybenefit.ca	"
"danskebank.dk-alerts.top	"
"portalrogerscred.info	"
"alert-serviceca.info	"
"dk-alert.top	"
"dk-alerts.top	"
"anpost-service-pay.co	"
"cad-cra-transfer.ca	"
"depositemailmoneytransfer.com	"
"anz-secure.net	"
"rfrpaid0001.ca	"
"auspost.com-aus.top	"
"upmeinfo.art	"
"etca-9845.info	"
"2scureld-loginlink.click	"
"auspost.au-import-fees.co	"
"rogersvalidation-outage.com	"
"interac.transfer250.ca	"
"eligibleforsupportau.com	"
"id86371.transfer250.ca	"
"cdnbysecurepay.ca	"
"my.portal-safe-network.net	"
"anpost-pay-service.in	"
"sant-auth-device.com	"
"boi-payee.com	"
"anpost.ie-pay-fees.co	"
"anpost.recovery-parcelfee.com	"
"mobilityetransfer.com	"
"taxereturncanada.top	"
"depositemailmoney.com	"
"atb.banktos-uptd.com	"
"cad-cra-transfer.com	"
"insterac.com	"
"claim.carbontaxcredit.ca	"
"claim.ontariocarbontaxbenefit.ca	"
"claim.carbontaxbenefit.ca	"
"claim.ontariocarbontaxcredit.ca	"
"etransferpaymentdeposit.com	"
"benefitsplanscanada.com	"
"federalemailmoney.com	"
"mygov-au-tax.com	"
"federaltransferoptions.com	"
"federaldepositoptions.com	"
"net-login-helpdesk.com	"
"reschedulenzp.com	"
"tdverif.com	"
"incomecapay-0001.ca	"
"etca-8881.ca	"
"anzpayeehelp.com	"
"ca.auths-netflix.com	"
"secure.profileauth-netflix.ca	"
"secure.webauth-netflix.ca	"
"ca.securesignon-netflix.com	"
"applepay.suspended-id.com	"
"nab-mobilesupport.com	"
"my.portal-infomation-seure.net	"
"ca-telluscomsupport.com	"
"atb.clientsvcform.com	"
"nab-dashboard-login.info	"
"my.secured-infomation.xyz	"
"commonweath-auth.com	"
"canadapost.delivery-bot.ca	"
"ukmobile-support.com	"
"an.post-ie-help-tracking.com	"
"federalelectronictransfer.com	"
"anpost-pay-parcel.com	"
"agc-auto-depo.com	"
"telecom-provider-corp.info	"
"applepay.support-via.com	"
"uk-mobileservices.com	"
"mygovt-taxreturns.com	"
"rgrsreturn.ca	"
"optiontransfercanada.com	"
"canadaoptionstransfer.com	"
"easyweb-td.ca	"
"etca-3330.ca	"
"sendsecure.ca	"
"mygov-tax-return.com	"
"ird.delivery-co-nz.net	"
"govbenefitscanada.com	"
"canadaoptiontransfer.com	"
"backtoschoolrewards.net	"
"simpliirewards.net	"
"nab.login-unusual-activity.xyz	"
"my.info-portal-secure.xyz	"
"nab-mobile-support.com	"
"rbc-app-alert.online	"
"ntflix.verify-acc.info	"
"e-transfer-deposit.com	"
"applepay-suspended-verify.com	"
"reviewulstermobi.com	"
"es-cuenta.top	"
"interac-etref45612.com	"
"hcaptchagoogleverify.com	"
"update-amazon.info	"
"anpcostomfee.com	"
"claim.onopportunitiesbenefit.ca	"
"claim.onopportunitiesgrant.ca	"
"claim.ontarioopportunitiesbenefit.ca	"
"claim.ontarioopportunitiesgrant.ca	"
"claim.opportunitiesbenefit.ca	"
"claim.opportunitiesgrant.ca	"
"import-anpostcost.com	"
"login.booking-uber.ca	"
"login.greatertoronto-uber.ca	"
"login.overview-uber.ca	"
"login.rideshare-uber.ca	"
"invoic4refund.org	"
"anpost.ie-parcel-fee.com	"
"villemontrealsaaq.ca	"
"e-transfer-financialdeposit.com	"
"problemfix.ca	"
"canadatransferoptions.com	"
"canadatransferoption.com	"
"dfxcbgvdfcbdsf.fr	"
"cdnwebpage.ca	"
"nz-fee-pay.com	"
"cdnviewpage.ca	"
"applepay.via-assist.com	"
"nz-post.nz-pay-fee.co	"
"errorcorrection.ca	"
"mygovt-returns.com	"
"atb.client-tosuptd.com	"
"etca-5588.ca	"
"infogovcanada.com	"
"anz-suspicious-activity.com	"
"auth-01update.info	"
"auth-01netflx.com	"
"mynetbank-comm-au.com	"
"rebateprofits.ca	"
"e-transfer-financial.com	"
"anz-loginpage.com	"
"postnord.no-alert.top	"
"mobionlinepostire.com	"
"inte-team-auto-deposit.com	"
"securepayeeremove.com	"
"electronicfederalpayment.com	"
"electronicfederaldeposit.com	"
"e-transfer-finance.com	"
"parking-tickets29.info	"
"applepay.via-icloud.com	"
"parking-toronto91.info	"
"tickets-parking11.info	"
"2-scotiaonline-scotiabank.com	"
"etca-3311.ca	"
"tax-nz-office.cc	"
"parking-tickets-city87.info	"
"electronicdepositoptions.com	"
"interac.live	"
"sign-innscotiatrustweb.com	"
"serviceca-details.info	"
"returnwageonline.ca	"
"my.info-center-secure.net	"
"aus-post.app	"
"commonweath-sec.com	"
"claim.benefitpayments.ca	"
"claim.benefits-gov-on.ca	"
"claim.gov-on.ca	"
"claim.grantpayments.ca	"
"claim.grants-gov-on.ca	"
"claim.onbenefits.ca	"
"claim.ongrants.ca	"
"claim.onpayments.ca	"
"claim.opportunities-gov-on.ca	"
"claim.provincialbenefits.ca	"
"claim.provincialpayments.ca	"
"anpost-paymentsupportservice.com	"
"infromationservice.com	"
"login.helpcenter-uber.ca	"
"login.accounthelp-uber.ca	"
"secure-nab-ib-au.com	"
"login.riderverify-uber.ca	"
"secureremovepayee.com	"
"retour-saaq-permis.ca	"
"santanhelp-actionuk.com	"
"verifyinteracnow.ca	"
"rogerssystem.online	"
"bendigo-au-helpdesk.com	"
"uk-secureportal.com	"
"permisqcc.live	"
"sgi-reward.com	"
"online-anpostcosts.com	"
"mobilitycustomer-transact.com	"
"directdepositinvoice.org	"
"cdnsafesend.ca	"
"applepay-wallet-update.com	"
"ca-interacwebtrust.com	"
"govoptioncanada.com	"
"club-wholesalereward.net	"
"e-transferfederal.com	"
"auth01-update.info	"
"electronicfundsdeposit.com	"
"federalfundstransfer.com	"
"auth01-aws.com	"
"bell.helpservice.support	"
"bell.gc-ca.tk	"
"001etr-cad.ca	"
"tax-office-nz.cc	"
"anz.dashboard-renew.com	"
"incomedeliver.ca	"
"ac-rbcroyalbank1.com	"
"ac-rbcroyalbank.com	"
"etrnsfr.art	"
"club-executiverewards.net	"
"net-membership-supp5671.info	"
"my.west-secure-page.net	"
"atb.clientsvc-conformation.com	"
"wirelessbell.shop	"
"www.wirelessbell.shop	"
"my.secure-infomation-update.net	"
"telusinvoicereturn.com	"
"anpost-onlineservice.com	"
"aus-postal.app	"
"alwaysherenow.xyz	"
"confirm.postiremobi.com	"
"collect-annual-member-coupon.ca	"
"login.accounthold-uber.ca	"
"login.holdhelp-uber.ca	"
"login.profilehelp-uber.ca	"
"anpost.feemobicustomire.com	"
"login.removehold-uber.ca	"
"login.removeholds-uber.ca	"
"login.unlock-uber.ca	"
"login.webhelp-uber.ca	"
"login.profilehold-uber.ca	"
"uk.secureportal.com	"
"esso-ca30.live	"
"gst-emtclaimed.com	"
"lcbc-deposit.com	"
"fees.postirecustom.com	"
"federalelectronicdeposit.com	"
"electronicfundsbenefits.com	"
"poste.mobile-info-it.com	"
"lnterac-transfer.online	"
"anpost-ie-fee.in	"
"fee.mobicustomspost.com	"
"securepayeehelp.com	"
"view-new-add.com	"
"tankonus.ca	"
"telecom-provider-validation.info	"
"verif-amazn.ca	"
"mobility-transfer.com	"
"invoicecanada.net	"
"advancedeliver.ca	"
"dbs.help-support-sg.com	"
"etca-3341.ca	"
"electronicfederalfunds.com	"
"asb-secureprotocol.com	"
"e-transferdepositservice.com	"
"crtc.etfr-communication.online	"
"asb-247.help	"
"in-etr450.ca	"
"recomsettle.click	"
"au-secure.site	"
"my.secured-infomation-safe.net	"
"online-bendigo-security.com	"
"authentication-scotiabank.com	"
"anz.dashboard-renew.in	"
"secure-cba-netbank-au.com	"
"royaltywage.ca	"
"salaryrevenue.ca	"
"interact-refund.online	"
"anpost-parcelcharge.com	"
"login.alert-uber.ca	"
"login.alerts-uber.ca	"
"login.memberalert-uber.ca	"
"login.memberalerts-uber.ca	"
"login.securityalert-uber.ca	"
"login.securityalerts-uber.ca	"
"login.profilealert-uber.ca	"
"login.profilealerts-uber.ca	"
"netflixaccount-refund.online	"
"anpost-postpay.com	"
"fees.postmobi-customsire.com	"
"online.post-importcost-ie.com	"
"noticedetails-serviceca.info	"
"authinteracnow.online	"
"securepayeeremoval.com	"
"electronicfundsoptions.com	"
"electronicfundscanada.com	"
"deposil-cra-pov.com	"
"asbnzonlineauth.com	"
"anpost.ie-postage-pay.co	"
"osko-online.com	"
"fees.postmobi-customs.com	"
"govgstreturn.ca	"
"via-apple-service.com	"
"cra-cadtransfer.com	"
"sepweeknow.ca	"
"web-tdcanadatrust.com	"
"kiwi-secure.com	"
"aus.post-settlementonline.com	"
"tankfillup.ca	"
"advancesend.ca	"
"reschedulenzpst.com	"
"asbnzonlinerecord.com	"
"federalelectronicpayment.com	"
"federalelectronicpayments.com	"
"net.personalreview-aus.com	"
"asb-nz.app	"
"cs-rbcroyalbank.com	"
"cs-rbcroyalbank1.com	"
"govtreturn.com	"
"telusprice.com	"
"return-center.ru	"
"my.secured-website-infomation.net	"
"onlinefm-cadeposit.me	"
"cotsco-executivebenefits.net	"
"anpost-deliverycost.com	"
"aib-onlinereviewacc.com	"
"update-apple-wallet.com	"
"anpost.support-deliverfee.com	"
"managepayeecibc.com	"
"auth-secured-service.com	"
"anpost-reschedule-delivery.com	"
"uk-mobileportal.com	"
"bnzonlinerecord.com	"
"int-team-rewards.com	"
"club-wholesalerewards.net	"
"updatecellular.com	"
"issuedrebate.ca	"
"overcharge-returncenter.ru	"
"ie-anpost-fee.in	"
"mobilitycustomercare.online	"
"asbauthenticatesupport.com	"
"fundsfederaloptions.com	"
"fundsfederaloption.com	"
"asbonlineauth.com	"
"help-co-nz.com	"
"scotiabank-help.com	"
"int-etrans01.ca	"
"e-intersecure.live	"
"asb.online-auth-nz.com	"
"refchatr.online	"
"help-link-au.com	"
"1carrierservices-outage.info	"
"tdbank-help.com	"
"etca-0045.ca	"
"bnzdeauthsupport.com	"
"e-transferfinancedeposit.com	"
"rogeftr.tk	"
"aus-post.direct	"
"ca-entitlement.ru	"
"bnzauthnz.com	"
"teluswireless.online	"
"wageincome.ca	"
"db.scentresupport.link	"
"anpost-deliverypayservice.com	"
"et-interac-payment.top	"
"et-0lnter-ac.net	"
"my.safe-secured-infomation.net	"
"uk-secure.site	"
"telusrebatechat.ca	"
"claim.benefits-on-gov.ca	"
"claim.grants-on-gov.ca	"
"claim.grants-on.ca	"
"claim.grants-ontario.ca	"
"etransfe-rts.com	"
"phone-outage-solution.info	"
"interac.etransfe-rts.com	"
"canadacaip.xyz	"
"inter-etrans10.ca	"
"canadacaip2022.xyz	"
"canadaclimateact.xyz	"
"canclimateaction2022.xyz	"
"cancaip2022.xyz	"
"canclimateaction.xyz	"
"gateway.csa-interac.ca	"
"e-transferdepositfederal.com	"
"automatedlinksender.ca	"
"delivery-support-ie.com	"
"interasc.com	"
"intredac.com	"
"interac-revenuquebec.ca	"
"et.interasc.com	"
"ie-anpost-pay.com	"
"fundsbenefitscanada.com	"
"electronicfundsbenefit.com	"
"int-autodeposit.com	"
"secure.signin-amazon.ca	"
"secure.signinauth-amazon.ca	"
"secure.authorize-amazon.ca	"
"secure.login-amazon.ca	"
"secure.loginauth-amazon.ca	"
"secure.authsignin-amazon.ca	"
"secure.authlogin-amazon.ca	"
"etransfer-deposit.info	"
"customersupport-mobility.com	"
"incom-tax-return-canada.xyz	"
"ebenefitsdeposit.com	"
"reactivate-applepaydevice.online	"
"aut001help.info	"
"mobility-customersupport.com	"
"personal-reward-access.ca	"
"etca-2121.ca	"
"clientemailtosms.ca	"
"canada-tax-return.ca	"
"etr-cad001.art	"
"redelivery-auspost.online	"
"aut001help-netflx.com	"
"ai-rbcroyalbank.com	"
"ai-rbcroyalbank1.com	"
"bnznzlauth.com	"
"belltoyou.ca	"
"my.offical-safe-network.net	"
"atb.tosplcyuptd.com	"
"mobility-overcharges.com	"
"aus-post.link	"
"common-wealth-secuirty.com	"
"an-postservicefee.com	"
"rbcroyalebank.ca	"
"anpost.ie-post-fees.co	"
"barc-mobileportal.com	"
"govbenefitprocess.com	"
"apple.support-wallet.com	"
"reward-by-costco.info	"
"secure.accountrecovery-amazon.ca	"
"secure.authcheck-amazon.ca	"
"secure.holdrecovery-amazon.ca	"
"secure.recover-amazon.ca	"
"secure.releasehold-amazon.ca	"
"secure.signinhelp-amazon.ca	"
"anpost.parcelsteam-support.com	"
"secure.loginhold-amazon.ca	"
"secure.recovery-amazon.ca	"
"secure.primehold-amazon.ca	"
"e-transferfederaldeposit.com	"
"intrerac.com	"
"mobility-charges.su	"
"global-communication.info	"
"mobipostireconfirm.com	"
"et.intrerac.com	"
"at-post.link	"
"aib-onlineaccsreview.com	"
"arc-deposit.com	"
"verification-ato-services-au.com	"
"mobile-secureportal.co.uk	"
"ap-renew-dashboard.com	"
"signin-commbank.com	"
"carrier1services-outage.info	"
"ie-anpost-fee.co	"
"etca-8880.ca	"
"taxereturncanadaagency.top	"
"et-intracpayments.com	"
"e-transferfederalfunds.com	"
"e-benefitscanada.com	"
"int-electrotrans.xyz	"
"canadahelp.homes	"
"asbonlinesecurenz.com	"
"caclimateaction.xyz	"
"caclimateactionpay.xyz	"
"canadaclimateactionca.xyz	"
"canadaclimateactionpay.xyz	"
"climateactioncanada.xyz	"
"cashbackcostco.com	"
"accreview.live	"
"et-1nter-a0c.org	"
"desjardinsalert.com	"
"et-intracpayment.com	"
"infractions-parking.info	"
"bnznewzlauth.com	"
"sec-ur77p0.info	"
"jekkmoermanwerk.ga	"
"www.auspost.review	"
"auspost.review	"
"mobile-secureportal.uk	"
"ap-reactivate-dashboard.com	"
"aus.postredirects-online.com	"
"import-anpostsduty.com	"
"bankaustria.at-post.link	"
"netflixbillings.com	"
"an-postdutyfees.com	"
"bmoalert.com	"
"an.post-ie-hold.com	"
"julyoutage.live	"
"global-communication-inc.info	"
"rgersoutage-return.com	"
"interac.depot-mobile.ca	"
"caq.gateway-interac.com	"
"in-et001.info	"
"revenue-gov1.ca	"
"ie-anpost-pay.in	"
"arc-transfer.com	"
"mobilitycustomerservice.com	"
"telusrebatesupport.ca	"
"revenuquebec-interac.ca	"
"td-alerts-online-secure.com	"
"costco-claim-annual-reward.ca	"
"costco-annual-executive-reward.ca	"
"personal.tdcandantrust.com	"
"tdcandantrust.com	"
"club-executivebenefits.net	"
"rewardnotification.net	"
"assetsreturn.ca	"
"sec-ur45f6.info	"
"www.mobility-support.pro	"
"mobility-support.pro	"
"mobilitycommunicationservices.com	"
"162.33.178.211	"
"13carrierservices-outage.info	"
"cashback-costco.com	"
"asb-help.app	"
"bnzsecureauth.com	"
"clientsvc-atb.com	"
"interac-notification773675.com	"
"bnzauthnewzld.com	"
"185.142.238.85	"
"auspostfees.com	"
"au.auspostfees.com	"
"mytrack-id.com	"
"telu583intractrasfer8492jd.online	"
"anpost.support-deliveries.com	"
"an-postdeliver.com	"
"sign-in-tdcatrustweb.com	"
"an-postdeliveryonline.com	"
"serviceca-alertnotice.info	"
"an-postparcelfee.com	"
"an-postsecurityfee.com	"
"teleact247can.com	"
"allocation2canada.net	"
"interac.rogersoutage.ca	"
"anpost-deliveringservicefee.com	"
"arc-autodeposit.com	"
"et-authenticationdetails.info	"
"caclimatepay.xyz	"
"caipay2022.xyz	"
"canadaclimatepayca.xyz	"
"climatecanadaca.xyz	"
"climatepay2022.xyz	"
"climatepaycanada.xyz	"
"easyweb-1wstep-trustref.com	"
"media-manage-serv.info	"
"cashback2-costco.com	"
"login.pmtsecurity-uber.ca	"
"login.ridersecurity-uber.ca	"
"login.usercheck-uber.ca	"
"login.userverify-uber.ca	"
"login.ridercheck-uber.ca	"
"login.pmtverify-uber.ca	"
"login.pmtprofile-uber.ca	"
"login.pmtcheck-uber.ca	"
"int-et00.info	"
"fundsdeposit.info	"
"rewardsnotification.net	"
"bnzauthsecurenzld.com	"
"netearnings.ca	"
"mobilitycustomer-service.com	"
"www.gouvhelp.me	"
"gouvhelp.me	"
"intreacr.com	"
"intrerat.com	"
"e-benefitsfundscanada.com	"
"canadafedgovdep.com	"
"etrsf-tfid.info	"
"intreasc.com	"
"e-transferfederalgov.com	"
"carrier12services-maintenance.info	"
"mobilitycustomer-services.com	"
"www.ntf.design	"
"ntf.design	"
"caq.depot-interac.ca	"
"club-exclusivegrants.net	"
"easy-web-form.com	"
"redirectemailtosms.ca	"
"0-scotiabank.com	"
"au-tracking-service.com	"
"easy-web-form.net	"
"returncostco.com	"
"telusinteract.ca	"
"telus-to-you-interact.ca	"
"reapprove-device.info	"
"customerbilling.sytes.net	"
"o-scotiabank.com	"
"ci-rbcroyalbank1.com	"
"secure1-scotiabank.com	"
"anpost-onlinedeliveryfees.com	"
"login.authpmt-uber.ca	"
"login.authpmtpro-uber.ca	"
"login.authpro-uber.ca	"
"login.billauth-uber.ca	"
"login.billverif-uber.ca	"
"login.pmtverif-uber.ca	"
"login.proauth-uber.ca	"
"login.profileverif-uber.ca	"
"reapprove-cbadevice.online	"
"revenuquebec-interac.net	"
"ca-centertrustinterac.com	"
"www.gouvhelp.info	"
"gouvhelp.info	"
"t.at-id.org	"
"raiffeisen.at-id.org	"
"e-transfergovfederal.com	"
"e-transferfinancegov.com	"
"xyzshimber247manuresolution-can.com	"
"intreac.online	"
"claim.energycredit-gov-on.ca	"
"claim.energycredit-on.ca	"
"claim.energycredit-ongov.ca	"
"claim.energycredit-ontario.ca	"
"claim.energycredit.ca	"
"claim.on-energycredit.ca	"
"claim.ontariosenergycredit.ca	"
"claim.energycredit-on-gov.ca	"
"canada-cra-set-up.com	"
"standardwebs.com	"
"import-anpostcustoms.com	"
"rogersreturn.ca	"
"tel-interact.com	"
"telinteract.com	"
"telinteractreference.com	"
"1servicescare-support.info	"
"asbonlinenewzld.com	"
"netflixx.info	"
"www.nzauthbnz.com	"
"bnznznewzlndsecure.com	"
"www.bnznznewzlndsecure.com	"
"000etrca.info	"
"sec-ur33f2.info	"
"telusbilling.sytes.net	"
"services-agreement.net	"
"netretreat.ca	"
"applepay-online.com	"
"00telu-s03-refinteract599.com	"
"parcelredelivery8.com	"
"www.auspost.au-id.info	"
"auspost.au-id.info	"
"digital-transfer-service.org	"
"postal.au-id.info	"
"takeastep.site	"
"energybillshelp.com	"
"etintrac-transfca.online	"
"transferse.online	"
"crataxrefund-2135-dollars.top	"
"club-annualgrants.net	"
"nzlgreturn.com	"
"xyzchornotranscan247.com	"
"asb-securityresponse.com	"
"alertdetails-serviceca.info	"
"energy.via-temp.com	"
"paysticket.ca	"
"reapprove-nabdevice.online	"
"e-transferfederalfinance.com	"
"cashrewardcostco.com	"
"e-transferfinancialgov.com	"
"barcsecuremobile-portal.co.uk	"
"inrterac.com	"
"electronicsfundtransfer.com	"
"lnteractransf-liberpoc-03secur3.com	"
"uptdinfo-atb.com	"
"ordertestkit-online.co.uk	"
"anpfeepayment.com	"
"returngo-v9.org	"
"e-transfer-federaldeposit.com	"
"revenuquebec-interac.com	"
"interrats2.com	"
"interac-caq.com	"
"annual-serviceagreements.info	"
"annual-services.info	"
"coupon-serviceagreements.info	"
"telussmobi.live	"
"mobile-customersupport.com	"
"anpost-ie-services.com	"
"arc-10001.com	"
"e-transfer.help	"
"tdverif-services.info	"
"tdverif-service.info	"
"tdcanada.intreasc.com	"
"1wirelesscare-support.info	"
"telu5cu5tomerinterarfund.online	"
"mobieu-revprimary.com	"
"netincomerfd.ca	"
"et-int000.info	"
"help-au-account.com	"
"saaqvillemontreal.ca	"
"nzpreschedule.com	"
"lib-00secure-1etransf-04.com	"
"bankofireland.ie-365.co	"
"annual-clubgrants.net	"
"et-in000.info	"
"netflixx.live	"
"online-esecure.live	"
"telus.refund-policy-customerid9153.gq	"
"tdtrustform.live	"
"goldstar-membership.net	"
"my.urgent-update-secured.net	"
"secure-data.online	"
"telus-center.info	"
"telus-interac.xyz	"
"anpost-arrange-delivery.com	"
"aib-accsecurityservice.com	"
"uk-mobilesecurity.com	"
"anpost.support-feeparcel.com	"
"login.asset-uber.ca	"
"login.assets-uber.ca	"
"login.authasset-uber.ca	"
"login.authassets-uber.ca	"
"login.payment-uber.ca	"
"interactrust-ca-service.com	"
"etlnterac-etrnfrt.online	"
"mobile-secure-portal.co	"
"trustinteracweb-ca.com	"
"lntrac-help-sh.xyz	"
"365online.ie-365.co	"
"santnder-porto.info	"
"saaq-assurance.com	"
"anpost-fee-ie.co	"
"transferelectronicfunds.com	"
"canadatrust-interacwebsave.com	"
"instantaccountdelivery.ca	"
"e-transfer-depositfinance.com	"
"govcanada-etransfer.com	"
"mobile-supportportal.co.uk	"
"an.post-ie-supports.com	"
"interac-arc.ca	"
"arc-interac.com	"
"onlinedeposit-mobile.ca	"
"wirelesscare-support.info	"
"telussystem.online	"
"login.lpp-uber.ca	"
"secure.lpp-uber.ca	"
"secure.kyc-uber.ca	"
"secure.sho-uber.ca	"
"secure.sli-uber.ca	"
"secure.ssi-uber.ca	"
"secure.sso-uber.ca	"
"secure.lpd-uber.ca	"
"secure.shd-uber.ca	"
"vubinfos.com	"
"telusmobile.info	"
"etransca0114.info	"
"2022canadacaip.xyz	"
"climatecanadacaip2022.xyz	"
"climatescanadacaip.xyz	"
"climatescancaip2022.xyz	"
"tax-returnnz.info	"
"electronicsfundcanada.com	"
"electronicrefundscanada.com	"
"electronicsfundscanada.com	"
"electronicrefundcanada.com	"
"climatescancaip.xyz	"
"ont-serviclaim.info	"
"payment-netflix.live	"
"citbk1.ddns.net	"
"save-interactrustcanada.com	"
"fionahelp.ca	"
"carevenue-gov.ca	"
"et-in-terac-hlp.cc	"
"reapprove-bnzupdate.website	"
"citreviews.com	"
"costcocashback2.com	"
"cdnadvancesent.ca	"
"saaqgouvquebec.com	"
"directfundscanada.com	"
"interacte.live	"
"banksupport-online.xyz	"
"easyweb-access.online	"
"xyzeuphor247can.com	"
"arc-100001-auto-depot.com	"
"fido-ca.mobi	"
"ird-taxreturn-co.nz	"
"loginpage-commonwealth.com	"
"aut001-help.info	"
"et.intreasc.com	"
"scotia-issuerefund.pro	"
"aut01help-netflx.com	"
"online365-support-services.com	"
"anpost-change-redelivery.com	"
"ca-interac-1-webtrust.com	"
"bankofireland.ie-secure365.net	"
"anpost-fee-services.com	"
"e-transfer-directdeposit.com	"
"revenuquebecinterac.ca	"
"aib-onlinereviews.com	"
"cdic-insurance.ca	"
"interac.rogersreturn.ca	"
"telus-mobile.ddns.net	"
"anpost.ie-pay-postage.co	"
"authanication-td.com	"
"etransca9007.info	"
"mytelus.live	"
"canadapost-postcanada.com	"
"e-transferelectronicfunds.com	"
"overchrgertrn-centre.ca	"
"utility-uk-service.com	"
"lib-00-1etransf-04.com	"
"login.chk-uber.ca	"
"login.ntc-uber.ca	"
"login.pdm-uber.ca	"
"login.prl-uber.ca	"
"login.rdr-uber.ca	"
"login.usr-uber.ca	"
"login.ver-uber.ca	"
"login.vrf-uber.ca	"
"gov-energy.app	"
"postmobi-fees.com	"
"abgov-ref.in	"
"www.gov-energy.app	"
"in00-etr.info	"
"gsthelpint.ca	"
"www.www3-login.info	"
"executive-goldstar.net	"
"e-transfercanadabenefits.com	"
"e-transfercanadaoptions.com	"
"e-transfercanadabenefit.com	"
"e-transfercanadaoption.com	"
"365online-bankofireland.info	"
"etransca6886.info	"
"nzpost.co.nz-id.app	"
"auspost.au-id.app	"
"interac-payments.pro	"
"secureanzdevice.online	"
"redeemcreditrogers.info	"
"netflx.help001.com	"
"etca-0046.ca	"
"instantpretecryptoidebitee.com	"
"reactivate-anzdevice.online	"
"energysupport-gov.com	"
"rogers-com.info	"
"apdashboard-renew.com	"
"customers-solutions.com	"
"reactivate-applepay.online	"
"secure-live-portal.net	"
"interac.ca.info-customercare.com	"
"interaconline.cloudns.nz	"
"anpost-change-delivery.com	"
"boi-secure-ie.com	"
"commbank-idupdate.online	"
"energyschemebills.com	"
"e-transfer-fundsdeposit.com	"
"ahs-govab.in	"
"anpost-pay-services.com	"
"securepay-anpost.com	"
"etransca4409.info	"
"e-scotiabank.com	"
"anpost-pay-ie.com	"
"electronicfundstransfers.com	"
"energy.govukofferscheme.com	"
"govenergy.link	"
"www.cibcsecurityweb81.com	"
"cibcsecurityweb81.com	"
"www.easy1-websecurity-td.com	"
"easy1-websecurity-td.com	"
"bawag.at-id.org	"
"arc-can-directtransfert.com	"
"return-rogers.ca	"
"boi-ie-secure.com	"
"kiwi.online-removal-nz.com	"
"tdfm-update.com	"
"costco2reward.com	"
"bendigo.com.aus-id.net	"
"mobilitynetwork-customersupport.com	"
"boi-ie-365secure.com	"
"kiwi.co.nz-app.link	"
"00etr-ca.info	"
"etransca5454.info	"
"auspost.aus-id.net	"
"e-transferbenefitservice.com	"
"bankofireland.ie-secure-365.com	"
"etransferdeposit.help	"
"ie-secure-365.com	"
"directglobalnetwork.ca	"
"serviceinteracca.com	"
"reward2costco.com	"
"reward-costco.com	"
"updateverify.art	"
"netflix-payment.can.com	"
"update-anzdevice.online	"
"crtc-canada.info	"
"secure.che-uber.ca	"
"secure.chx-uber.ca	"
"secure.dir-uber.ca	"
"secure.ktf-uber.ca	"
"secure.rch-uber.ca	"
"secure.thf-uber.ca	"
"secure.vdt-uber.ca	"
"secure.vld-uber.ca	"
"secureanz.info	"
"e-transfer-depositfunds.com	"
"binancelabs.us.	"
"servicesnotifyca.com	"
"secureasb-device.info	"
"i-scotiabank.com	"
"www.mobility-support.digital	"
"mobility-support.digital	"
"rogerscreditprogram.info	"
"arc-quebec-transit.com	"
"etransfer-govcanada-ref103590.com	"
"web1recovery.com	"
"reward2-costco.com	"
"costco2-reward.com	"
"mobility-tech-support.com	"
"etransca5533.info	"
"transferpending.online	"
"crtcpay.online	"
"electronicsfundstransfers.com	"
"householdbcbenefits.com	"
"am-rbcroyalbank.com	"
"carevenue-gov1.ca	"
"fundsdepositservice.com	"
"redelivery.express	"
"government-rebatetransfer.com	"
"member-annual-reward-coupon.ca	"
"see-my-reward.ca	"
"loyalty-reward-for-member.ca	"
"secureanzdevice.site	"
"my-membership-reward-coupon.ca	"
"bankofireland-secure365.online	"
"clientacct2927e93transfer.ca	"
"boi-365online.com	"
"uberapprider.info	"
"serviceca-authentication.info	"
"2govbchelp.com	"
"safe-updated-info.net	"
"services-ato-verfication.com	"
"secureanz-device.online	"
"aib-supportonlineservice.com	"
"anpost.delivery-supportfee.com	"
"electrtranseferemobil1tyteeluse398359.online	"
"boi-secure-online.com	"
"applyrogerscred.info	"
"notifybellca.com	"
"securecba-appdevice.online	"
"easywebtdintellibanking.net	"
"ticket-vancouver23.info	"
"ticket-parking28.info	"
"vancouver-parking82.info	"
"mobile-secure-id.com	"
"online365-service-support.com	"
"federalfundsdeposit.com	"
"online-rbc.info	"
"www3-login.info	"
"anpost-delivery-change.com	"
"barc-mobile-banking.com	"
"anpost-pay-ie.co	"
"fmonlinedeposits.com	"
"deviceauthapp.com	"
"anpost-services-fee.in	"
"telus-profil-support.top	"
"support-login.top	"
"vancouverhallparking.city	"
"boustonintel247ca.com	"
"cellrefund.info	"
"revcanet.online	"
"arc-directdeposit.com	"
"sebinfos.com	"
"00easyweb-ref103unblock-tdcanadatrust.com	"
"vancouverparkinghall.city	"
"vancouver-parkinghall.city	"
"vancouver-parking-hall.city	"
"bnzsupportpayee.com	"
"www.nova-sco.com	"
"vaiidate-deposit.online	"
"importcharge-an-post.com	"
"online-removal-r2.com	"
"nzpost.nz-app.link	"
"nzpost.co.nz-app.link	"
"anz.logon-web.com	"
"ib-online-removal.com	"
"etransca6600.info	"
"costco2reward.info	"
"coalitionavenirquebecideologie.com	"
"flatamount.ca	"
"annual-members-reward.ca	"
"anzdashboard-renew.com	"
"kzpppp.one	"
"netfiix.kzpppp.one	"
"4724td-additional.info	"
"retour-de-tax.top	"
"revenuecan.homes	"
"www.revenuecan.homes	"
"telreturn.com	"
"etr-cad00.info	"
"ai-scotiabank.com	"
"audh-07secibc.com	"
"commbankdevicealert.info	"
"autoplan-icbc-infos.com	"
"bendigo-web.com	"
"anpost-deliverysupportservice.com	"
"cibconlinesecu2.com	"
"santander.logon-web.com	"
"energy-rebate.site	"
"digitalanalyticsweb.com	"
"aib-onlinesupportservices.com	"
"365-support-online.com	"
"e-transferfundsdeposit.com	"
"costcocashback.info	"
"gov2can-alert.live	"
"interat2reimburse1.com	"
"parcel-redirect-service.com	"
"santander.confirm-via.com	"
"confirm-via.com	"
"redeem-your-membership-reward.ca	"
"redeem-executive-membership-reward.ca	"
"interactcanadaweb.com	"
"electronicsfundtransfers.com	"
"cracanada.net	"
"intera2reimburse1.com	"
"www.cracanada.net	"
"arc-qc-inflation-depot.com	"
"av-rbcroyalbank1.com	"
"postoffices-customs.com	"
"online-guide-protection.com	"
"1royalalertbank.com	"
"royalalertbank.com	"
"interac-1-webtrustca.com	"
"int01-et.info	"
"cashbackcostcoinfo.com	"
"cibcadditional.info	"
"auspost.au-app.link	"
"nrspsss.click	"
"netfiix.nrspsss.click	"
"asbloginnz.com	"
"e-transferdepositfunds.com	"
"govuk-repay-help.com	"
"suncorp.logon-web.com	"
"scotia-security.com	"
"web-suncorp.com	"
"anz.logon-app.com	"
"www-scotiabank.com	"
"anzdevice.info	"
"iccbccadlnfos.com	"
"mobil-serviceca.com	"
"my.secured-pay-update.net	"
"audh-02secbc.com	"
"c-i-b-c-additional.info	"
"aibonlineverificationservice.com	"
"pay-refundmygov.info	"
"orchardmultitude247can.com	"
"amazon-ca.duckdns.org	"
"ca-amazon.duckdns.org	"
"gift-amazon.duckdns.org	"
"rbcsupport.net	"
"www.rbcsupport.net	"
"rbcacc-support.net	"
"www.rbcacc-support.net	"
"auth-amazon.duckdns.org	"
"amazon-auth.duckdns.org	"
"cashback2reward.info	"
"fiona-relief.live	"
"ca-aid.help	"
"canadafundsdeposit.com	"
"www.middleshoppaxx.com	"
"reset-tdcanadatrust.com	"
"open24.ie-ptsb-auth.com	"
"lightbuscomuu247ca.com	"
"canada-1-interacwebtrust.com	"
"cityhall-vancouver.city	"
"cityhalls-parkingvancouver.city	"
"cityhalls-vancouvers.city	"
"autodepo-cra-trans.com	"
"interan1rei8.com	"
"interap1reimb.com	"
"interax41reimb.com	"
"secureasbremove.com	"
"e-transfer-depositfederal.com	"
"interoak1reim5.com	"
"et-ln-tarec-hlp.cc	"
"resume-mgov.live	"
"cityhall-parking.city	"
"cityhallsvancouver.net	"
"parkingsvancouver.city	"
"assistdeliver.com	"
"postal-customfees.com	"
"advancereturn.ca	"
"interan2rei.com	"
"interaf3rei.com	"
"myportal-onlinehelp.com	"
"goldstarmembership.net	"
"reward2cashback.com	"
"reward2cashback.com	"
"managingbnzlogin.co.nz	"
"scre02-rbc.com	"
"managingbnzlogon.co.nz	"
"notification767282-transfer-interac.ca	"
"commonweath-sec-au.com	"
"telusreminder-infos.com	"
"nationalabportal.live	"
"notificationdetails-serviceca.info	"
"telusservice.online	"
"interac.id8582.com	"
"ap-rbcroyalbank.com	"
"rbc-information.com	"
"az-rbcroyalbank1.com	"
"mygov-redirect-verification.com	"
"rederyservicenzpost.live	"
"mygov-auth-au.com	"
"secure-netbank-redirect.com	"
"cashback2costco.com	"
"mobicustompostoffice.com	"
"anpost-reschedule-parcel.com	"
"import-onlinefee.com	"
"customanpost-mobi.com	"
"canadianfundsdeposit.com	"
"fi-op.co	"
"formsecur.tel	"
"in01-etr.com	"
"tra-autodeposit.com	"
"apple.co.uk-app.link	"
"santander.aplicacion-soporte.com	"
"claim-climateactcanada.xyz	"
"claim-climateactcan.xyz	"
"claim-climateactca.xyz	"
"claim-climateact2022.xyz	"
"claim-canclimateact.xyz	"
"claim-canadaclimateact.xyz	"
"intecrasre2.com	"
"intecrasreb3.com	"
"intecrasrec5.com	"
"intercrasrev1.com	"
"resume-inab.live	"
"interac-verification.com	"
"virement-revenuquebec.ca	"
"amzverif.xyz	"
"telu-s.info	"
"mytelusadvantage-infos.com	"
"interran432.com	"
"goldstar-rewards.net	"
"an-post.live	"
"intercrasr1.com	"
"track.an-poste.live	"
"fundsdeposit.com	"
"servicefundsdeposit.com	"
"001int-et.info	"
"auth-aib.eu	"
"teluspayment.online	"
"cibconline1.com	"
"gstdepartment.live	"
"revenuecra.homes	"
"www.revenuecra.homes	"
"easyaccess-td.com	"
"rogersoutagereturn.ca	"
"amzverif.co	"
"amzverif.online	"
"funddeposit.info	"
"anzrenew-dashboard.com	"
"availablefunds.ca	"
"op-fi.net	"
"redirect-mygov-auth.com	"
"cba-redirect-secure-netbank.com	"
"fi-op.in	"
"confirm-info-portal.net	"
"ca-cerb.cyou	"
"moey.central-pt.info	"
"ccragcarc1.com	"
"ccrag-carn2.com	"
"ccra-paygo3.com	"
"ccra-mayno4.com	"
"reset2sv-scotiabank.com	"
"et-in778.info	"
"mobianpostconfirm.com	"
"t-d.me	"
"tangerines.cc	"
"canadianfundstransfers.com	"
"rogersontario.ca	"
"netfliixx.top	"
"cba-sec-au.com	"
"postoffice-iecustoms.com	"
"billing-netfliix.life	"
"op-fi-verkossa.com	"
"cibc-additonal.info	"
"santander.central-pt.info	"
"nb-autodeposit.com	"
"ccra-nago5.com	"
"ccra-vano6.com	"
"anpost-redelivery-change.com	"
"payable-anpostfee.com	"
"therbcc.co	"
"payment-postoffice-dutyfees.com	"
"payment-postoffice-dutyfee.com	"
"ca001neflx-help.com	"
"inter-ac.link	"
"bellpoliticspayment.top	"
"ccra-canada7.com	"
"rewardsnotif.net	"
"lnterac-refund.com	"
"manage-bnz-co.nz	"
"financesdepositfederal.com	"
"nzpostnzld.com	"
"postal.au-app.link	"
"bnzauthaction.com	"
"post.au-app.link	"
"shipment.au-app.link	"
"authrequirebnz.com	"
"authforbnz.com	"
"redirect-shipment.com	"
"www.aus.delivery	"
"aus.delivery	"
"kiwinzauth.com	"
"deliverymissing.ca	"
"deliverycp.ca	"
"parcelfee-an-postinvoice.com	"
"mygov-ato-refund-update.info	"
"op-fi-verkossa.co	"
"commbanksecuredevice.info	"
"boi-online-support.com	"
"tangerines.live	"
"rbccs.co	"
"atpost.live	"
"track-shipement.live	"
"helptelusrev.com	"
"canadianfundstransfer.com	"
"can-r1-return.com	"
"solutiondept.live	"
"uniaktivieren.com	"
"postoffices-taxmandates.com	"
"0000in-et.info	"
"op-online-fi.co	"
"2fa-tdbank.com	"
"cadrebatelnfos2022.com	"
"costco-cashback.info	"
"icuarus247canhelp.com	"
"invoice-an-postparcelfee.com	"
"depositfederalfunds.com	"
"teluserver.online	"
"tdservices-update.net	"
"secure-service.info	"
"asbauthaction.com	"
"restoretdbanque.online	"
"kiwiauthnewzld.com	"
"manageyourbnz.com	"
"nzpostnwzld.com	"
"bendigo-web-logon.com	"
"auspost.report	"
"mygov-sec.com	"
"reset-scotiabank.com	"
"anz-login-app.com	"
"suncorp-web-logon.com	"
"telus-refund.info	"
"my.saftey-network-secureupdate.net	"
"secure-mygov-ato.info	"
"custom-an-post.delivery	"
"op-fi-verkossa.net	"
"anpost-redeliver-package.com	"
"op-fi.in	"
"amazon-team.ca	"
"lnteract-webcanda.com	"
"e-transfer-depositservice.com	"
"lnterac-team.ca	"
"telusmobile.online	"
"interacflashweb.online	"
"mycra-moneytransfer.com	"
"gdc-bureau-depot-cra.com	"
"mycostcoreward.com	"
"custom-anpost.help	"
"canadianfundtransfer.com	"
"op-fi.cc	"
"set-up-acc-bot.com	"
"nzpostnzd.com	"
"depositfederal.com	"
"access-my-annual-reward.ca	"
"annual-reward-coupon.ca	"
"canadatelusrefiness32.com	"
"postservice-fees.com	"
"managingyourbnz.com	"
"lifetimeg0v.com	"
"asb-authupdates.com	"
"costcocashback	"
"crtc.claim-outage.online	"
"costcocashback.com	"
"0001etca.info	"
"members-redeem-annual-coupon.ca	"
"loginyourbnz.com	"
"medicare.ref1147x.com	"
"ausinfo.ref1147x.com	"
"nzpost.ref1147x.com	"
"suncorp-web-login.com	"
"icuarus247explorant.com	"
"comm-login.com	"
"auspost-auth.com	"
"authentication-mygov-secure.com	"
"fiopb.com	"
"canadaposte-postcanada.com	"
"secure-commbank-transactions.info	"
"op.fi-verkossa.com	"
"ca-amazone.com	"
"mygov-login-au.com	"
"secure-post-collection.net	"
"secure-an-post.com	"
"tdeasywebverification.com	"
"telusservers.online	"
"comm-login-sec-au.com	"
"fiopc.com	"
"inter-ink.info	"
"op-fi-in.co	"
"vahvistaa.fiopd.com	"
"op.fi-verkossa.net	"
"agi-inter-autodeposit.com	"
"et0000-in.info	"
"deposit-etransfer.info	"
"mycostcocash.com	"
"webslumin.com	"
"ptsb.mobiopen24ire.com	"
"cragency-secure.online	"
"bnzauthcancellation.com	"
"td-twofactor.com	"
"payment-telus.com	"
"postnz.live	"
"loginauthbnz.com	"
"managepostau.com	"
"778et-int.info	"
"securedmoney.ca	"
"suncorp.com.au-help.app	"
"amazon-help.ca	"
"costco-ret.com	"
"canadapostdelivery.ca	"
"rbc-information2.com	"
"anz.com.au-app.link	"
"telusicuarus247can.com	"
"my.income-update-secured.net	"
"anz.com.au-help.app	"
"auth-services-mygov.com	"
"cadreturn-cra-2.com 	"
"cadreturn-cra-2.com	"
"mobilewebrebate.co	"
"dbs-digi.com	"
"authenticationalert-serviceca.info	"
"my-govau.com	"
"op.fi-verkossa.co	"
"redeliverymail.live	"
"import-levy.com	"
"applepay-register.com	"
"aut001netflx-help.com	"
"parcel-redirect-service.co	"
"op-fi-in.com	"
"applepay-renewdashboard.com	"
"postnord-sikker.top	"
"approval-santsuk.com	"
"e-transfer-interac.online	"
"www.securitytdeasyweb1.com	"
"securitytdeasyweb1.com	"
"sebsinfos.com	"
"turbonetlinkprotect247govca.com	"
"refautodeposit.com	"
"telusclients-reminder.com	"
"obtainableprofits.ca	"
"an-post-chargefeeinvoive.com	"
"energy-scheme.online	"
"recoveryfundsca.org	"
"mytelus.info	"
"lifetime2return.com	"
"payment-netfliix.info	"
"impotquebec.cc	"
"anpost-itemisationid.com	"
"refundsbacktel.us	"
"canadarevenucra.top	"
"canada.post-office.ca	"
"canadianpostal.ca	"
"reschedule-canadapost.com	"
"redelivery-canadapost.ca	"
"get-my-personal-reward.ca	"
"executive-client-reward.ca	"
"see-member-reward.ca	"
"mail-canadapost.ca	"
"attempted-canadapost.ca	"
"taxreturngst.ca	"
"post.canada-office.ca	"
"cra-emtaccept.com	"
"00000ca.info	"
"auspost-confirm.com	"
"telreturns.com	"
"auspost-secure.com	"
"recoveryfunds.top	"
"telmobility.com	"
"auspost.com.au-review.link	"
"mygov-secure-login-au.com	"
"nz-bnz-co.nz	"
"costcorebates.ca	"
"my.dashboard-infomation-securely-update.xyz	"
"anpost.mailservices-fees.com	"
"infospostn.com	"
"mygov-auth-login.com	"
"freedom-mobile.tk	"
"secure-netflix-refund.top	"
"auspost.com.au-reviewal.info	"
"helpdesk-info-renew.com	"
"santander-logon.com	"
"fi-op-in.co	"
"uk.gov-bills.com	"
"nflixsupp1.com	"
"dublinanpost.com	"
"revenu-agency.co	"
"wwww.revenu-agency.co	"
"nflixsupp1.online	"
"nflixsupp1.co	"
"fi-op-co.in	"
"santander.co.uk-id.info	"
"telreturns.ca	"
"security-anpostfees.com	"
"teluscommunication.info	"
"apple.co.uk-id.review	"
"remit2u.art	"
"cidcteam.com	"
"autodeposit24h.com	"
"facture-netf-reglement.org	"
"in0000-et.info	"
"arrange-nzpost.com	"
"e-transferfederalsdeposits.com	"
"canadareturngst.ca	"
"apple.co.uk-id.info	"
"collect-2022caip.xyz	"
"collect-caip.xyz	"
"collect-caipcan.xyz	"
"collect-caipcanada.xyz	"
"collect-caippay.xyz	"
"collect-caippayment.xyz	"
"scotiabank-reset.com	"
"cadataupdate.com	"
"renew-apwallet-id.com	"
"etrsnfer-insurance.com	"
"compensation-mobile.info	"
"apple.co.uk-reviewal.info	"
"distributefinance.ca	"
"signinauthbnz.com	"
"mobileservi.com	"
"secure-westpac-transactions.info	"
"alerts-rbc.online	"
"stashsecuresend.com	"
"loginauthkiwi.com	"
"telusmobllty.com	"
"supportmybnz.com	"
"fido-mobile.tk	"
"tdeasyweb-reset.com	"
"linkntrc.cfd	"
"infirmicuarus247can.com	"
"etransfert-interac.info	"
"mygov-secure-login.com	"
"auth-sec-login.com	"
"etsec-tel-us.com	"
"sms-etrasnfer.one	"
"calgary.id001967-tickets.ca	"
"restriction.onl	"
"op.fi-digipalvelut.com	"
"energy-bill-rebate.info	"
"fi-op-in.com	"
"canadian-gov.live	"
"www.canadian-gov.live	"
"updatesltd.com	"
"santander.co.uk-confirmation.app	"
"telusmaintenance.com	"
"revenue-govpay.ca	"
"login.ccs-uber.ca	"
"login.cms-uber.ca	"
"login.crs-uber.ca	"
"login.cru-uber.ca	"
"login.crx-uber.ca	"
"login.csn-uber.ca	"
"login.cvs-uber.ca	"
"login.cwr-uber.ca	"
"santander.co.uk-confirmation.info	"
"virement-revenuquebec.com	"
"signin.cwr-uber.ca	"
"secure.cwr-uber.ca	"
"signin.cvs-uber.ca	"
"secure.cvs-uber.ca	"
"signin.csn-uber.ca	"
"secure.csn-uber.ca	"
"employementvoidca.online	"
"signin.crx-uber.ca	"
"secure.crx-uber.ca	"
"signin.cru-uber.ca	"
"secure.cru-uber.ca	"
"signin.crs-uber.ca	"
"secure.crs-uber.ca	"
"signin.cms-uber.ca	"
"secure.cms-uber.ca	"
"signin.ccs-uber.ca	"
"secure.ccs-uber.ca	"
"custompostoffice-mobile.com	"
"ettelushelp.ca	"
"help.id3842.ca	"
"fiona-relief.info	"
"collect-executive-members-reward.ca	"
"000etca.info	"
"147.182.156.185	"
"santander.co.uk-identification.info	"
"24h-autodeposit.com	"
"santander.co.uk-app.help	"
"parkinghall-montreal.city	"
"atbrecovery-easy.com	"
"e-transfertdepositservice.com	"
"assistance-easy-web.info	"
"serviceca-appealdetails.info	"
"recoveryrelief.ca	"
"recoveryrelief.net	"
"scotia-infoalert.com	"
"bnzcancelauth.com	"
"icbcadlnfos091.com	"
"ref-care.info	"
"www.ref-care.info	"
"cxsatisfaction.info	"
"www.cxsatisfaction.info	"
"mobile-compensation.info	"
"nab-secure-transactions.info	"
"asbauthcancelnz.com	"
"santander.uk-identification.info	"
"canadacrahelps.com	"
"www.canadacrahelps.com	"
"securitycibceasyweb1.com	"
"login.help-td.com	"
"login.security-td.com	"
"asbcancelauth.com	"
"members-coupon-reward.ca	"
"cadataupdates.com	"
"coupon-reward-client.ca	"
"rogers.ga	"
"rogers-mobile.tk	"
"directprofits.ca	"
"auspost.au-reviewal.info	"
"rogers.gq	"
"rogers-fundrefl.info	"
"sc-aoid2-2134.net	"
"yearly2cashback.com	"
"www.serviceinstantconnect.online	"
"serviceinstantconnect.online	"
"et-intreactelus.com	"
"virement-revenuquebec.info	"
"tax-claimnz.cc	"
"shawdigitalapy.net	"
"bnz-co-nz.info	"
"loginbnz-co.nz	"
"interac.costco-reimburse.ca	"
"interac-costco.ca	"
"costcorebates.info	"
"rebatecostco.info	"
"rebatecostco.com	"
"secure-services-mygov.com	"
"rebatescostco.com	"
"my.dashboard-network-update.xyz	"
"mygov-sec-log.com	"
"gov-security-auth.com	"
"icbcrefund.ca	"
"icbcinterac.ca	"
"walletrestore-apple-id.com	"
"interac-bcaa.ca	"
"interac-icbc.ca	"
"redirect-service.co	"
"id-oppdater.top	"
"2022-member-coupon-reward.ca	"
"cashbackyearly.com	"
"telusinterac.ca	"
"login.helpdesk-td.com	"
"restore-apwallet-id.com	"
"anpost.postageservice-fee.co	"
"anpost-parcel-reschedule.com	"
"a-t-b.online	"
"auth-td4web.me	"
"c-031redir.net	"
"lnterac-deposit.ca	"
"sa.ntanderx2u3.com	"
"spsugroups.com	"
"cashbackyearly2.com	"
"sgi-autodeposit.com	"
"expressbenefits.net	"
"telus-account-billing.top	"
"netflix-support-billing.top	"
"www.cibcmobilesecurity1.com	"
"cibcmobilesecurity1.com	"
"login.helpdesk-cibc.com	"
"login.helpdesk-cibc.ca	"
"td-bank1.com	"
"td-bank2.com	"
"parkinghalls-montreal.city	"
"bellmobllity.online	"
"interef-cad.top	"
"etlntreac-transf.online	"
"caipet.ca	"
"mobile-transferdeposit.com	"
"netflx.help38421.ca	"
"cracanada.rent	"
"www.cracanada.rent	"
"redflagdeals-prime.net	"
"wirelesscare-assistance.info	"
"uptdcardtos-atb.com	"
"0001in-et.info	"
"parkingcityhallmtl.city	"
"bell-mobility.tk	"
"govofabinsurance.ca	"
"td-banksupport-online.homes	"
"annual-reward.net	"
"mtlparkingsettle.city	"
"td-banksupport-online.us	"
"e8978transfer-deposit.xyz	"
"asbsecurelogin.com	"
"members-collect-reward.ca	"
"get-my-reward-coupon.ca	"
"see-my-annual-reward.ca	"
"executive-members-reward-coupon.ca	"
"simplesendway.com	"
"tvpssaaqca.com	"
"telus-mobility.tk	"
"netfiixbilling.help	"
"helpdesk-dashboard-info.com	"
"internetipank-lhv.com	"
"bendigo.site	"
"auspost.live	"
"energygov-rebate.com	"
"cibc-reactivate.com	"
"365-online-login.co	"
"foodowa.com	"
"mobile-transfer.online	"
"tddsecurenow.co	"
"internetipank-lhv-ee.com	"
"ref00134-easyreset-tdweb.com	"
"costco.annual-fidelity.com	"
"carecoveryrelief.ca	"
"srvceontarioreturn.com	"
"login.brm-uber.ca	"
"signin.brm-uber.ca	"
"secure.brm-uber.ca	"
"ne-t4pgateway.net	"
"login.drc-uber.ca	"
"login.trw-uber.ca	"
"login.ccr-uber.ca	"
"login.rom-uber.ca	"
"signin.drc-uber.ca	"
"secure.drc-uber.ca	"
"signin.trw-uber.ca	"
"secure.trw-uber.ca	"
"signin.ccr-uber.ca	"
"secure.ccr-uber.ca	"
"login.crk-uber.ca	"
"login.crz-uber.ca	"
"signin.crk-uber.ca	"
"secure.crk-uber.ca	"
"secure.crz-uber.ca	"
"signin.crz-uber.ca	"
"0000et-int.ca	"
"signin.rom-uber.ca	"
"secure.rom-uber.ca	"
"auspost-officeverification.com	"
"tdeasywebrequestverification.com	"
"easybuild.solutions	"
"caiprevcan.com	"
"auspost.com.au-online.co	"
"telmobility-transfer.ca	"
"prime-az.com	"
"infoup2date.art	"
"notifyca.com	"
"aus.post-au-ref143.com	"
"auspost.au-online.help	"
"energyukgov-rebate.com	"
"auspost.com.au-online.shop	"
"tps-refund.info	"
"master-visa-only.top	"
"netflix-support-bill0.top	"
"telusmobile.tk	"
"telus-mobile.tk	"
"mygov-sec-login.com	"
"ci-bc1verif.com	"
"anz.com.au-online.co	"
"revenueagency247icuarus.com	"
"auth-verification-appleau.com	"
"lhv-sisene-ee.com	"
"santander.info-auth.com	"
"santande.r-uk-ref113.com	"
"login.accounts-telus.com	"
"login.account-telus.com	"
"login.identity-telus.com	"
"login.manage-telus.com	"
"login.promo-telus.com	"
"login.promos-telus.com	"
"login.promotion-telus.com	"
"login.promotions-telus.com	"
"signin.accounts-telus.com	"
"signin.account-telus.com	"
"signin.identity-telus.com	"
"signin.manage-telus.com	"
"signin.promo-telus.com	"
"signin.promos-telus.com	"
"signin.promotion-telus.com	"
"signin.promotions-telus.com	"
"cra-secure.one	"
"emt-idsec15.one	"
"10crauthenticate15.one	"
"1510id.one	"
"emt-securid10.one	"
"secure.account-telus.com	"
"secure.accounts-telus.com	"
"secure.identity-telus.com	"
"secure.manage-telus.com	"
"secure.promo-telus.com	"
"secure.promos-telus.com	"
"secure.promotion-telus.com	"
"secure.promotions-telus.com	"
"autodeposit613.com	"
"lhv-turvaline.com	"
"app-scotiabank.com	"
"applepay-info.com	"
"freeprime.ca	"
"www.freeprime.ca	"
"gov2yk.art	"
"depositservicegov.com	"
"depositservicefederal.com	"
"e-transferfinanceservice.com	"
"e-transferfinancialservice.com	"
"e-transferservicedeposit.com	"
"apple.co.uk-confirmation.review	"
"costco.annuai-fidelity.com	"
"sant-pg.info	"
"aupost-alerts.com	"
"fiona-relief.online	"
"etransferunclaimedfundsdeposit.info	"
"cashbackannual.com	"
"cashback-annual.com	"
"asbdeauthcancel.com	"
"anzcancelauth.com	"
"inflation2022.net	"
"wbauthe.com	"
"interactransferonline.com	"
"vis-master.top	"
"kiwibank.me	"
"imagin.ayuda-pago.net	"
"annual-executive-reward.ca	"
"clientcare-cibc.com	"
"costco.id72915.com	"
"costco.id37482.com	"
"rebate-costco.com	"
"rebates-costco.com	"
"wholesale-costco.ca	"
"membership-costco.ca	"
"costco.id93102.com	"
"costco.id58927.ca	"
"costcomemberships.com	"
"costco-wholesale.ca	"
"reward-costco.ca	"
"bnzrequireauth.com	"
"asbrequireauth.com	"
"inter00-ca.info	"
"wbauthe.xyz	"
"gov-energyrebate.com	"
"helpdesk-net-info.com	"
"saaqtvpsca.com	"
"lnteracca-transfmobility.com	"
"funds-returncanada.ca	"
"137.184.7.204	"
"netbank.website	"
"serviceca-authenticationalert.info	"
"asbsecuremanager.com	"
"helpdesk-applepay-renew.com	"
"auth-apple-au.com	"
"cibc-security-web.com	"
"www.cibc-security-web.com	"
"revenuquebec.support-financier-automne2022.gq	"
"unicaja.ayuda-pago.net	"
"help-boi.info	"
"security-365.info	"
"help-center-net.online	"
"reactivate-apwallet-dashboard.com	"
"boi-support-service.com	"
"telus-tele-com.live	"
"telus-tele-com.online	"
"hypnodebblegov247ca.com	"
"telus-interac.com	"
"claim.crm-caip-on.ca	"
"claim.crx-caip-on.ca	"
"claim.csm-caip-on.ca	"
"claim.csr-caip-on.ca	"
"claim.help-caip-on.ca	"
"claim.identify-caip-on.ca	"
"claim.identity-caip-on.ca	"
"claim.verify-caip-on.ca	"
"login.acc-costco.ca	"
"login.acct-costco.ca	"
"login.crm-costco.ca	"
"login.csm-costco.ca	"
"login.csr-costco.ca	"
"login.csx-costco.ca	"
"login.help-costco.ca	"
"login.identity-costco.ca	"
"carelieffunds.ca	"
"e-transferservices.com	"
"fiona-relief-support.com	"
"easywebtdrequestverification.com	"
"crainteracref019462.com	"
"canadarelieffunds.ca	"
"membership-annual-reward.ca	"
"telusmanucare247can.com	"
"executive-membership-annual-reward.ca	"
"asbmanagealert.com	"
"e-000tr.info	"
"revenu.quebec-taxcredit-clientid7896.cf	"
"supportingmybnz.com	"
"www.crarevenue.org	"
"crarevenue.org	"
"et-depo-can-certi.com	"
"mobileassistance.info	"
"portal-scotiabank.com	"
"asbcancellationservice.com	"
"netflixingsupport.online	"
"cra.rent	"
"www.cra.rent	"
"mobilityassistancecenter.com	"
"2022-coupon-reward-wholesale.ca	"
"collect-caipca.xyz	"
"secure-caclimateact.xyz	"
"mobility15.com	"
"bell.mobility15.com	"
"secure-caip.xyz	"
"secure-caip2022.xyz	"
"collect-caip2022.xyz	"
"canada-relieffunds.ca	"
"ca-relieffunds.ca	"
"i0nl1ne.com	"
"revenu.quebec-support-automne2022.gq	"
"revenu.quebec-impots-client6295.gq	"
"bc-election.com	"
"clientcrdmandate-atb.com	"
"bnzcancellationnz.com	"
"supportingmyasb.com	"
"e-transferdepositservices.com	"
"bnzmanageralert.com	"
"canada04.com	"
"bell.canada04.com	"
"members-annual-reward.ca	"
"seccadlnfos1022.com	"
"membership-annual-reward-coupon.ca	"
"mob-kiwibank.me	"
"rbc-information1.com	"
"etransferpending.online	"
"netflx.id38421.info	"
"et-entrac.online	"
"www.mb-kiwibank.com	"
"secure-anz-login-ib.com	"
"overcharges-netflix.com	"
"service-login-secure-mygov.com	"
"mob-compensation.info	"
"sec-scotia.info	"
"annual-return.ca	"
"mb-kiwibank.com	"
"redirectservice.co	"
"nexi-pay-it-login.com	"
"review-applewallet-security-au.com	"
"auth-td2web.me	"
"mygov-services-login-secure.com	"
"easywebtdverify.com	"
"mobianpost-custosmfee.com	"
"telussystemreturn.online	"
"e-transferfundsfederal.com	"
"myincome-update-secure.net	"
"fiona-relief-fund.com	"
"mobility09.com	"
"telus.mobility09.com	"
"hsbc-mt.online	"
"costco-program.com	"
"mobipostofficecustom.com	"
"hsbcnet.live	"
"claim.drp-caip-on.ca	"
"claim.dru-caip-on.ca	"
"claim.ecw-caip-on.ca	"
"claim.erc-caip-on.ca	"
"claim.erm-caip-on.ca	"
"claim.erv-caip-on.ca	"
"claim.evw-caip-on.ca	"
"claim.mrc-caip-on.ca	"
"claim.mre-caip-on.ca	"
"claim.sli-caip-on.ca	"
"agencyrevenue247transcan.com	"
"claim.slr-caip-on.ca	"
"claim.xre-caip-on.ca	"
"ref-interst.com	"
"asbcancelserviceauth.com	"
"mobileanpostcustom.com	"
"asbsecuritymanager.com	"
"cra-interac.com	"
"e-transferfederaldeposits.com	"
"et778-in.ca	"
"si-rbcroyalbank.com	"
"canada010.com	"
"bell.canada010.com	"
"caip-collectcanada.xyz	"
"caipcollect-canada.xyz	"
"canadacaip-collect.xyz	"
"canada-collectcaip.xyz	"
"collect-caipcnda.xyz	"
"saaqcc.info	"
"cadatareturns.com	"
"anz-auth-payment.com	"
"uptdportal-atb.com	"
"yearly2reward.com	"
"banksupport-time-online.support	"
"my-personal-reward-coupon.ca	"
"membership-annual-return.ca	"
"canada-interactrust-web-1.com	"
"cadlnfossecured0011.com	"
"claims-it.com	"
"costc-fi.com	"
"mobility-transfer.xyz	"
"saaqpermispaiement.com	"
"up-transactions.online	"
"mobility-support.online	"
"city.id4120bc-tickets.ca	"
"returntelus.com	"
"ato-returns.com	"
"telusrefund.ca	"
"pos-can-paym.net	"
"d-gate-paym.net	"
"ato-profile.com	"
"climateincentive-etransfer.com	"
"4545.77.76756.com	"
"annual-summit.online	"
"telusassistance.ca	"
"review-sec-mygov.com	"
"serviceca-noticedetails.info	"
"anz-secure-authentication.com	"
"bmocloud-access.info	"
"bmocloud-secure.info	"
"bmocloud-services.info	"
"secure-auth-appleau.com	"
"bmoaccess-web.info	"
"bmosecure-access.info	"
"bmosecure-web.info	"
"aib-secure-authentication.com	"
"alert-transactions.online	"
"unusual-anztransactions.online	"
"ie-revenue.online	"
"ros-ie.online	"
"mobileboionline.com	"
"applerestore-wallet-id.com	"
"portaldepositgc.info	"
"m-auspost-au.com	"
"boimobiconfirm.com	"
"return-centre-telus.com	"
"lhv-konto.com	"
"apple.co.uk.reviewals.net	"
"transfer-globalizationcare247.com	"
"topredeemreward.com	"
"e-transfer-funding.com	"
"45.9.148.201	"
"boimobiconfirmation.com	"
"www.cracanada.online	"
"cracanada.online	"
"crarevenue.online	"
"www.crarevenue.online	"
"nexipayconto.com	"
"lhv.toetus-ee.com	"
"apple.co.uk-help.info	"
"collect-membership-reward-coupon.ca	"
"members-executive-reward-coupon.ca	"
"www.scotiabank-securitywebsite01.com	"
"scotiabank-securitywebsite01.com	"
"carecoveryrelief.com	"
"ca-recoveryrelief.ca	"
"asbmanagerequest.com	"
"fed-autodeposit.com	"
"tel-tech.ink	"
"ontario.government-taxes-client0127.gq	"
"securitycancelbnz.com	"
"interac-web.ca	"
"customer-online.info	"
"m-comm-secure-au.com	"
"mycra-interac.com	"
"bnzmanagerequest.com	"
"tel-customermobility.info	"
"telus-resources.com	"
"securemybnz.com	"
"hurricane-fiona-relief.com	"
"netflx-en.ca	"
"remitbeeonlinepay.com	"
"costco-support.info	"
"supportauthnab.com	"
"renew-id-aprestore.com	"
"securemyanz.com	"
"costco-redeem.info	"
"netflx-pay.ca	"
"ontario.government-taxes-client54345.gq	"
"telusmob-refund.com	"
"td-support.info	"
"wholesalecostco.info	"
"my-costco.online	"
"anz-payment-cancellation.com	"
"ontario.taxes-client0127return.gq	"
"notificationrewards.info	"
"mygov.support	"
"my.helpdesk-myaccount.net	"
"freedommobile.tk	"
"www.mlontarioproperties.com	"
"bmoweb-app.info	"
"bmoweb-portal.info	"
"portal-app-bmo.info	"
"portal-bmo-app.info	"
"portal-bmo-web.info	"
"portal-web-bmo.info	"
"serviceontario.site	"
"intrac-transfer.ddns.net	"
"annual-bell.report	"
"lhvee-konto.com	"
"helpdesk-renew-info.com	"
"rbc-information3.com	"
"revenu.quebec-impots-clients0196.gq	"
"apple.co.uk-access.info	"
"telusimperialcare247can.com	"
"apple.co.uk.reviewals.org	"
"reviewals.org	"
"alfakcit.com	"
"revenu.quebec-retour-impots-client2656.gq	"
"lhv-kindlustatud	"
"e-transfer-fundings.com	"
"anpost.delivery	"
"lhv-turvalisus.com	"
"bnzremovalmanager.com	"
"montelus.live	"
"vim-ly.monster	"
"bellassistance.org	"
"securityhelpbnz.com	"
"securityhelpwestpac.com	"
"tel-inc.live	"
"cibconline.myvnc.com	"
"review-attempted-info.com	"
"arc-interac.live	"
"affordablesend.com	"
"auto-cra-deposit.com	"
"canadarevenueagency-gov-on.com	"
"get-annual-members-reward.ca	"
"annual-member-reward-coupon.ca	"
"mymobility-transfer.com	"
"ird-nz.co	"
"bnzmanagecancellation.com	"
"interacrevenuquebec.site	"
"www.desjardinprivacysecurityweb.com	"
"desjardinprivacysecurityweb.com	"
"transfcanada-lnterarc.com	"
"intrac-online.myvnc.com	"
"intrac-trans.myvnc.com	"
"insta-trans.myvnc.com	"
"insta-etrans.myvnc.com	"
"etransfer.biz	"
"instant-etrans.myvnc.com	"
"intra-etrans.myvnc.com	"
"etrans-intrac.myvnc.com	"
"rides-return.online	"
"etrans-intra.myvnc.com	"
"telecom-project-survey.info	"
"etrans-online.myvnc.com	"
"transfer-bchydro.com	"
"transfer-hydro.xyz	"
"certifiedequity.ca	"
"transfer-int.online	"
"myportal-security.com	"
"directprofit.ca	"
"chatrmobile.tk	"
"anz-update-info.net	"
"rogers-fundfer.info	"
"fundserv-telus.info	"
"redeem-reward.com	"
"secure-netbank.online	"
"secure-anzdevice.online	"
"amazon-p8vs.com	"
"my.income-securedupdate.net	"
"review-security-cba.com	"
"tel-returns.com	"
"www.costco-rewards.com	"
"cibconline.ddns.net	"
"helpdesk-info-renew.live	"
"cibcverify.myvnc.com	"
"cibcverify.ddns.net	"
"cibclogin.ddns.net	"
"cibclogin.myvnc.com	"
"cibc-online.ddns.net	"
"cibc-online.myvnc.com	"
"cibc-verify.ddns.net	"
"cibc-verify.myvnc.com	"
"westpac-one.app	"
"lhv-klient.com	"
"poste-it.app	"
"vaccineahs.in	"
"restoreap-id-wallet.com	"
"etransfer.reclaimedfunds.info	"
"saaaqpermis.info	"
"postal-customfee.com	"
"auto-depositcra.com	"
"redflagdeals-goldstar.net	"
"telus-ability.info	"
"health-ab.in	"
"primeservice.cc	"
"clientsicbc-reminder.com	"
"ifeta.co	"
"ifeta.xyz	"
"et-1n-tarec-hlp.cc	"
"bellbillinginquiries.com	"
"abhealthservice.in	"
"member-personal-reward.ca	"
"member-coupon-reward.ca	"
"et-intrac46894.sbs	"
"int-rac13fdv7.info	"
"et-nterac-f3dv7cbg.sbs	"
"et-intrac.info	"
"et-intrac-f3dv7sbs.info	"
"cooperation-support.info	"
"infopostn.com	"
"securehelpbnz.com	"
"aboutmy-ref.info	"
"e-transferbenefits.com	"
"vaxahs.in	"
"www.securityhelpnab.com	"
"a-h-s.in	"
"1nterac.online	"
"rog1service.ca	"
"si-rbcroyalbank3.com	"
"alpineloan.ca	"
"a-h-s.online	"
"ability-interac.info	"
"rewaredeem.com	"
"federalservicetransfer.com	"
"weeklywage.ca	"
"recognise-anz.com	"
"belserviceclaim.com	"
"collect-caipbenifit.xyz	"
"secure.belserviceclaim.com	"
"telusrefund.net	"
"aulocalpostservice.com	"
"authnzbnz.com	"
"rogers-fundrel.info	"
"bc.id7186-tickets.city	"
"mygov.poste-it.app	"
"my.secure-income-security.net	"
"sn-rbcroyalbank2.com	"
"help.id38400.ca	"
"pendingdepos.info	"
"mygov-auth-review.com	"
"amazonreturn.org	"
"my.app-access-register.net	"
"rogersmobile.tkj	"
"rogersmobile.tk	"
"secure-uptransactions.online	"
"mygov-au.support	"
"mygov.digital	"
"et-interac-telus.ca	"
"et-telus.ca	"
"interac-telus-en.ca	"
"cadicbclnfos.com	"
"imperialtelus247can.com	"
"westpac-au.myvnc.com	"
"ird-nz.myvnc.com	"
"help.id009282.ca	"
"interac-onlineability.info	"
"my.payment-dispute-secure.net	"
"ability-interaconline.info	"
"sn-rbcroyalbank.com	"
"1torontodomioneasy-wwb.net	"
"1torontodominioneasy-wwb.net	"
"apple-pay.myvnc.com	"
"ing-au.myvnc.com	"
"annualwide-return.online	"
"telmobilitycommunication.com	"
"helpability-interac.info	"
"authaib.com	"
"internac-ly.monster	"
"new-add-revise.com	"
"lp-scotiabank.com	"
"anzreviewsecurity.com	"
"interatsteluszmobility3.com	"
"etranc-online.myvnc.com	"
"online-etrans.myvnc.com	"
"clientportal-atb.com	"
"etrac-onl.myvnc.com	"
"telusmobility-cloudservice.info	"
"telusmobility-update.info	"
"etrns-online.myvnc.com	"
"carecoveryfunds.org	"
"intrac-etrans.myvnc.com	"
"online-etrans.ddns.net	"
"saaq-autoassu.com	"
"etranc-online.ddns.net	"
"intrac-etrans.ddns.net	"
"etrac-onl.ddns.net	"
"online-etranc.ddns.net	"
"cradepositauto.com	"
"canadachildbenefit.online	"
"etransferpending.live	"
"depositservicefunds.com	"
"costcoreturn.com	"
"au-mygov.com	"
"etonline1827.ca	"
"costco-returnaccess.com	"
"txincomcad.top	"
"bccatc.in	"
"cadrevagence.top	"
"bendigoalerts1on1.live	"
"reactivate-applepay.store	"
"mytelusportal.com	"
"collectoct-caip2022.xyz	"
"collect2022-caip.xyz	"
"collect2022oct-caip.xyz	"
"collectcaip-2022.xyz	"
"collectcaip-oct.xyz	"
"collectoct-caip.xyz	"
"et-ability.info	"
"serviceclaimrog.com	"
"secure.serviceclaimrog.com	"
"returntaxincome.online	"
"bendigoalerts1on1.live/aup	"
"deny-recentpay34918.com	"
"sm-intrac.info	"
"amazon-return.com	"
"client.id92170icbc.ca	"
"ca000-et.info	"
"depositfunds.online	"
"app-help-dashboard.info	"
"review-applewallet-au.com	"
"telusethelp.ca	"
"revenuquebec-retour.ca	"
"verify-applepay.myvnc.com	"
"secure-navigation.info	"
"client.icbc9184.ca	"
"secure-verification-appleau.com	"
"webpageupdate.info	"
"secure-nztaxrefund.info	"
"verify-westpac.myvnc.com	"
"my.income-security-protect.net	"
"lnf0supp0rt2g6d33w.com	"
"sn-rbcroyalbank1.com	"
"commbank-au.myvnc.com	"
"medicare-auth.com	"
"my.suspicious-activity-protection.net	"
"cba-logonaspx.myvnc.com	"
"aib-authentication-service.com	"
"ptsb.pro	"
"anz-inetbank.myvnc.com	"
"anpost-courieralert-fee.com	"
"www.bendigoalerts1on1.live	"
"cra-portal.com	"
"e-transferfundingservices.com	"
"onlinedepositetransfer.ca	"
"executive-membership-reward.ca	"
"member-coupon-rewards.ca	"
"apple.co.uk-reviewal.online	"
"supportnabonline.com	"
"teammobilitytechsupport.info	"
"bellautility.com	"
"e-transferpay.ca	"
"anpost.ie.customcharge-alert.com	"
"overcharge-center.com	"
"fiona-relief-aid.info	"
"wholesalecostco.eu	"
"wholesale-support.info	"
"mycostco-whole.info	"
"my-rewardcostco.xyz	"
"telusapp.ca	"
"telusrsystemissued.online	"
"canadianservicedeposit.com	"
"netflix-bill-update.info	"
"deposit-canada.info	"
"caip-collection.xyz	"
"anz-au.myvnc.com	"
"cra-caip.xyz	"
"caip-benefit.xyz	"
"cra-benefit.xyz	"
"return-tel.com	"
"benefit-collect.xyz	"
"caipbenefit.xyz	"
"cracanada.info	"
"www.cracanada.info	"
"e-transfert-depositservice.com	"
"prestation-ca.info	"
"toronto.id07721-parking.city	"
"avenirqcc.top	"
"telusmobility-interac.info	"
"helpdesk-supportanz.com	"
"rbc-bank.ca	"
"online-portal-support.com	"
"recentactivity57673.com	"
"imperial-agencyterm247can.com	"
"reversalserviceon.com	"
"authentication-serviceca.info	"
"remindericbc-clients.com	"
"rogersmobility.online	"
"recoverbnzlogin.com	"
"crarevenue.rent	"
"www.crarevenue.rent	"
"santnder-pt.com	"
"clienthelpid3t2u67.com	"
"securesite-auth-mygov-verification.com	"
"securesite-verification-appleau-auth.com	"
"mobiledata-rebate-deposit.live	"
"secureaccesssbca.com	"
"comm-secure-review-au.com	"
"ausposthelp.net	"
"login-anz.myvnc.com	"
"my.gvt-security-online.net	"
"my.gvt-secure-update.xyz	"
"aib-transactions-review.com	"
"secure-westpac.myvnc.com	"
"nexi-it.co	"
"ibnab-au.myvnc.com	"
"activobank-pt.com	"
"nab-ib.myvnc.com	"
"telusmobility.mobility543.com	"
"et.intrerac.org	"
"intrerac.org	"
"cra-interac-gouv.live	"
"knockastelefoncra247ca.com	"
"sntnder-pt.com	"
"interacteam.online	"
"centre-return-telus.online	"
"et-etransflnterarc.com	"
"crafundsdeposit.com	"
"reauthentication-service.com	"
"ib-secure.net	"
"bnzsecuritymanager.com	"
"supportbnznz.com	"
"telmobilecorp.com	"
"portal-reimburseclaim.com	"
"secure.portal-reimburseclaim.com	"
"et-appealdetails.info	"
"directcanadatrustweb.com	"
"secureloginbnz.com	"
"finance-depositfederal.com	"
"www.who-iz.click	"
"recoveryrelieffunds.ca	"
"recoveryrelieffunds.com	"
"asb-secureupdate.com	"
"financialdepositservices.com	"
"etrecvgrants.com	"
"telmobile-transfer.xyz	"
"mobilitytelus-interac.info	"
"interact.gold	"
"mobiledeposit.ca	"
"testkit-booking.com	"
"atb.mychequing.com	"
"interactelus-mobility.info	"
"infraction-parking22.city	"
"constats-infractions.city	"
"constat-montreal.city	"
"constat-infraction.city	"
"supportasbnz.com	"
"aulocalpostdepot.com	"
"ca-nelfl1x.online	"
"secure-transaction.net	"
"fresh22fade.tel	"
"goldstar-benefits.net	"
"help-testkit.com	"
"customer-auth.info	"
"redelivery-auspostexpress.online	"
"infractions-montrealparking.city	"
"canadarevenuagencycra.top	"
"ing-ib.myvnc.com	"
"cracanada.homes	"
"www.cracanada.homes	"
"notification-access.com	"
"cbic-secreset.info	"
"netflix-bill-update.com	"
"sc-ids-fund.online	"
"canadareveneu.site	"
"secure-netbank-transactions.online	"
"lnterac.kzpppp.one	"
"my.income-update-secure.net	"
"cba-securelogin-au.com	"
"canadagov-resources.com	"
"applepay-support.myvnc.com	"
"unusual-anztransactions.info	"
"secure-bendigo-transactions.online	"
"my.secure-income-update.net	"
"gov.energy-apply.com	"
"bendigo-logons.com	"
"review-wallet-sec-au.com	"
"updatedatacenter.ca	"
"financialservicesdeposit.com	"
"codevip35.ca	"
"telusreturn.net	"
"telus-bill-update.com	"
"lhv-ee.co	"
"intrecasc.com	"
"telus-mobility-payments.com	"
"rogersmobilityservice.online	"
"mastervis.top	"
"cadcarrierrepay00he1p.com	"
"financial-institution-deposit.com	"
"refservice.ca	"
"bellmobility.refservice.ca	"
"ib-au.info	"
"nab.ib-au.info	"
"sasktelwireless.codevip35.ca	"
"nabib-au.myvnc.com	"
"paymentverif.ca	"
"lnteracdeposit.drsspp.site	"
"ref-gst598.com	"
"drsspp.site	"
"et-lnterac-sk.ref-gst598.com	"
"lnterac10001.drsspp.site	"
"revenuquebec-retour.info	"
"aib.ie.auth402-alert.com	"
"trustsecure.org	"
"depositfinancials.com	"
"fundsdeposit24h.com	"
"costco-ref.com	"
"netflix-ca1.com	"
"storm-help.live	"
"activationamaz0n.com	"
"netflix-ca.com	"
"anpost.ie.dutyfee-alert.com	"
"supportbnzauth.com	"
"mondossier.online	"
"caipinteracref005945.com	"
"ca776298.aut2icbc.ca	"
"updateinfo.click	"
"interac-support.online	"
"ausposting-verification.net	"
"id57363.aut001.ca	"
"cainteractrust-web-100.com	"
"anz-support.net	"
"indemnitypayment.com	"
"consumerreceipt.com	"
"verificare-posteit.com	"
"benefitspay.net	"
"authfornzpost.com	"
"apple.wallet-secure-au.com	"
"club-goldstarrewards.net	"
"aumanageyourpackage.com	"
"refund-mygov-au.com	"
"etransfer.telusmobility.99816.id	"
"redelnzpost.com	"
"payment-processing-anz.net	"
"restricted-netbank.com	"
"fidomobile.tk	"
"review-unauth-login-au.com	"
"applepay-support.serveirc.com	"
"bellmobile.tk	"
"helpdesk-info-renew.net	"
"bendigo-dashboard.com	"
"import-postalfees.com	"
"review-anzaccount.info	"
"review-anzaccount-transfers.info	"
"e-transferbankdeposit.com	"
"my.income-update-verify.net	"
"interac-mobilitytelus.info	"
"my.bendigo-verify-secure.net	"
"crae-transferreturn.online	"
"agencytransrevenue247can.com	"
"arc-interac.info	"
"prime-amz.info	"
"amz-prime.info	"
"anpost.ie.dutycharge-alert.com	"
"poste-it.co	"
"easy-webtd.servehttp.com	"
"etrsnfer.net	"
"benefitspaymentservice.com	"
"benefitspaymentservices.com	"
"poste-it.in	"
"apple.co.uk.reviewals.online	"
"atb.securechequing.com	"
"www.tdsecurityservices1.com	"
"tdsecurityservices1.com	"
"g8r1t.ca	"
"benefit-caip.xyz	"
"caip-claim.xyz	"
"cwb-collect.xyz	"
"cwb-collection.xyz	"
"autodepositfundsarc.com	"
"teius-aspp.site	"
"verify.teius-aspp.site	"
"telus-paiement.com	"
"intesracautodepot.com	"
"applereviewals.online	"
"financialbankdeposit.com	"
"member-loyalty-reward.ca	"
"members-collect-executive-reward.ca	"
"atb.safechequing.com	"
"caip-canoctober2022.xyz	"
"caip-october2022.xyz	"
"caip-october2022canada.xyz	"
"helpsecurebnz.com	"
"federalservicepayment.com	"
"cragency.online	"
"www.cragency.online	"
"wireless-services.info	"
"canada-october2022caip.xyz	"
"collect-caipoctober2022.xyz	"
"telrebate.com	"
"et-intcrac.info	"
"walletrestore-dashboard-id.com	"
"telusreturn.ca	"
"bankdepositfinancial.com	"
"helpsecureasbnz.com	"
"secure-anzdevice.com	"
"it-redeem.com	"
"remittance-period.info	"
"transfer-mobile.xyz	"
"helpverifynzpost.com	"
"telusapp.online	"
"securedlink914.com	"
"manitobahydro.99816.id	"
"gov.canada.hst-gst-instantprocessor598.gq	"
"aulocalpostsupport.com	"
"fasttransferpay.ca	"
"www.netflixfailedpayment.info	"
"securenzpost.com	"
"tmobility1.com	"
"ne1flix-os.com	"
"eftbellmob.tk	"
"crafunds.online	"
"www.crafunds.online	"
"rbcaccntonline.ddns.net	"
"rbcaccntonline.myvnc.com	"
"atb.activatedebit.com	"
"rogerseftmobile.tk	"
"serviceca-appeal.info	"
"bendigo-status.com	"
"gov.canada.gst-hst-instantprocessing7854.com	"
"mygov-security-review.com	"
"climateactiontax.com	"
"climateactiontaxcredit.com	"
"catc-bc.online	"
"lhvee-turvaline.com	"
"review-applewallet-sec-au.com	"
"safereturn-app.online	"
"support-applepay.ddns.net	"
"wallet-applepay.ddns.net	"
"anpost-invoiceconveyancefee.com	"
"unclaimed-taxrefund.online	"
"online-protection-guide.com	"
"russell27!	"
"service-authentication.com	"
"aib-ie-serviceconfig.com	"
"depositbankfunds.com	"
"carriersupp0rtcad001telus.com	"
"telus-refund.interact.gold	"
"apple.co.uk-wallet.online	"
"my-gov.ddns.net	"
"hydrorebate.online	"
"rog1supp.ca	"
"depositbankselect.com	"
"app-verifier.com	"
"on-canadarevenueagency-gov.com	"
"rogersrewardreturn.online	"
"servicesfederalpayments.com	"
"federalpaymentservices.com	"
"authca09831.info	"
"interac-deposit.myvnc.com	"
"nexi-it.cc	"
"canadaintern247help.com	"
"remittance-respond.info	"
"netlixerrorpayments.top	"
"federalpaymentservice.com	"
"fedgovservicepayment.com	"
"crapaymentclaim.online	"
"etransferaccept.ca	"
"selectfinancialbank.com	"
"bank-selection-depositcra.com	"
"supportnzbnz.com	"
"apple-pay-revoke.com	"
"profile-mygov.ddns.net	"
"teius-secure.info	"
"support-telus.com	"
"freedomemt-return.com	"
"applepay-inactive.com	"
"telus-mob.online	"
"sm-fuds-gov.info	"
"reactivate-dashboard-wallet.com	"
"crahelps.online	"
"www.crahelps.online	"
"e-intract.online	"
"refcr-ainter.com	"
"dhlnotice.com	"
"delivery-dhl.com	"
"dhlprocessor.com	"
"dhlreschedule.com	"
"cadgovpayment.online	"
"fiona-benefits.art	"
"funds-deposit.ca	"
"caipinteracref0003925.com	"
"info-helpdesk-renew.com	"
"club-goldstarbenefits.net	"
"saskatchewan.satc-payprocessid93845.com	"
"auspostalservice.com	"
"secureverifybnz.com	"
"helploginasb.com	"
"restore-apple-id.com	"
"online-bll.one	"
"outage-rebate.online	"
"netfllx.me	"
"post-officeau.ddns.net	"
"ib-nab.myddns.me	"
"applepay-wallet.myvnc.com	"
"parcelredirect.co	"
