Domain	
vaccineincentiveprogram.in	
bankdepositfunds.com	
nexi-it.in	
bmo-verification.com	
tsecurity1.com	
paymentsreturntelus.online	
anpost-package-redelivery.com	
bmo-verification.ca	
etrsnfer-direct.com	
bmoverification.ca	
bmoverification.com	
et-int.ca	
telus-payment.com	
kicks4you.info	
support-bmo.ca	
support-bmo.com	
benefitstransfertonline.com	
gcdepositportal.info	
entertrustcanadaweb.com	
fystercommi247govca.com	
financialbanktransfer.com	
bankfundsdeposit.com	
declarationprovincial.online	
beneficial-wholesaleadvantages.net	
wholesale-advantages.net	
wholesale-beneficialadvantages.net	
www.tdauthentificationprocess.com	
tdauthentificationprocess.com	
erecovgrants.com	
anpost.ie.importfee-alert.com	
mylogin-authentication.com	
tdsecurityauthprocess.info	
www.tdsecurityauthprocess.info	
aib.ie.auth-id213.com	
identity.auth.atb.645912.com	
identity.auth.atb.647186.com	
identity.auth.atb.433917.com	
billing-telus.net	
depocracanada.com	
recovery-fundscanada.ca	
recovery-fundscanada.com	
auspost.au.auth-id213.com	
financials-bankdeposit.com	
insurance-refund.ca	
member-see-reward.ca	
access-member-reward.ca	
rogerrs-depo.online	
notification-view.com	
service-claim-apply.com	
my.payment-verify-update.net	
secure-review-apple-pay.com	
poste.it-conto.co	
my.update-payment-secure.net	
financialbankfunds.com	
telussystemreturn.ca	
anpost-parcel-service.com	
8auth-scotiaonline-scotiabank.com	
intrerac.ca	
et.intrerac.ca	
crarevenue.live	
www.crarevenue.live	
login-anz.ddns.net	
telmobilcorp.com	
anpost-importconveyance-fee.com	
anpost-distributionfeeinvoice.com	
benefitsfederaltransfert.com	
anpost-alerts.com	
gst-can-revenu.ca	
the-interact-entransfert.online	
enterac.online	
anpost-deliveranceinvoice.com	
financialbankfundsdeposit.com	
tdrestoreweb.com	
energy-rebate-uk.com	
policyuptd-atb.com	
e-intranct.online	
recoveryrelief-funds.ca	
recoveryrelief-funds.com	
gov.energy-rebate-uk.com	
auth-account.info	
bankofmontreal.re-activation-bmo.com	
aulocalpostassistance.com	
ctps2022.ca	
aus-post-reschedule.com	
telusrefundprogram.com	
suncorp-device.com	
icbc.aut001.ca	
see-personal-reward-coupon.ca	
member-loyalty-coupon-reward.ca	
secure-web-login-anz.com	
gov-aus.info	
account-alert.online	
gov-alert.info	
aus-medi.info	
www.telus.pw	
aus-gov.online	
secureaib.com	
lhvee-toetus.com	
auspost-depot.com	
postal-customs.com	
open24.ie.auth-id213.com	
anpost-importconveyance-payment.com	
who-iz.click	
moey-dispositivos.com	
thetelus.online	
info-report.online	
bellupdate.com	
mobile-ca9jy3rp9.online	
postservice-customfees.com	
mobilityetransfer.myvnc.com	
mobilityetransfer.ddns.net	
caipinteracref058219.com	
postoffice-feesnotice.com	
bilmobleturn.ca	
canadacradepo.com	
claimcostco.com	
oerportalca.org	
lnterac.refund.info	
info-td-trust.shop	
te1umsg.com	
vrf-custmdetails.info	
depositcaip.xyz	
anpost-remittancecharge.com	
collectcaip.xyz	
caipcollect.xyz	
caip-canada.xyz	
collectcaip-canada.xyz	
in0778-et.ca	
icbccustomers-reminder.info	
depositfinancialfunds.com	
directsavetrustweb.com	
etbenefgrants.com	
reftelusportal.link	
retour-taxes-agence.top	
secureloginasbnz.com	
mobilitytransferdeposit.com	
mobilityprepay.cc	
aupostlivesupport.com	
mobilityclient-transfer.com	
auth-acc.info	
cadlnfcst2022.com	
medi-aus.info	
data-check.me	
service-amzoncanada.com	
detail-update.info	
interacalertteam.ca	
post-alert.info	
review-asb.online	
reactivate-cba.online	
serviceca-alert.info	
bendigo-security-review-au.com	
etransfer.online	
int-er2c.com	
mytelusnotification.info	
depot-auspost.com	
cba-netcode.app	
login-netbank.ddns.net	
postcustoms-portal.com	
secure-web-nexipay.com	
securise-latoile-connexion-n26.fr	
nexi.pay-it-appoggiare.com	
fees.anpostoffice-notice.com	
etrnsfer.org	
anpost-importfee-payment.com	
e-intrac.live	
fees.postofffice-customs.com	
td-trust-info.site	
re-enable-appleid-online.com	
canadacra-depo.com	
teluspayment.info	
telus-etransfer.myvnc.com	
anpost.ie.alert-importfee.com	
telus-etransfer.ddns.net	
customs.fees-anpost.com	
authentication-td.serveirc.com	
canadatxtrevenuesagencys021.com	
logon-aspx.online	
ca-sh-portalty.com	
postalservice-customfees.com	
import-onlinecustoms.com	
moey-seguranca.com	
refundprogramtelus.com	
bilmoblecad.ca	
analystdata-updates.com	
amzonhelp.com	
telus-interac.myvnc.com	
interac-team.ca	
secured-caipcanada.xyz	
secured-caipcanada2022.xyz	
secured-caipcanadaoct.xyz	
secured-caipoctcan.xyz	
secured-cancaip2022.xyz	
secured-canadacaip.xyz	
00000int-ca.info	
td-trust-info.xyz	
mobility-transfers.com	
review-anzdevices.online	
repairnzpost.com	
amazon-info.live	
review-mygov-services.net	
sc0tia.online	
scotia-online.myvnc.com	
sc0tia-online.myvnc.com	
sc0tia-online.ddns.net	
00281.ddns.net	
c0mm8ank.ddns.net	
cba-netcode.myvnc.com	
my.update-income-verify.net	
repairbnznz.com	
mokafinancial.tk	
etransf-lnterarcref.com	
cb00428.myvnc.com	
review-westpacdevices.online	
mygov-verification-au.com	
navigation-securepay.info	
commonwealth-au.ddns.net	
anpost-importconveyance-feepayment.com	
identity.auth.atb.personal72.com	
identity.auth.atb.personal22.com	
identity.auth.atb.personal27.com	
anpost-customfees-service.com	
dispositivos-moey.com	
anpost.ie.alert-customscharge.com	
secured-web-login-pstb.com	
10001inter.com	
anpost.payfees-online.com	
www.crahelps.info	
crahelps.info	
anpostal.com	
customs-postalservice.com	
telus-mobility.refund.gold	
recovery-relieffunds.com	
recovery-relieffunds.ca	
et-3319.ca	
moey-alerta.com	
royal-v-b-v.info	
updtmandate-atb.com	
telusmobilityreturn.online	
bmo.livevalidation.online	
cba-netcode.ddns.net	
rbccustomers.com	
customeraccount.ca	
newrecipientsbnzcancel.com	
newrecipientasbcancel.com	
00ecomm.info	
rbcsecurityservices1.com	
www.rbcsecurityservices1.com	
etrsnfer321.com	
executive-client-reward-coupon.ca	
executive-member-coupon-reward.ca	
newrecipientbnzcancel.com	
etbenefgrants.live	
crafunds-bankselection.com	
portal-access-rbc.info	
portal-rbc-app.info	
portalweb-rbc.info	
rbc-portal-web.info	
rbc-web-portal.info	
webportal-rbc.info	
bank-funds-deposit.com	
federaldirectservice.com	
federaldirectdeposit.com	
anualcashback.com	
acceptetransfer.ca	
et-0351.ca	
goodservicestax.ca	
customersaccount.com	
dominionpayment.ca	
interasc.net	
atb.svcmandateform.com	
lnterac-cra.com	
www.crahelp.info	
crahelp.info	
anpost.ie-customfees.com	
suspicioussecure-rbc.art	
cad-datanotficationcenter.com	
telsecure-navigation.info	
depositerror.info	
fido-interac.info	
revenu.quebec-retour-impots-client027.ca	
interactpay.net	
xn--b1ab7b.com	
interac.deposit-ca-returns.com	
service-canadarefund.com	
mygov-verification-sec.com	
mokacanada.tk	
rebate-aus.ddns.net	
review-outages.online	
money.deposit.deposit-ca-returns.com	
my.verify-income-secured.net	
accxxxx-imidiat.click	
connect-accxxxx.online	
accxxxx-imidiat.cfd	
tl-authenticationsupport.info	
authtr92741.info	
applepayaustralia.myvnc.com	
interatteluscmobilityzcanadas8.com	
postservice-importfee.com	
cba-alert.myddns.me	
mobile-suncorp.com	
re-enable-appleid-info.com	
refund-telus.net	
helpdesk-dashboard-renew.net	
secured-login-pstb.com	
anpost.fees-online.com	
secure-web-login-pstb.com	
bank-funds.com	
interacsh.online	
bill-energy-scheme.com	
lhv-ee.top	
annualservicereturn.ca	
healthcarecanada-on-gov.com	
telusdeposit.ca	
cr-refauth.ca	
livevalidation.online	
revise-added-attempt.com	
returntelus.net	
crahelp.online	
www.crahelp.online	
can-revenueagency-on-gov.ca	
seuriterevenuagency.xyz	
rbcecurity-info.xyz	
secuuber-frau.site	
moviefilm.site	
goods-servicestax.ca	
interatcanadacommunityz42.com	
www.royalbnksecuritysupport.com	
royalbnksecuritysupport.com	
sec-amaz-frau.site	
amazon-reminder.com	
wallet-applepay.serveirc.com	
inte-crafunds-bank.com	
telusbillingservices.com	
etr4nsfer-inter4c.com	
telus-emtreturn.com	
bell-onlinerefund.com	
etinterac.gl	
etinterac.tk	
etinterac.cf	
caipinteracref001399.com	
intrascte.com	
recipientnabcancel.com	
my.applepay-secure-activity.com	
k2h8z.ca	
et-lnterac-sp.k2h8z.ca	
secure-login-suncorp.com	
www.inte-rac.online	
autodeposit.online	
a5t3m.com	
et-lnterac-ab.a5t3m.com	
bit.ly/3ferflu	
log-co.info	
telus-refund.interact.ac	
auto-deposit.in	
etinterac.ml	
data-log.info	
prime-update.ca	
etranlnterarc.ddns.net	
review-suspended-applewallet.com	
renew-helpdesk-dashboard.live	
postecan2022repay.com	
service-energy-bill.com	
bendigo.serveirc.com	
secure-netbank-transactions.com	
depositinterac.org	
cba-logonaspx.myddns.me	
review-applepay-login.com	
anpost-customservice-fee.com	
anpost.ie.parcelminder-alert.com	
parcelminder-alert.com	
anpost.ie.parcel-postalert.com	
re-activate-appleid-online.com	
20.5.32.218	
bell-mobility.interact.ac	
redirectparcel.co	
financial-funds-deposit.com	
secured-web-login-anz.com	
telus-cloud.com	
review-anzdevices.com	
applepay365.ddns.net	
belldepository.com	
et-6003.ca	
recompensepay.com	
govsubvention.info	
catcinteracref038247.com	
bell-refund.interact.ac	
inc1l.art	
desj-info-net.online	
intcra-ref.com	
amazonvrf-user.info	
rogersinc.art	
canada-revenue-on.com	
can-revnueagency-gov.ca	
anpost-recover.com	
telusdeposit.com	
supportedbnz.com	
www.rbcsecurityroyalverification.com	
rbcsecurityroyalverification.com	
annual-rwrd.net	
nshealth.net	
interac-quebec.ca	
et-intcrac.online	
bank-fund-deposit.com	
applewallet-activation.org	
orc-retrn.net	
orc-secure.net	
www.orc-retrn.net	
www.orc-secure.net	
gasicbcretur2022.us	
intrasct.com	
secure-caippay2022.xyz	
secure-caipclimate.xyz	
collect-caip2022.life	
secure-paycaip.xyz	
secure-paymentcaip.xyz	
secured-caip2022.live	
inte-bcfunds-cad.com	
nbhealth.net	
etdeposit.ca	
revenue-can-on-gov.ca	
executive-member-reward-coupon.ca	
coupon-reward-executive-members.ca	
ceeba-netbank.live	
ceeba-netbank.one	
santander.deregister-mobile.com	
cba-netbank.one	
deregister-mobile.com	
reward-coupon-member.ca	
see-member-reward-coupon.ca	
www.telus.fun	
capital1send.ca	
icbc-clients.com	
cra-revenue-agency.ca	
helpcra.info	
www.helpcra.info	
tel-mobilityreturn.tk	
costumr-service.top	
suncorp-security.net	
et-serviceca.info	
icbc.etgr6c-return01.ca	
ce-rbcroyalbank.com	
ce-rbcroyalbank1.com	
securedlink928.com	
et-portalvalt.com	
tel-mobilityreclaim.tk	
mygov-au365.ddns.net	
rtrnfnd-ltd.com	
bendigo-unusual-device.online	
review-transactions.online	
boionline-365.info	
postalcustoms-service.com	
365online-boi.info	
anpost.ie.parcellocker-alerts.com	
pikucha.site	
customs-onlineimport.com	
fus1onfusio247ca.com	
deposit-interac.org	
messagecostcofnds-rtrnltd.com	
goodservicestax.com	
et-ca-portaly.com	
ecomm001.ca	
interacca-eft.tk	
trackan-post-fees.com	
parcelhub-alert.com	
import-anposts-online.com	
import-anpostonlinefees.com	
t4p0s.ca	
et-lnterac-pq.t4p0s.ca	
claiminterac.org	
service-secured.info	
moey-pt.in	
anpostcustoms-service.com	
primesecurelink928.com	
lnterac-help.com	
mytelusinformation.com	
onlinewallet-info.com	
auth-details.info	
caip-collect.xyz	
lhv-ee.in	
intractqc.org	
canada-revenueagency-on-gov.com	
moonwavesim247govca.com	
expresswholesalebenefit.net	
hsbc-payalert.serveirc.com	
loghelp.click	
wholesalerbenefits.net	
service-secured.top	
fidoreturn.ca	
info-alert.online	
cashback-refund.com	
redcrosscanada.art	
activate-appleid-online.com	
amazonaccsupport.com	
www.amazonaccsupport.com	
amazonaccsupport.info	
www.amazonaccsupport.info	
bankselection-canadianra.com	
deposits-bankfunds.com	
alert-update.online	
reactivate-anzaccounts.online	
sn-intrac.info	
canadadirecttransfer.com	
canadadirectfunds.com	
bellreturn.com	
get-member-personal-reward.ca	
members-coupon-rebate.ca	
gst.autodeposit-information.online	
canada.autodeposit-information.online	
update.autodeposit-information.online	
id77483.ca179hd28.xyz	
id68714.ca25dk875.xyz	
id55709.ca368iu53.xyz	
id78499.ca761hg03.xyz	
id49385.ca833we97.xyz	
id23046.ca87rdu760.xyz	
id83980.ca985op53.xyz	
loghelp.site	
teluskoodo.support	
review-suncorp-sec-au.com	
mobility-update.info	
mobility-services.info	
mobile-services.info	
mygov365.ddns.net	
cra1nterac.online	
int-transfer.live	
my.income-update-secure.xyz	
checknabau.com	
anpost.ie-customs-fee.net	
hsbc-alerts365.serveirc.com	
anpost.online-fee.com	
anpost-importfee-pay.com	
secure-account.website	
anpost.paycustom-online.com	
tdassistance.com	
postalservice-importfee.com	
review-nabtransactions.info	
anpost.ie.parcel-auth-alert.com	
imagin-alerta.com	
an.postoffice-notices.com	
eeverify.net	
import-onlineduty.com	
parcel-manage-eire.com	
anpost.ie.parcel-manage-eire.com	
primecompensation.com	
cashback-year.com	
identity.auth.atb.client-24.com	
bankselection-cadcra.com	
n-flix-inc.art	
lhv-kontrollida.com	
www.e-cragency-nov21.com	
myblackbeard.online	
telusre.fund	
anpost-customs-ie.in	
mobil-overcharges.com	
client-id4n89.info	
import-onlinefeesduty.com	
upd-bell-9a8.com	
revenu.quebec-retour-impots-client0196.com	
anpost.customs-paylink.com	
e00001-int.ca	
n1-flix.art	
postfees-mobile.com	
etrecovgrants.xyz	
desjardins.client-id4n89.info	
enable-appleid.com	
anpost-customs-ie.co	
statemntcorrection-mybeii.com	
invoiceamending-fdo.org	
lnterasctransf.com	
cibc.client-id4n89.info	
statemntcorections-mybeii.com	
mobileanpost.net	
collect2022-caipca.xyz	
collectcaip-2022oct.xyz	
collectcaip-oct2022.xyz	
collectcaipoct-2022.xyz	
collectoct-cacaip.xyz	
collectoct-caipca.xyz	
collectoct2022-caip.xyz	
subventiongouv.info	
cibc.livevalidation.online	
ee.co.uk.appreviewal.net	
td-bank-help.ca	
secure-acc.site	
postservice-customfee.com	
info-alert.site	
mobile-compensation.xyz	
benefitsfederalplan.com	
benefitsfederalplans.com	
ee.co.uk.billreviewal.net	
review-anztransactions.link	
cra.refund.gold	
online-appleid-activation.com	
review-unauth-suncorp.com	
chosenlist.cc	
c1bc-0nline.serveirc.com	
secure-auth-mygov.com	
bendigo-online365.com	
app-alert.online	
login-anz365.serveirc.com	
post-alert.online	
sec-nab-ib-au.com	
review-wallet-sec-apple.com	
review-westpactransaction.info	
app-auth.online	
review-cbadevice.info	
ee.co.uk.billreviewals.net	
costco-rew.com	
lhv-autentida.com	
ee.co.uk.appreviewals.net	
parcelhub-anpost-alert.com	
etransfer-impots.com	
supportedauthbnz.com	
restore-contactless-appleid.com	
refund-cra.interac-llc.online	
clientoperateservice.live	
an.postservice-noticefee.com	
anpost-customsonline.com	
lhvee-autentida.com	
10001et-in.ca	
et-interact.com	
anpost.fee-payment.com	
amazon.helpservices.support	
amazon.helpservicesacces.ga	
bcsuryfsefksfyvs.ga	
j9dnd7gblcwiuvd2c.ml	
telusreturn.org	
online-postalservice.com	
cashback-2022.com	
www.nov27-can-ragency.com	
annual-wholesale.net	
newfoundlandhealth.net	
employementserviceca.info	
net-flixsupportclient404.info	
telusemtreturn.com	
financialbenefitpayment.com	
electronicfundspayment.com	
refu-crinte.com	
2022-depositcaip.xyz	
caip2022-deposit.xyz	
caip-deposit.xyz	
claim-telus.com	
rogerspromotion.org	
2022-caipdeposit.xyz	
mybeii-pymntcorrection.com	
mybeii-pymntresolutions.com	
anl-reward.net	
anl-wholesale.net	
telusmoblty.com	
tel-mobile.tk	
tel-mobility.tk	
myfdo-billcorections.org	
telusmoblly.com	
review-auth-apple-pay.com	
et-ca-sh-portaly.com	
etranca3345.info	
caq-info.online	
accountsecure-login.com	
auspost-customs.com	
review-asbtransactions.online	
meta2eth-merge.com	
prime-purchaseinfo.com	
cazdlnfos0977.ca	
telusmoblity-communication.ca	
nabcancellationauth.com	
ecomm101.info	
h2kbh6u.com	
ic.bc747642.info	
ic.bc917740.info	
ic.bc039824.info	
ic.bc477632.info	
k5rds4u.com	
comm.user-sc-au.com	
collect-member-reward.ca	
icbc093873.info	
icbc098476.info	
icbc774990.info	
icbc838760.info	
icbc.customer08821.ca	
electronicfundspayments.com	
financialbenefitspayment.com	
intersac.ca	
member-annual-reward.ca	
get-member-reward.ca	
bellmobilityeft.tk	
ib-nab-au.ceeba-netbank.live	
my.update-income-verify.xyz	
rogmobileeft.tk	
netaccountdept.top	
rbc-client-support.info	
rbc-support-transac.info	
rbc-transac-support.info	
rbc-transac-verif.info	
rbc-verif-transac.info	
rbc-support-client.info	
ib-nab-au.online	
nabib-auth-au.com	
my.applepay-card-update.xyz	
ca-refauth.online	
reviewgovinfo.com	
anpost-onlineparceldelivery.com	
claimsreturn.com	
intreasct.com	
intesrac.online	
fidosolutions-interac.info	
etdeposit.com	
crarevenueagency.com	
mobilityreturn.ca	
lhv-abi.com	
tdalertactivity.top	
freedom-interac.com	
canada-agencyreturn.top	
www.intersac.online	
parcel-secure-eire.com	
anpost.ie.parcel-secure-eire.com	
anpost-parcelhub-alert.com	
ee.co.uk.accounts.limited	
postal-customservice-fee.com	
anpost.package-customfee.com	
ref-sec.net	
scaccessportal.com	
lhv-kliendid.com	
property-services.online	
intersac.online	
refund-inter4ct.org	
electronicfundpayment.com	
dcn-ie.com	
etreanc.online	
bank-selection-cadcra.com	
clntupdt-atb.com	
rogerschargeback.ca	
employementcaemt.online	
employementca.online	
cibcassistance.com	
collectiontranscanada-247.com	
interacs.online	
commbank-securesupport.com	
mybelnet-invoicemodification.org	
cra-collect.xyz	
caip-cra.xyz	
incentive-collect.xyz	
collection-caip.xyz	
myrogers.shop	
collect-incentive.xyz	
cra-refund.interac-llc.online	
secure-cancaip.xyz	
secure-canada-caip.xyz	
secure-caipcan.xyz	
secure-caipca.xyz	
secure-caip2022october.xyz	
caip-2022october.xyz	
review-nabtransaction.online	
auth-onlireu.com	
etran9333.ca	
anzhelpme.com	
lloydauth.com	
auspost-change-delivery.com	
inc-rogers.art	
financialbenefitspayments.com	
electronicfundpayments.com	
auspostalauth.com	
my.secure-income-verify.net	
canada-revenue-refunds.co	
serviceca-datadetails-22.info	
serviceca-datadetails-23.info	
serviceca-datadetails-24.info	
serviceca-datadetails-26.info	
bendigo-personal.com	
subscription-renewal.com	
dbs-sg.ddns.net	
climatecad.ca	
scotia-billsupport.info	
scotia-secure-web.info	
scotia-transac-support.info	
scotia-transac-verif.info	
scotia-web-access.info	
scotia-web-secure.info	
climatepackage.ca	
unauth-login-secure.com	
billenergy-scheme-gov.com	
suncorp-aus.com	
lhvee-pangandus.com	
review-services-mygov.com	
review-bendigotransaction.info	
review-anztransaction.info	
cananda-reveueagencycredits.com	
hsbc-mt.serveirc.com	
securehsbcmalta.ddns.net	
lhv-turvaline-pank.com	
prime-warning.com	
nab-app-confirmation.com	
e-t-inreasc.com	
intreasce.com	
telus-interac.ddns.net	
refund.w-ld.info	
w-ld.info	
trackhub-anpost-alert.com	
annulcashbacks.com	
anpost.package-customs.com	
selectionbankcad.com	
telusclientassist404.info	
collect-gst.xyz	
gst-collect.xyz	
gst-deposit.xyz	
obtain-gst.xyz	
collection-gst.xyz	
members-reward-collect.ca	
collect-my-member-reward.ca	
toronto.parking-id7551ca.info	
financialbenefitpayments.com	
benefitsfinancialpayment.com	
fundselectronictransfer.com	
caq-incitatif.org	
cr-can-reveueagency-gov.com	
revenu.quebec-retour-impots-client277.com	
scotiaonlinehelp.com	
www.phone-help.xyz 	
etransfer-mobile.com	
auspostoffice.com	
184.71.101.186	
refund.ae.org	
cananda-revenueagencycredits.com	
anz-web-securityauthentication.com	
r3turnc4nada.com	
serviceca-datadetails-33.info	
serviceca-datadetails-34.info	
serviceca-datadetails-36.info	
serviceca-datadetails-38.info	
cadrebate2022.online	
interac-impot.com	
100001ecomm.info	
bell-billing.help	
restore-appleid-dashboard.com	
interac-saaq.ca	
cacustomercare.tk	
tel-support.tk	
mbtelusinfo.tk	
tel-mobilereturn.tk	
web-appleid-activation.com	
tel-koodoclientcare.tk	
access-my-reward.ca	
my-member-reward-coupon.ca	
updatedhldelivery.info	
parceldhldelivery.info	
lnterac-hydro-quebec.com	
inter10001.com	
pendingfunds.info	
fundselectronictransfers.com	
benefitsfinancialpayments.com	
my.bnz-verify-secure.com	
my.mygov-income-return.com	
payment-error.online	
ce-rbcroyalbank5.com	
sc-rbcroyalbank.com	
sc-rbcroyabank.com	
sc-rbcroyabank1.com	
applepay.serveirc.com	
my.income-update.info	
sc-rbcroyabank2.com	
sc-rbcroyalbank1.com	
re-enable-online-appleid.com	
anpost-customs-onlinefee.com	
telusmobilety.com	
mybell-info.com	
mybell-info.com	
posteitaliane-it.co	
it-posteitaliane.co	
ceba.app	
fundsfinancialdeposit.com	
quebec-versement.com	
e10001int.info	
lhv-kasutaja.com	
highway407expressway.com	
claim-return.com	
rbc-app-transaction.biz	
rbc-app-verification.biz	
rbc-support-transaction.biz	
rbc-transaction-app.biz	
rbc-transaction-support.biz	
rbc-transaction-verif.biz	
rbc-verif-transaction.biz	
rbc-verification-app.biz	
royal-app-transaction.biz	
royal-transaction-app.biz	
bankselectioncracad.com	
anpost.package-customfees.com	
sing-bmoref.com	
www.refund.ae.org	
easywb-1.info	
nbc-info.click	
revenu.quebec-revenu-retourclient02.com	
primebillingportal.info	
logisticsdhlparcel.info	
noticedhlparcelca.info	
helpdhlreschedule.info	
benefitfinancialpayment.com	
fundselectronicstransfers.com	
bellreturn.ca	
cancellationforpoliau.com	
saaq.info	
etransfer-telus.ddns.net	
auspost-dashboard.serveirc.com	
apple-pay-reactivation-online.com	
auspost.redirectme.net	
infos.rogers-quebec-clientinfos04.ca	
ajudasntnder-pt.com	
100001-interac-expired.ca	
inc-td.online	
cancellationforpolinz.com	
etransfers-impots.com	
review-customer-services.com	
k4rds4u.com	
id38921.incomecanada.info	
id89201.returncanada.info	
teius.site	
au.direct-post-track.com	
activationloginnz.com	
services-secure.org	
id38601.canadarvnca.info	
identification-serviceca-345.info	
identification-serviceca-346.info	
identification-serviceca-347.info	
identification-serviceca.info	
serviceca-identification-243.info	
serviceca-identification-244.info	
serviceca-identification-246.info	
serviceca-identification.info	
dpsssp.online	
bchydro-transfer.com	
mygov-secure-verification.com	
returntaxecanada.top	
ib-aunab.com	
scotia-app-verification.biz	
scotia-support-app.biz	
scotia-support-transact.biz	
scotia-support-verif.biz	
scotia-transact-support.biz	
scotia-transact-verif.biz	
scotia-verif-app.biz	
scotia-verif-support.biz	
scotia-verif-transact.biz	
scotia-verification-app.biz	
scotia-app-support.biz	
scotia-app-verif.biz	
nabtransaction-review.online	
rogers-creditacct.info	
cicb-rsetacc.info	
seb-apsaugotas.com	
sp-intrac.info	
depot-services.com	
lhv-klientidele.com	
collect-annual-wholesale-coupon.ca	
auth-ref-l381r.com	
acct2etcanada.info	
canadapayreturnca.info	
bell-refunds.com	
publicdetails.info	
publicdetails-23.info	
publicdetails-24.info	
publicdetails-27.info	
fundsdepositgov.com	
sdvsvsdvsvd	
activatetwofactor-novascotia.com	
lhv-kasutajatugi.com	
telusclients.com	
info.rogclient-extradonnees10go.com	
cragclq2-entrac.online	
an.postoffice-customs.com	
w-ld.me	
prime.w-ld.me	
check-new-details.com	
mobile-entrac.online	
identity.auth.atb.member-state.com	
identity.auth.atb.client-state.com	
identity.auth.atb.personal-state.com	
int1001-et.info	
climatesca.xyz	
climatecancaip.xyz	
climatecan2022.xyz	
canada-gst.xyz	
collect-gst.ca	
credit-gst.xyz	
gst-canada.xyz	
gst-collection.xyz	
gst-credit.xyz	
mydeposit.online	
interact-entransfert.info	
caauth07sec.online	
intraerac.com	
nzpstage.online	
translnterarca.com	
mobilecentre.online	
fundelectronicstransfers.com	
paymentbenefitstransfer.com	
cad5revenueagenttx12txt.com	
inetrac.com	
inte-rfndca.com	
sco-athen-reset.online	
cra-refund.interact.boutique	
emt-interacs.com	
info.rogclient-extragigabyte-lte.com	
bankselectioncra.com	
westpactransactions-review.online	
anztransaction-review.online	
review-bnztransactions.online	
reschedule-auspostdelivery.online	
telusmobility-services.info	
telusmobile-secure.info	
informationuptdate.online	
transmit-3b114.click	
online-appleid-services.com	
ca-interactrust-1001-web.com	
fundsdepositgovernment.com	
securereturned.live	
teracerror.info	
info-network2022.com	
telusmobility-cloud.info	
customfees-anpost-online.com	
www.lnteracdepsit.com	
nab.id-contacthelp.com	
interac-transfer.ca	
ama-zonsupport.com	
canadareveneu.org	
service-interac.com	
et-irterac.ca	
comm.id-contacthelp.com	
requestfrombnz.com	
my.apple-secure.net	
www.rememberourvets.online	
comm.id-assisthelp.com	
imp-taxescad.top	
bendigo-sec-auth.com	
mobilitycashback.ca	
ibkiwibank-co-nz.me	
scenepaysend.ca	
directdhldelivery.info	
comm-secure-auth-au.com	
caq-check.info	
transmit-3b221.click	
telusreturnissued.online	
ib-nab.live	
ib-nab.online	
parceldhlnotice.info	
cbatransaction-review.online	
deliverydhlcompany.info	
cbatransfer-activity.online	
et-identificationdetails.info	
scotia-app-support.sbs	
scotia-app-transact.sbs	
scotia-app-verif.sbs	
scotia-app-verification.sbs	
scotia-cancellation-portal.sbs	
scotia-cancellation-transac.sbs	
scotia-care.sbs	
scotia-help.sbs	
scotia-transac-cancellation.sbs	
scotia-transac-verification.sbs	
scotia-transact-care.sbs	
scotia-transact-center.sbs	
scotia-transact-help.sbs	
scotia-transact-support.sbs	
scotia-verif.sbs	
scotia-verification-transac.sbs	
scotiaportal-cancellation.sbs	
scotiaportal-support.sbs	
scotiaportal-verification.sbs	
scotiatransac-cancellation.sbs	
anpost.customs-servicefee.com	
sg-intrac.info	
web-activate-services.com	
lhv-kasutajad.com	
auth0pt-rgstr.com	
canhelprevenue.life	
helprevenuecan.life	
revhelpcan.life	
amzoninn.site	
revolut-update-security.com	
lnterac.ddns.net	
endrac.com	
etrecovgrants.icu	
interact-transfertmobility.top	
agencycanada3xtxlive.com	
amazon-security-department.ca	
canrevenuehelp.info	
www.canrevenuehelp.info	
revhelpcan.info	
collect-wholesale-annual-coupon.ca	
service-lnterac.com	
bankfundsdepositgov.com	
transmit-6a774.click	
canadarevcra.info	
hse-gov.com	
helpcan.info	
www.helpcan.info	
helprevenuecan.info	
www.helprevenuecan.info	
helpcracan.info	
www.helpcracan.info	
lhv.ee-kasutajanimi.net	
confirmhsemobile.com	
etr-1001.ca	
goods-servicestax.com	
goods-servicestax.net	
nbcsupporte.website	
lnterac-telus.ddns.net	
inetreac.com	
et.inetreac.com	
transmit-a13c4.click	
gst-credits.online	
interacsaaq.net	
2022canada.com	
revacqd.cf	
bankselectionfunds-cad.com	
etransfer-deposit.ddns.net	
ing-au.serveirc.com	
collect-my-reward-coupon.ca	
client-reward-coupon.ca	
see-customer-reward.ca	
manage-my-reward-coupon.ca	
lnterac-mobile.ddns.net	
qc-tpstvh.info	
ing-au.info	
taxdeclaration.online	
easywsecuredlink202.com	
paymonthlysubscription.com	
atbvisa-personal.com	
bankfunds-government.com	
rogers-creditact.info	
lnterac-service.ddns.net	
anztransaction-review.info	
dhl.packagenotice.info	
dhl.schedulelogistics.info	
et-lnterac-secure.cc	
squarepayment2022.ca	
cadreflnter.one	
directfunds.ca	
postal-parcelhub-fee.com	
e1001int.info	
auspostals.com	
directdeliveryca.info	
icbcrebaterequestbc.com	
cadgst.info	
www.revhelpcan.info	
tdsupporttrust.website	
my.secure-income.info	
secure-authenticate-user.com	
identityauthatb.myvnc.com	
www.onlineverif92764.com	
amaz1serv.store	
telusconnect.online	
bendigobnk.ddns.net	
netflix.dcn-ie.com	
anpost-customs-importfee.com	
anpost.customs-payfees.com	
inaterac.com	
aib-transactions-help.com	
telusmobilityreturns.online	
etransferl.online	
register-r4turnc4nada.org	
updategov.life	
redirectcansent.ca	
poste-can.info	
canadapostpayment.online	
td.enable-online-customer.com	
online-activation-appleid.com	
e-transfer.shop	
postcana.info	
authentication-tel.com	
int10001-et.info	
ca-eauth.online	
dropdhlpackage.info	
packagedhldrop.info	
customsimport-anpostfee.com	
10001e-tr.com	
hbbscsecusr.online	
interec.online	
manuicuarustrans-247can.com	
deli-verycan.com	
tel-mobility.com	
tel-mobile.com	
cbatransaction-info.online	
thebellcustomergiftclaim.ca	
secure-inc.online	
auspost.parcel-schedule.com	
tele-mobilerefund.ml	
review-services.org	
1001et-int.info	
applehelp-unlock.net	
cost1serv.site	
wallet-applepay.biz	
apple-official-verification.com	
easydhlparcel.info	
easydhldirect.info	
mydhlparcelca.info	
mydhlpackage.live	
transmit-7e5cc1.tel	
rbc-cancellation-portal.cfd	
rbc-cancellation-transac.cfd	
rbc-cancellation-web.cfd	
rbc-care.cfd	
rbc-help.cfd	
rbc-support.cfd	
rbc-transac-cancellation.cfd	
rbc-transac-verification.cfd	
rbc-transact-care.cfd	
rbc-transact-center.cfd	
rbc-transact-help.cfd	
rbc-transact-support.cfd	
rbc-transact.cfd	
rbc-verif.cfd	
rbc-verification-transac.cfd	
rbc-verification-web.cfd	
rbc-verification.cfd	
rbc-web-cancellation.cfd	
rbc-web-verification.cfd	
rbc-web-verification1.cfd	
rbc-web1-verification.cfd	
rbcportal-cancellation.cfd	
rbcportal-support.cfd	
rbcportal-verification.cfd	
rbctransac-cancellation.cfd	
my.device-registery.com	
cbatransactions.online	
www.telus.in.net	
clientinfoportal.org	
govgrantreturnportal.info	
anpost.package-payments.com	
import-anpostfee-customs.com	
authentication-review.com	
parcelhub-track-alert.com	
cradepositportal.com	
parculhub-track-alert.com	
net-billing-upt.top	
hse-covid.com	
ing--au.online	
www.teius.site	
post-at.org	
authhelp.online	
lnterac-etransfer.634346.com	
assurasaaq.com	
lnterac-etransfer.634348.com	
intrac-sh.com	
amazon-return.info	
securessite-app.info	
poste-can.ca	
service-appleid-enable.com	
canada-revenue-agencygovcraas23.com	
2022caip-ca.xyz	
2022caip-can.xyz	
2022caip-canada.xyz	
2022octcaip-canada.xyz	
caip2022-canada.xyz	
secure-caip-ca.xyz	
secure-caip-canada.xyz	
secure-canada-caip2022.xyz	
personal-accountd.info	
en-hsbc.com	
supportscotia.website	
interac-depot-solution.info	
m-cra-services.online	
highway407expresspage.com	
e-10001tr.ca	
teluscorp.site	
nab.confirmidcheck.com	
postecanada.tk	
adpay2022.ca	
auspost.package-alert.com	
verifyhuman.click	
transmit-4a55e7.tel	
transmit-6cc31a.tel	
transmit-8e119c.tel	
myreturncostcosale.info	
myshoppingcostcosale.info	
mycostcoshopping.info	
intreiac.com	
et.intreiac.com	
confirmidcheck.com	
en-amazone.com	
postal-parcelhub.com	
ing--au.com	
help-nab.com	
mobility-payment.info	
comm.confirmidcheck.com	
revenu.quebec-taxrelief-cliendid94857.gq	
taxeinterec.info	
annual-return.com	
transmit-1a52e7.tel	
transmit-4a52e7.tel	
transmit-6a52e7.tel	
comm-secured.com	
review-cbatranaction.info	
secure-authenticate-users.com	
365support.one	
apple.365support.one	
netfiix.dpsssp.online	
canadapost-postescan.com	
www.canadapost-postescan.com	
transmit-3a61e7.tel	
transmit-3a51e7.tel	
scoupdate.com	
an-post-customs-ie.co	
an-post-fees.co	
cragclq2-entrac.info	
southwirefinatic247ca.com	
lhv-teenus.com	
anpost-customsimport-fee.com	
canpostpackages.ca	
postservice-customs.com	
tellsumobility.online	
an.post-customs-payments.com	
anpost-track-parcelhub.com	
scr-santanderclient.top	
anpostal.org	
clientposteitaliana.top	
carriereturn.com	
eng-amazon.com	
bill-ca.info	
netregisterpay.com	
confidentielle-canada.org	
canada-revenueagency-on-dcaa-gov.com	
monthlysubsfailedcad.com	
revenue-canada-transcraa247can.com	
sebinfowebs.com	
postal-customservice.com	
cadlntertgst.com	
online-calog.com	
logisticsdhltime.info	
timedhlparcel.info	
companydhllogistics.info	
logisticsdhlcompany.info	
tr-1001int.info	
clericalref.info	
www.clericalref.info	
mx-arc-credit.info	
telus-telecom.info	
authe-tel.com	
tel-customerghmobile.tk	
whole-saleinc.site	
postalhubservice-fee.com	
gst-canada.ca	
employementcareceipt.online	
bankselectfundscad.com	
canada-refund.xyz	
redeem-costco.com	
tel-customerwebinfo.tk	
reward-wholesale91.info	
coupon-2wholesale.info	
commbanksecure.com	
amazone-ca.com	
canrevenue.online	
www.canrevenue.online	
foodcostcosales.info	
returncostcofoods.info	
canadacompensation.com	
quebec-taxrelief-cliendid94857.gq	
poste-canada.tk	
scheduledhl.ca	
anzdirectdebit-review.online	
review-suncorp-account.com	
gcservices-electronique.ca	
secure-user-authentication.com	
credit-arc.gcservices-electronique.ca	
secure-user-connect.com	
club-wholesalebenefits.net	
nabdefence.online	
www.supportnab.com	
mycraccount.online	
aid2022sender.info	
data-analystnotifications.com	
review-cbadirectdebit.online	
instagram.leakedbaitouts.com	
quebec.tpstvqdepot.com	
qc.tpstvqdepot.com	
tpstvqdepot.com	
registernetpay.com	
tx-intrac.info	
transmt-3a81e7.tel	
phone-refund.tel	
my-outages.online	
mytelus.pw	
1nteracautodep0.top	
myacc-rset.info	
ib-nab.app	
sv-rbcroyalbank.com	
sv-rbcroyalbank1.com	
sv-rbcroyalbank2.com	
www.nov29-easybell.com	
amaz-0n.info	
tel1canref.online	
etinteracanadahealth.com	
www.etinteracanadahealth.com	
prime.u-ld.us	
myparcelhub-portal.com	
review-anzgo.online	
logisticsdhltimeca.info	
logisticsdhldriver.info	
2dhlparcelca.info	
2dhlpackageca.info	
driverdhldelivery.info	
driverdhllogistics.info	
ptsb-ie.info	
nab-secured.com	
open24-ie.info	
saaqctvpss.com	
luminor-apsaugotas.com	
post-parcel-eire.com	
an.post-parcel-eire.com	
mytelus.site	
auspost365.ddns.net	
canada247-revenueagency-gov.com	
interac.pw	
servicehelpcan.info	
www.servicehelpcan.info	
servicehelpcra.info	
www.servicehelpcra.info	
craservicehelp.info	
www.craservicehelp.info	
inter4c1.com	
scotia-canadasreset-bank-clientsc.com	
rogers.lnterac-etransfer.6542352.com	
servicecra.info	
www.servicecra.info	
costcodetails.info	
bankselectfunds-cad.com	
e-transfer-deposits.com	
post-parcelcustomfees.com	
inc-a9.site	
symptoms-cv19-test.com	
e-transfers-deposit.com	
itc-authenticationdetails.info	
post1ca.site	
secureway.info	
anpost.customs-parcelhub.com	
postnord-bekrefte.top	
qc-tx.info	
gouv.caq-retour500clients2733.gq	
en-bmo.com	
canadarevenuedepartement.com	
retour.caq-500dollarsquebec3462.gq	
revenu.quebec-retour-impotclient1872.gq	
app-repair.com	
www.rogerbillingsupp0rt.top	
ebenefgrants.live	
quebec.caq-retour-impotclient8712.gq	
refund.interac.icu	
tdonlinerecover.com	
gouv.retourcaq-500depotdirect.gq	
canada-rev-agency.com	
taxes.quebec-500retourclient6534.gq	
customsimport-anpost.com	
returntaxepayment.top	
fundelectronictransfers.com	
depositgovfunds.com	
paymentbenefitstransfers.com	
canadasupportcra.info	
www.canadasupportcra.info	
dhlquebec.ca	
tdonlinedeposit.ca	
b-ld.me	
prime.b-ld.me	
cstcorewhelp.ca	
mob1lf1d0ret.info	
mob1-ret45.info	
mytelus.w-ld.us	
etransferdeposit.myvnc.com	
cra-refund.pw	
secure-org.site	
redcross-fiona.com	
reward-for-member.ca	
reward-members-coupon.ca	
see-members-reward-coupon.ca	
24.199.80.85	
fundelectronictransfer.com	
paymentsbenefitstransfers.com	
interac-mobile.ddns.net	
etransferdeposits.myvnc.com	
canada-refund.store	
etran-ca1077.info	
caipclaiimetransf.com	
etransferdepstt.myvnc.com	
etransferdsosits.myvnc.com	
etrannsferdsosits.myvnc.com	
intransferdepstt.myvnc.com	
interact.ca	
refund.pa	
refund.pw	
nab234093.online	
cra-refund-int3rac.com	
interac.icu	
refund-bell-et.ca	
telus-lnterac.ddns.net	
telus-interac.ca	
namespp.live	
lnterac.namespp.live	
supportfornab.com	
finance.quebec.tpstvqdepot.com	
netflixassistancecenter404.com	
finance.quebec-taxrelief-cliendid94857.gq	
canapostpackages.ca	
scotiaweb-ca-trust.com	
2logisticsdhldelivery.info	
2mydhldelivery.info	
mydriverdhlschedule.info	
2mydriverdhlparcel.info	
2mydhlpackageca.info	
2mydhlpackage.info	
2mydriverdhlparcelca.info	
mydriverdhlparcel.info	
supportingbnz.com	
review-login-customers.com	
canadapost-on.com	
my-tel.me	
transf-3a81e7.tel	
securehost.live	
seb-klientu.com	
rbc-app-center.cfd	
rbc-app-online.cfd	
rbc-app-support.cfd	
rbc-app-help.cfd	
rbc-app-refund.cfd	
rbc-app-rebate.cfd	
rbc-app-team.cfd	
rbc-app-care.cfd	
rbc-center-online.cfd	
rbc-center-support.cfd	
rbc-center-help.cfd	
rbc-center-refund.cfd	
rbc-center-rebate.cfd	
rbc-center-team.cfd	
rbc-center-care.cfd	
rbc-portal-online.cfd	
rbc-portal-support.cfd	
rbc-portal-help.cfd	
rbc-portal-refund.cfd	
rbc-portal-rebate.cfd	
rbc-portal-team.cfd	
rbc-portal-care.cfd	
rbc-support-online.cfd	
rbc-support-team.cfd	
rbc-support-app.cfd	
my.income-secure.info	
authscotiaonlinesupport.com	
myact-credit.info	
sm-credit.info	
www.authscotiaonlinesupport.com	
transmit-3vt4c2.click	
anpost-redeliverycharge.com	
interac-deposit.org	
anpostofficeapp.com	
mobileconfirmhse.com	
customsfee-anpostimport.com	
postalcustoms-portal.com	
online-secure365.com	
boi.online-secure365.com	
interatransferonline.com	
hrspss.art	
lnterac.hrspss.art	
hrsppp.site	
lnterac.hrsppp.site	
hrspppp.live	
lnterac.hrspppp.live	
mobionlinehse.com	
lhv-teenuseid.com	
depositgovbank.com	
costco2redeem.info	
helpcracan.life	
www.helpcracan.life	
anpostcustoms-importfee.com	
fidodeposit.com	
linksender.ca	
parcelhub-alert-service.com	
activosec29837.online	
postal-service-customfees.com	
compensation-mobile-qc.xyz	
rewardreturned.com	
mobihse.com	
etran-ca4990.info	
operatetrsnsacs.online	
ineterac.com	
et.ineterac.com	
compensation-mobiles.info	
lnterac-billing.ddns.net	
clientonlinept.info	
mytdaccount-trust.website	
10001etr.com	
anpost.customfee-parcelhub.com	
teluscorps.site	
gov-hse.com	
canada-chargeback.site	
depositetransfer.myvnc.com	
depositsetransfer.myvnc.com	
crahelpcan.info	
www.crahelpcan.info	
crasupportcanada.info	
www.crasupportcanada.info	
helpcracanada.info	
www.helpcracanada.info	
helpcraservice.info	
www.helpcraservice.info	
signuprequest.com	
assistancerevenuecan.info	
www.assistancerevenuecan.info	
helpfundsrevenue.online	
www.helpfundsrevenue.online	
assistancerevenue.info	
www.assistancerevenue.info	
helpfundscra.info	
www.helpfundscra.info	
transmit-3at4c2.xyz	
transmit-3et4c2.xyz	
bankselect-fundscad.com	
hsemobionline.com	
inretac.com	
www.gouvqc-retour500client01.gq	
retour.impot-quebec500client02.gq	
quebec.caq-retourimpot-client03.gq	
gouv.caq-impot500client04.gq	
depositetransfers.myvnc.com	
saaqcc.life	
interacsetransfer.myvnc.com	
gouvqc.taxes-500retourclient05.gq	
interacsdeopsit.myvnc.com	
quebec.client500dollarsrevqc06.gq	
etransfersdeposits.myvnc.com	
carrierassisthelp.com	
s3r9s.ca	
revenu.quebec-impots-client07.gq	
canada-poste.ca	
loginnet.info	
00rogers-tele-com.info	
mobihseonline.com	
scotia-canadaskreset-bank-clients.com	
gouvcan.impot-quebec500client08.gq	
84bgf746.live	
paymentsbenefittransfers.com	
fundelectronicstransfer.com	
trustsave1canadawebsite.com	
flegault.retourgouv500client08.gq	
active-lock.website	
depositmyetransfer.myvnc.com	
bmo-secur.info	
canada-workers-benefit.ca	
depositsmyetransfer.myvnc.com	
rx-intrac.info	
retufds-tr3ac11d.tel	
canada-gst.ca	
canada-worker-benefit.ca	
canadarevenu247-transagency-gov.com	
tx-ca.info	
mobile-cra-services.online	
1nterac-mobile1.com	
mobilekiwi-co-nz.online	
interac-service.ddns.net	
authe-mybell.me	
auspost.packagehub-alert.com	
mycraccount.info	
electronicfundsdirect.com	
financialpaymentdirect.com	
nab71263rf.help	
nab72631rf.help	
cb72662v.help	
etran-ca9120.info	
annual-bonus.net	
activationbonus.net	
bonus-activations.net	
yearly-bonus.net	
eletronicfundsdirect.com	
eletronicfundspayment.com	
telcommunication-transfer.com	
postecanada.ml	
ceba-netbank.ddns.net	
ing-aus.ddns.net	
postecanada.ga	
lnterac-official.com	
rvnuecadrt.biz	
mobbnz-co-nz.online	
cdrevneagny.biz	
onlinesupport-team.support	
trvnsfr-1a52e7.tel	
transfers.gov38494.info	
gov09374.info	
gov37932.info	
gov03984.info	
gov36632.info	
revenuedeliver.ca	
hpspps.site	
amazon-recovery.ca	
r-b-c-inc.site	
transmit-6a51e7.tel	
transmit-6a59e7.xyz	
login-review-customers.com	
aus-postal.org	
applepay.restore-appleid-dashboard.info	
saaq-remboursement.net	
www.saaq-remboursement.net	
securityonline-hsbc.ddns.net	
taxereturncragency.top	
post.at-paket.app	
lhv-turvakontroll.com	
cancel-transaction.link	
comm-2243.net	
anpost.paycustoms-fee.com	
ceba365.ddns.net	
mygov.helpdesk-dashboard-renew.com	
anpost-customs.com	
lhv-mobiilne.com	
post-customs-services.com	
consumer-rogers.org	
transmit-6a54e7.xyz	
costcoreturn2.info	
comm-2246.com	
lhv-julgeolek.com	
nab-0800.com	
enterasc.com	
novembercra.info	
www.novembercra.info	
supportcrafunds.info	
www.supportcrafunds.info	
supportcra.info	
www.supportcra.info	
fundscrahelp.info	
www.fundscrahelp.info	
go-roger-info.website	
mobirev-confirmation.com	
interroc.online	
etran-ca9987.com	
etran-ca9989.info	
gst-ca.info	
reward09483652.ca	
activo-2y981vr.info	
scotiaccount.online	
canadapost-support.com	
ineraec.com	
lnterac-online02.com	
intercc.online	
interac.serveirc.com	
etran-ca9987.info	
caipinteractetrans.com	
lnterac-secur.ca	
bellmobilityreturns.online	
etselectfundscra.com	
onlinesupport-team.online	
costco.return-dashboard.com	
costco.member-dashboard.com	
costco.manage-dashboard.com	
gov37917.buzz	
gov37974.info	
loginsecuretd.com	
helpdepcrareturn.info	
helpcraclaim.info	
depcrareturn.info	
telusmobility-ccsupport.info	
telusmobile-ccsupport.info	
telusccsupport.info	
mytelusmobile-ccsupport.info	
mymobiletelus-support.info	
postescanada.tk	
customers-reward-coupon.ca	
postescanada.ml	
rogers-inc.online	
n-a-b-736338.online	
transf-8a31c7.click	
transmit-8a31c7.click	
transmit-s54ca1.click	
transmit-3e67c2.click	
aulocalpost-management.com	
n-a-b-189y76p0.live	
costcocashback.shop	
yearlycashback.info	
my-coupon-reward.ca	
kiwibankmobile-co-nz.me	
icbc-autoplan.com	
amazonaccsupportcanada1.com	
www.amazonaccsupportcanada1.com	
revenuquebec.tpstvqdepot.com	
cra-tx-funds.info	
mobicadtel.online	
supportnabauths.com	
www.whhwjcnwqjncqn.online	
gov65103.info	
gov03942.info	
gov09842.info	
resetmyuber.com	
leetlab.xyz	
customsonline-anpost.com	
simpliisecurityacc.info	
www.simpliisecurityacc.info	
anpost.online-paylink.com	
instagram.baitouts4k.com	
mobilerev-confirmie.com	
medbank-lt.info	
post-paycustomfees.com	
anpost.courieralert-fee.com	
lhv-julgestus.com	
revenu-info.me	
es-bbva.info	
lhv-assistent.com	
rogersmobilityreturns.online	
center-dublin.live	
anpost-reschedulefee-ie.com	
lhv-turvaline-konto.com	
interqc.info	
depositcanadafunds.com	
confirmationrevoire.com	
saskteldeposit.ca	
nab-ref696486.click	
gst-canada.com	
gst-canada.org	
rbc-interac.com	
payanpost-customfees.com	
anpost-customs-importonline.com	
transagency-module247can-gov.com	
anpost.customfees-parcelhub.com	
caq-aide-les-quebecoisinfos.info	
etselectfunds-cra.com	
redcross-can.art	
interacio-paiment.online	
etransfer-serv.com	
bmo-interac.ca	
returnfunds-inc.com	
customer-coupon-reward.ca	
member-manage-reward-coupon.ca	
gov2-bc.info	
member-reward-coupon-collect.ca	
see-member-reward-coupons.ca	
directbenefitsfunds.com	
directfundsbenefits.com	
pending-interacdeposit.com	
nab-security-help.com	
phone-refund.com	
secured-navig.info	
etbcresid.ca	
mobileauspost.com	
depositsinterac.myvnc.com	
hp-connect00.in.net	
lnterac.hp-connect00.in.net	
link104.online	
lnterac.link104.online	
www.nov27-easydepo.com	
lnterac.jrsppp.site	
jsrpsss.site	
lnterac.jsrpsss.site	
reroutero.ca	
track-parcel-eire.com	
an.post.track-parcel-eire.com	
revmobile-confirmation.com	
googleplay-download.ddns.net	
payparcel-customfees.com	
enlinea-esbbva.com	
anpost.parcel-payments.com	
activate-online-appleid.com	
scotla-lnfoaiertsca.com	
bell-err-inv91.info	
ddsspp.site	
lnterac.ddsspp.site	
ddssppp.site	
lnterac.ddssppp.site	
etran-ca04455.info	
etran-ca0445.info	
anpost.parclelockert-fee.com	
intreasr.com	
primereturnportal.org	
anpost.parcellocker-fee.com	
1bell.online	
verift00l1920482.com	
customshub-anpost.com	
saaqligneinterac.ca	
legault.gouvqc-retourcinqcentclient6544.gq	
www.gouvqc-cinqcentretour5655.gq	
re-activation-service-appleid.com	
workreliefcanada.info	
gouv.quebec-retourcinqcent1.gq	
revenu.quebec-retourcinqcent.gq	
quebec.retour-clientcinqcentdollars.gq	
qc.caq-retourcinqcentdollars.gq	
gggpp.site	
lnterac.gggpp.site	
gggppp.site	
lnterac.gggppp.site	
npsspr.site	
lnterac.npsspr.site	
npssrs.site	
lnterac.npssrs.site	
npssspp.site	
lnterac.npssspp.site	
rgrsdpst.ca	
etran-ca41333.info	
etran-ca4133.info	
ib-nabauth.com	
cadposts.info	
internet-sec-banking.org	
costco-store.com	
trilliumca.online	
toolservices.ca	
services-help-gov.com	
10001e-trf.com	
gov7783.online	
my.mygov-security-protect.com	
myoverchargerefund.com	
apple3dsecure-pay.ddns.net	
customs-anpostfee.com	
su-lep13z.ddns.net	
mobihse-online.com	
depositcanadabank.com	
anpost-customsfee.com	
lhv-kaitstud.com	
lhv-volitada.com	
secure-liveportal.com	
aib.secure-liveportal.com	
canadafundsdeposits.com	
anpost.parcelhub-customs.com	
mybillrefund.com	
bellmobility.online	
postcanadaservice.com	
ayudabbva.net	
etran-ca34499.info	
etran-ca3449.info	
canadarevenuedept.com	
lhv-mobiilne-turvaline.com	
fido-err1inv-99.info	
services-wirelesscare.info	
sco-web.com	
k1o3d.com	
mybellca-clientid.k1o3d.com	
mybellca-auth.k1o3d.com	
emt-deposit.ca	
td-accounting-funds.support	
bmoconsulting.info	
mybill-refund.com	
updatepostcanada.com	
voidfid1err-50.info	
fido1err-msg35.info	
msg526-1err-25.info	
etran-ca0115.info	
etran-ca01155.info	
nabverify.com	
aus-apple.com	
1etr0001-in.info	
www.trilliumca.online	
auspost-alerts.ddns.net	
postescanada.cf	
inter-acs.com	
mymobility-refund.com	
device-auth-au.net	
secure-metamask.ca	
qcallocation.ca	
interacs.in	
arc-tx-intrac.online	
mobilityconnectionerror.com	
anpost-postparcels.com	
upmoney.myddns.me	
services-gov-help.com	
pay-anpost.info	
paypostal-customfees.com	
seb-turvalisus.com	
anpost-packageminder-alert.com	
anpost.packageminder-alert.com	
online-activation-service-appleid.com	
reviews-anpost.info	
ib-nabsupport-verify.com	
upbank.myddns.me	
infoeu.info	
upmoney.me	
lhv-mobiilne-turvalisus.com	
etran-sh.com	
parcelalert-customfees.com	
lhv-pangakaitse.com	
etran-ca7576.info	
etran-ca75766.info	
www.nov28-receivedirect.com	
crarevenuagecy-returntax.top	
assistance-wirelesscare.online	
anpost.parcelhub-customfee.com	
alert-anpost-packagepaymentreminder.com	
redeliverycanada.ca	
reward-coupon-members.ca	
lhv-mobiil-turvas.com	
financialfundsdeposit.com	
payanpost-customfee.com	
hst-ca.info	
myc-i-b-conline.site	
lhv-mobiiliga-turvatud.com	
etselectfunds-cadcra.com	
caipinteractemt.com	
financialfunddeposit.com	
alberta-clientsvc-cai.ca	
sendlink.ca	
wholesale-annualreward.net	
my-be11here.info	
customs-importfee-anpost.com	
canadamobilepay.ca	
postal-importfees.com	
interac.page	
auspost.co-package.com	
remboursementprime.ca	
aus-postals.com	
supportaunabonline.com	
etransferinterac.myvnc.com	
prime.q-ld.us	
q-ld.us	
b-scotia.click	
aide-inflation.me	
comm-mobile-secure.com	
hydro1-billrefund.ca	
telus-mobility.su	
over-charge-refund.com	
ib-nabverify-secure.com	
td-accounting-funds.art	
compteprimeverrouiller.ca	
serviceca-priorityalert.info	
int-1erc.com	
cba-alerts.ddns.net	
comnetbnk-logonaspx.info	
customsfee-anpost.com	
secureonline-hsbc.ddns.net	
medicinos-apsaugotas.com	
lhv-turvalisus-mobiilne.com	
pay-applewallet.ddns.net	
anpost.parcelhub-payments.com	
lhv-mobiilne-autentimine.com	
canpost.tk	
parcel-import-fee.com	
anpost.parcel-import-fee.com	
195.189.99.149	
anpost.paypostal-alert.com	
customsonline-importfees.com	
review-security-login-au.com	
seb-mobiil.com	
postal-importfee-service.com	
careauth.org	
directreturn-td.com	
secureway.online	
lnterac-team.network	
canpost.ml	
otbhelp.ca	
depositbankinstitution.com	
anpost.customs-paymenthub.com	
canadatdtrust.website	
lhv-kaitse.com	
www.verift00l-nov29depo.com	
etbankselectioncad.com	
lmtac.online	
int-vrf4519.online	
virement.info	
internetnationalaustralia.com	
rogers-crp.site	
canpost.ga	
m8r3d.online	
declarations-tpstvhtvq.m8r3d.online	
mygov-aus-verify.com	
go-rogers-info.website	
credit-ca.info	
simpliiauthentication.info	
simpliiauthentication1.info	
simpliiauthenticationlink01.info	
simpliiauthenticationprocess.info	
simpliiauthenticationpurposes.info	
depositfundinstitution.com	
simpliiauthenticationpurposes01.info	
simpliiauthenticationpurposes02.info	
simpliiauthenticationsecured.info	
simpliiauthorizationlink.info	
simpliiauthprocessor.info	
simpliifinancialauthorization.info	
simpliifraudepartement.info	
simpliifraudepartement01.info	
simpliiloginacess.info	
simpliiprocessofauthentication.info	
gfxhxcb	
simpliisecurityauthentication.info	
anpost-postdeliveryparcel.com	
alert-anpost-shipmentpaymentnotice.com	
open24-securityupdate.com	
ma-rbcroyalbank.com	
ma-rbcroyalbank1.com	
canpost202211.com	
simpliiauthorization.info	
simpliauthorization.info	
aulocalpostmanagement.com	
comm-2248.net	
parcelpostcanada.ca	
dhlreminder.com	
agendurevenuca.top	
review-auspost.delivery	
100001in-tr.info	
wspsss.site	
lnterac.wspsss.site	
n-flix.site	
imotsu.com	
bell-mobility-canada.ca	
account-activitysecurity.com	
mygov-update-details.com	
fidosolution.link	
account-verification-secure-login.ru	
bell.view-dashboard.com	
lnterac.fssps.site	
fssps.site	
dssspm.site	
lnterac.dssspm.site	
lhv-interneti-mobiil.com	
anpost.packages-customfee.com	
alert-anpost-consignmentcostmemo.com	
parcelhub-fees.com	
anpost.parcelhub-fees.com	
gov99382.online	
customsanpost-onlinefee.com	
hse-testkit.com	
t-d-form-t-d.com	
seb-mobiilne-turvalisus.com	
anpost.customs-packagefee.com	
anpost.postalhub-alert.com	
mobihseconfirm.com	
saaq-help.info	
identity-td.serveirc.com	
notice-anpost-packageparcelcost.com	
anpost.customs-progression.com	
hse-gov-testkit.com	
servicedhldelivery.online	
mobiopen24.com	
post-importfees-alert.com	
anpost.ie-customs.info	
lhv-turvamobiil.com	
reactivation-service-appleid.com	
customspostoffice-ireland.com	
parcelhub-portal.com	
anpost.parcelhub-portal.com	
suncorpmetway.ddns.net	
financialdepositbank.com	
yvesrocher.live	
lhv-secure-konto.com	
instagram.baitoutpage.com	
post-redeliveryfee.com	
an.post-redeliveryfee.com	
anpost-postonlinepayment.com	
interactrust.online	
canadarevenue-agency.com	
rogersolution.website	
bcclimatereturn.com	
your-interct.info	
tr-10001-in.info	
www.primenotifications-administrator.com	
etran-ca4009.info	
int-returning-funds.top	
etran-ca40099.info	
my-deposet.com	
an.postoffice-parcelhub.com	
etbankselectioncra.com	
lhv-kinnita-ksikasju.com	
on-otb.info	
primenotifications-administrator.com	
anpost-importfee-customs.com	
bell-wireless.ca	
my.anpost-money-ie.com	
mydhlparcel.online	
mobilityreturnca.ml	
anpost.import-fee-parcelhub.com	
lntreasc.com	
net1lix-msg.com	
cadicc202211.com	
anpost.mobile-customsfee.com	
10001e.com	
can-netflix1.com	
scotlalnfo-aiertsca.com	
overpaymentreturn-rogers.online	
rgrs-mobility.site	
grstov.com	
xn--tdbak-rta.com	
canadapostreminder.com	
member-reward-online-access.ca	
members-online-reward.ca	
member-collect-reward-coupon.ca	
rogersca.online	
mobilitydisablednov22.online	
mobiaus-post.com	
gst.canada-autodeposit.online	
gst-tax.canada-autodeposit.online	
tax-return.canada-autodeposit.online	
gst-return.canada-autodeposit.online	
applepay-issue.com	
depo-sh-asp.online	
bankinstitutionfunds.com	
int101-tr.info	
ref1undie.com	
auspost-parceldeliverycharge.com	
swishmusicacademy.com	
my.income-security-protect.com	
scotlaca-lnfoaierts.com	
lnfofreesmsdep.info	
anzrenew-helpdesk-id.com	
primeaccounthelp.ca	
mygov-security-update.com	
rbcpersonal-visa.com	
atb.form-for-enable.com	
frdmmobility.ca	
retouroperateurmobile.ca	
bc-hyro100.com	
bc-hydro100.com	
anpost-postdelivery.com	
interacdeposit.online	
nexi-re171812.info	
mds-re171812.info	
nabbsupport.tk	
anpostfee-onlinecustoms.com	
scafplasticfabrication.com.au	
login-anzinetbank.viewdns.net	
anpost.mobile-packagefee.com	
logon-anz.ddns.net	
parcel-importhub.com	
anpost.parcel-importhub.com	
services-recovery-login.com	
mobianpost-custom.com	
directdebit-review.online	
anpost.mobile-importfee.com	
lhv-turvavarskendus.com	
caipinteractetran.com	
pos2tca-772su.ddns.net	
anpost-postredelivery.com	
mobiityassistance.info	
mobilethree-ireland.com	
reactivation-services-appleid.com	
gstcanada.org	
gstcanada.net	
op-digipalvelut.com	
customs-anpostimportfee.com	
bill-refundservices.ca	
lhv-mobiilne-tugi.com	
anpost.mobile-parcelfee.com	
anpost.mobile-parcelfee.com	
cmn-wl3fa.com	
financialbankingdeposit.com	
bell-customer.info	
govreturnannual.info	
canposti202211.com	
etbankselectcad.com	
arc-tx-intrac1.online	
authcheck-rogers.com	
instagram.dailybaitouts.com	
serviceontario-otb.com	
ci-bc-online-supporet.live	
payimportfees.com	
postca1.site	
1001-ca-interacwebtrust.com	
auspost.info-package.com	
costco.annuai-refunds.com	
rogers-myact1.online	
zxcadlniu.com	
ca-hst.info	
supportforasb.com	
app-retrun.online	
register-td.com	
succursale-td.com	
bendigo-onlinemobisupport.com	
etran-ca4145.info	
etran-ca41455.info	
commb-verify.com	
restore-account-secure.com	
et-benefit.com	
sk-6g3t9.com	
canadapost.sk-6g3t9.com	
postecanada.sk-6g3t9.com	
telus.client-surchage.com	
overpaymentreturn-rogers.click	
interact-entransfert.online	
supportfornz-asb.com	
telus.dep-ciient.com	
reclaimfund.online	
clickhere.vip	
westpac-directdebit.online	
anz-secure.site	
aus-postals.live	
secure0online.com	
upmoney-auth.info	
westpac-verify.online	
november2022-refund.com	
auspostalerts.ddns.net	
update-your-account.online	
ibnab.helpdesk-renew-dashboard.info	
xzyia.com	
mygov.helpdesk-renew-dashboard.live	
update-security.online	
xmyia.com	
parcelhub-eire.com	
anpost.parcelhub-eire.com	
alert-anpost-packageparcelcharge.com	
anpost-postpaymentonline.com	
customspareclfee-anpost.com	
review-anztransaction.online	
verifications-hydroremboursement.com	
services-saaq.ca	
ci-suppeort-technique-online.online	
www.dashboard-telus.site	
dashboard-telus.site	
uber-offers.store	
reactivate-applepay.info	
etbankcra.com	
anpost-money-ie.com	
et-wireless-payroll.online	
cracu.info	
claimgift-redirect.ca	
cr4caq400inflation.info	
www.government-ontario.com	
blackfridayatrogers.click	
mybell-mobility.me	
mpsmpp.site	
lnterac.mpsmpp.site	
mmppss.site	
lnterac.mmppss.site	
shopper-return.com	
mygov-helpdesk-dashboard.com	
annual-returns.com	
bendigo-2248.net	
arc-tx.online	
tdy.es/gjutv	
myacc-credit.online	
auth0002-refundcredit.live	
lnteract-et.co	
helpmyamazon.com	
etran-ca6033.info	
etran-ca60333.info	
aulocalpostdepotmgmt.com	
can-revenueagency-on-gov.com	
clientsupportweb.tk	
revenu-tax-cra.top	
anzdashboard-renew-id.com	
anzonlineservice.com	
otbreturned.ca	
telusfriday.online	
telusgift.online	
mygov-update-credentials.com	
telusholiday.online	
atpostlieferung.com	
dssppsp.site	
jspzpsss.site	
lnterac.dssppsp.site	
lnterac.jspzpsss.site	
cbadirectdebitreview.online	
mycomm-helpdesk-dashboard-renew.com	
interact-etranser.com	
nov2022-inter.com	
help.serviceca-priorityalert.info	
anpost.parcelhub-imports.com	
anpost.import-parcelfee.com	
cdic-authdeposit.live	
customsonline-anpostfee.com	
austriainfo.life	
bill-refundservice.ca	
rogersaccount.internalsrvicesit.com	
rogernsvrfy.us	
etran-ca2290.info	
etran-ca22900.info	
www.verift00l-nov30depo.com	
rogers-authentication.com	
lhv-mobiilne-tegevus.com	
cg5gkd.com	
hse-healthservice-ie.com	
e1tlnearc.online	
au-t.us	
bell.au-t.us	
gov-can-revnueagency-cra.com	
crasupprt.icu	
activation-service-appleid.com	
bonus-population-government.com	
errorbillsupport.help	
cbasupport.ga	
interac.ws	
interac-trans.online	
depositmoney.online	
teluscustomerweb.tk	
caqinterac-secur.ca	
novascotiabancpue-securelink.com	
coalition-avenir-quebec.info	
telclientcare.info	
cadhl8811.ca	
cadhl8832.ca	
cadhl8832.info	
cadacctnotification.com	
sasppss.site	
tel-userwebapp.help	
ssspps.site	
srsppss.site	
amazon.sasppss.site	
amazon.ssspps.site	
amazon.srsppss.site	
mygov-helpdesk-verify.com	
ca.tel-userwebapp.help	
virement.live	
canadapost-postescanada.au-t.us	
verify-up.info	
interac-et-freedommobile.ca	
co-verify.info	
update-gv.info	
supportbnz.me	
costco-purchase.com	
mygovsupport.gq	
mobilepayweb.ca	
wstpc-verify.online	
update-bill.info	
canadatrusttd-accesscd-bankca.com	
cst.tel-userwebapp.help	
compensation-mobile.xyz	
secureinetbank-anz.ddns.net	
auth.personal-atb.com	
anpost.dutyfee-parcelhub.com	
customs-parcelfee-anpost.com	
parcelhub-ie.com	
anpost.parcelhub-ie.com	
access4easywebcad.com	
santander-seguridad.com	
com-w1th.com	
anpost-postdeliveryserivce.com	
financialdepositbanking.com	
lhv-tegevust.com	
goldmember.online	
telusservice.info	
wp-auth.info	
tel-adminsecureweb.tk	
canadapostpostescanada.com	
trilliumbenef.com	
scotlacanada-lnfoaierts.com	
deposityourmoney.online	
costco.wholesalewinnings-canada.com	
www.government-ont.com	
agencanrev48h.xyz	
agenreven48h.xyz	
revenagen48h.me	
revenuqc48h.xyz	
t-d-inc.site	
client-cashback.com	
cana4dafree3sserviic3e.ca	
aulocalpostdepotmanagement.com	
erc-21ref8.com	
scotlacanada-lnfoaiert.com	
cra.icu	
member.mobilityconnectionerror.com	
lntraec.com	
remitttance-term.info	
int-10001-et.info	
etran-ca5477.info	
etran-ca54777.info	
e-trans.one	
bellcanada-user.com	
received.online	
rsksspp.site	
amazon.rsksspp.site	
rszpppp.site	
amazon.rszpppp.site	
rsssppsp.site	
amazon.rsssppsp.site	
bellverification.com	
etransfer.website	
rbc-authentication.com	
tdverification.com	
help-ca.info	
novascotiabancpue-securelink.com.cloud.cherryservers.net	
mygov-verify-helpdesk.com	
mygov-update-security.com	
atb-personalvisa.com	
depositcanadarevenue.agency	
securesite-ib-nab-auth.com	
my.income-secure-activity.com	
op.fi-sulkupavelu.com	
op.fi-sulkupavelu.info	
in-op-fi.co	
op.fi-sulkupavelu.net	
anpost.pay-importcustoms.com	
bankingfundsdeposit.com	
etgovbankselect.com	
rogersreliefca.online	
mobilityreturnca.tk	
in-100011etr.info	
activate-online-service-appleid.com	
www.onlinetransferhub.ca	
onlinetransferhub.ca	
dashboard-mainpage-servicetelus.com	
anpost.import-payments.com	
serviceca-publicalert.com	
appeal.serviceca-publicalert.com	
auth.serviceca-publicalert.com	
data.serviceca-publicalert.com	
details.serviceca-publicalert.com	
dpt.serviceca-publicalert.com	
help.serviceca-publicalert.com	
ic.serviceca-publicalert.com	
it.serviceca-publicalert.com	
itc.serviceca-publicalert.com	
notice.serviceca-publicalert.com	
online.serviceca-publicalert.com	
priority.serviceca-publicalert.com	
request.serviceca-publicalert.com	
support.serviceca-publicalert.com	
tx.serviceca-publicalert.com	
crqxg.com	
service-otb.ca	
captcha.serviceca-publicalert.com	
alert-anpost-parcelcustomfee.com	
billrefundservices.ca	
et.serviceca-publicalert.com	
rtn.serviceca-publicalert.com	
redirectonlinetransfer.info	
r0gersref.ca	
redirect.serviceca-publicalert.com	
directbenefitfunds.com	
directfundsbenefit.com	
simpliisecuritynotice.com	
simpliifinancialsecurity1.info	
simpliifinancialsecurity.info	
simpliifinancialsecurity.com	
simpliifinancialcanada.com	
simpliicanadasecurity.com	
simpliicanadasecurity.info	
simpliicanadaauthentication.info	
simpliicanadaauthentication.com	
simpliiauthentication.com	
simplii.info	
depositbankingfunds.com	
redelivery-postcan.com	
rog-mobilitysupportapp.tk	
depositcanadarevenue.agency.cloud.cherryservers.net	
fido-verifications.live	
services-ontario.ca	
auth-login.live	
post-update.live	
secure-acc.live	
wirelessrog.com	
scotlacainfo-aierts.com	
scotla-calnfoaierts.com	
scotla-infoaiertscanada.com	
shopper-cashback.com	
authorisation-au.info	
companydhl9352.info	
govs1onlinetx.co	
updatedhl8373.info	
verificationdesjardins.com	
easywsecuredlink92.com	
intantrac-deposit.online	
etran-ca.online	
ontariodeposit.com	
interacpagetrust-100.com	
revenu-tax-cad.top	
canpostes.com	
revenu-cra-canada.info	
fg6tn6ij.ca	
comm-update.online	
revenue-canadagov.com	
awaybill.help	
mobilebnz.me	
interactonline.ca	
au-localpostassistance.com	
bendigo-onlinemobiservice.com	
aus-postmobidelivery.com	
review-anzactivity.online	
review-nabactivity.online	
authenticatlon.co	
cra-interacpayment.ca	
vsspssp.site	
amazon.vsspssp.site	
vrsppssp.site	
amazon.vrsppssp.site	
hrvsspp.site	
amazon.hrvsspp.site	
hrvssp.site	
amazon.hrvssp.site	
fsrvppp.site	
amazon.fsrvppp.site	
fssrvpp.site	
amazon.fssrvpp.site	
frssvpp.site	
amazon.frssvpp.site	
frgsspp.site	
amazon.frgsspp.site	
vrpssp.site	
amazon.vrpssp.site	
asb-helpdesk-verify.com	
op-fi-sulkupavelu.com	
op-verkossa-fi.com	
op-fi-sulkupavelu.net	
anpostcustoms-parcelfee.com	
open24-ie-help.com	
in-op-fi.com	
appledevice-reactivate.online	
anpost.service-parcelhub.com	
op-fi-mobiili.app	
anpost-onlinemobiservice.com	
anpost.import-paylink.com	
lhv-klienditugi.com	
in-op-fi.cc	
anpost.office-feesnotice.com	
fundsdepositbanking.com	
www.ydjejekfix.com	
et-wireless-payroll.xyz	
myparcel-importfees.com	
1001inetr.info	
fido-inc.site	
canapostpckg.ca	
centralwireless.ca	
depotvideotron.com	
fido-secured.live	
notice-anpost-packagedutycharge.com	
crasecure.xyz	
revolut-contact.com	
error-telus.site	
securityalertrbc1.com	
etgovbankselectcad.com	
rbcauthenticationsecurity.info	
rbcroyalsecurity1.info	
rbcroyalauth1.info	
rbcsecurityinformation.info	
rbcdisableaccsecurity.info	
securityalertrbc.info	
securityalertrbc1.info	
securitynotificationrbc.com	
rbcroyalsecurity1.com	
rbcauthenticationsecurity.com	
securityverification1.info	
securitycanadaaccountdisable.info	
etran-1001.info	
etran-10011.info	
canadapostpostes-canada.com	
alert-bmo.com	
november2022-transfer.com	
interact.november2022-transfer.com	
postes-ca.tk	
reactivate-applepaydevice.website	
accountrestorationprocess.com	
telusmobility-deposit.ca	
intasecr.com	
admin.november2022-transfer.com	
wirelessauth.info	
29november2022etransfer.online	
et10011-in.info	
uberapp.live	
revenuehelpcan.info	
www.revenuehelpcan.info	
canpost.cc	
reactivate-applepaydevices.online	
frsppsp.online	
amazon.frsppsp.online	
dzspsp.online	
amazon.dzspsp.online	
gspspp.online	
amazon.gspspp.online	
telusevent.online	
aulocalpostdepotsupport.com	
jspspps.online	
amazon.jspspps.online	
telportal.ca-novtrasnfers.com	
nov2022-pyrecipt.com	
cv-rbcroyalbank1.com	
review-cbaactivity.online	
govbeneflts.com	
backup-services.info	
securesite-auspost-redirect.com	
pending-crarefund.com	
ovrg-data.online	
mobbnz.me	
alertcbadevice.online	
lhv-kontakt.com	
in-op-fi.net	
review-anzalert.online	
op-verkossa-fi.app	
mygov-credentials-update.com	
alert-anpost-parceldutycharge.com	
revolut-help-service.com	
anpost.parcel-management.com	
anpost-onlinepostservice.com	
op-verkossa-fi.info	
cra-refunds.ca	
in-op-fi.online	
anpost.parcelhub-importfee.com	
co-op-fi.in	
ing-securebanking.ddns.net	
op-fi-sulkupavelu.info	
amazon.jspss.online	
jspss.online	
kpssr.online	
amazon.kpssr.online	
kzppp.online	
amazon.kzppp.online	
parcelhub-track-ie.com	
anpost.parcelhub-track-ie.com	
anpost-ie-centre.com	
op-mobiili-fi.com	
ber-hsbc-revert.net	
anpost.importfee-parcelhub.com	
anpost.importhub-fees.com	
costco.lnterac-etransfer.754737.com	
notify-anpost-packagecustomcost.com	
fmcalog.co	
anpost.mypackage-delivery.com	
ntflix.info	
services-mytelus.online	
anpost-postpayservice.com	
bellclientsupportweb.tk	
lntaec.com	
cv-rbcroyalbank.com	
depotqcbanquechoix.com	
servicecenter-ca.com	
itsnetisl.com	
anpost-customshub.com	
customer.servicecenter-ca.com	
inesac.com	
etgovbankselection.com	
dashboard-helpdesk-verify.com	
intanrtac-depositt.online	
interactmycra.com	
ca-nov2022-pyrecie.com	
anpost.parcelhub-dutyfee.com	
telus-refund.gives	
www.telus-refund.gives	
qc-tk7281.com	
canadapost.qc-tk7281.com	
postecanada.qc-tk7281.com	
postescanada.qc-tk7281.com	
directfundbenefit.com	
directbenefitfund.com	
overchargereturns.net	
serviceprocenter.ink	
in10101etr.ca	
itsnetas.com	
lnesina.com	
post1canada.online	
cra-refundpending.com	
club-rewardbenefits.net	
scotla-aiertscanada.com	
scotlacan-lnfoaiert.com	
scotla-lnfoalertsca.com	
depositgovernmentfunds.com	
overcharge.ddns.net	
applepay-service.top	
ing-secureinetbnk.ddns.net	
scotwofactoralert.com	
amzon.dev	
arc-tx-gov.online	
telusreg.live	
www.telusreg.live	
info.annualcashback.org	
fraispostecanada.com	
rbcmobile-authentication.com	
reference.serviceprocenter.ink	
my.apple-wallet-verification.info	
logon-anzinetbnk.ddns.net	
my.mygov-security-verify.com	
securedlink8241.com	
bendigo-mobile-security.com	
applypaysupport.ddns.net	
applepaysupport.ddns.net	
op-digipalvelut-fi.com	
aus-postdeliveryservice.com	
auspost.accounts.limited	
auspost.com.au.accounts.limited	
postservice-importfees.com	
fi-op.net	
2023arcgc.online	
ausdelivery.org	
parcelhub-ireland.com	
anpost.parcelhub-ireland.com	
customs-anpost-parcelfee.com	
anpost.parcelhub-duty-fees.com	
fi-op.com	
open24ptsbalert.com	
fi-op.online	
anpost-postdeliverypay.com	
importfee-anpostcustoms.com	
amazonbilling.ca	
consumer-annualbonus.net	
instagram.centralbaitouts.com	
updatecanadapost.ca	
parcelfees-ie.com	
anpost.ie.parcelfees-ie.com	
alert-anpost-customspayment.com	
bcscoit.com	
interac-returns.ddns.net	
1december2022neltflix.com	
tkorc.overchargereturns.net	
orctkm.overchargereturns.net	
mybill.overchargereturns.net	
access-my-reward-coupon.ca	
members-executive-reward.ca	
45.82.75.32	
ocreturns.com	
sqye.ocreturns.com	
ajd1w.ocreturns.com	
aiwj.ocreturns.com	
billreturns.net	
tkorc1m.billreturns.net	
orctmc.billreturns.net	
lsjah6.billreturns.net	
northglobepowerfuse247ca.com	
depotquebc.org	
etgovbank.com	
overchargereturns.ddns.net	
mobilehelpcenter.info	
etran-1100.info	
etran-11001.info	
anpost.mypackage-importfee.com	
returnscharge.ddns.net	
intanrtac-deposit.site	
anpost-alert-customscharge.com	
parcelportal-ie.com	
netlflxca-pymntrevisons.com	
ntflxca-bllllngupdates.com	
ntfx-carevisions.com	
cibcidentification.com	
anpost.parcelportal-ie.com	
cibconline.boo	
rbconline.boo	
fido-org.site	
bmoidentification.com	
postescan-on.com	
et-dep-team.icu	
gov-can-revenueagency-info.com	
cudgc-ab.help	
cra-employment91.info	
directbenefitsfund.com	
directfundbenefits.com	
eteasyacces.online	
depositbanknow.com	
aupostlocalsupport.com	
11001-et.info	
my-aus-postservices.ml	
ing-inetbnk.ddns.net	
etran-4988.info	
etran-49888.info	
auspost-comau.ddns.net	
au-delivery.org	
securedtd.ca	
get-my-coupon-reward.ca	
fidomobile-ca.icu	
netbanksafeguard.ddns.net	
client-reward-coupons.ca	
online-ftcatlog.com	
collect-members-reward.ca	
serviceinterractinstant.online	
my.bendigo-online-verification.com	
benefitsdirectfunds.com	
www.serviceinterractinstant.online	
my.bendigo-online-revision.com	
rogers-deposit.com	
bendigo-mobile-help.com	
1december2022etransfer-intrac.ca	
info-auth.cc	
postcanada-ontario.com	
revolut-user-security.com	
anpost-customsfee-online.com	
ophalytys.com	
anpost.mypackage-feesnotice.com	
anpost-customs-parcelfee.com	
anpost-postaccservice.com	
cwbcanadians-superiorcrownhelp247.com	
canapostpckgs.ca	
consumer-web.live	
parcel-track-ireland.com	
anpost.parcel-track-ireland.com	
etran-15001.info	
etran-1500.info	
anpost.online-packagefees.com	
services-ontario.com	
gov-can-reveueagency-cra.com	
anpost-customsinvoicehub.com	
bmoconsulting.top	
payrollwebdeposit.ca	
govpay-interac.ca	
f-i-d-o-mobility.site	
correct1rbroyal01912.info	
refundonitem.top	
returnof920.top	
returnofcanrev.top	
correct1rbcroyalrb.com	
returnpol1cy.top	
returnservices514.top	
bendigodirectdebit.online	
etgovbankcad.com	
dep0sit-transfer.com	
benefitdirectfund.com	
benefitdirectfunds.com	
deliverylinkcanadapost3.com	
postcanadabillingupdate.com	
postbillingupdateposte1.com	
canadapostupdate1.com	
packagedeliveryattempt1.com	
packagecanadapostattempt2.com	
canapostdeliveryattemptfailed.com	
poste-cattemptdelivery.com	
deliverynoticecanada1.com	
postecanadabilling1.com	
scotiatrust-01-websecure.com	
versement.info	
cadirectbenefit.com	
inflationquebec.com	
rzpssp.online	
grprsss.online	
amazon.grprsss.online	
amazon.rzpssp.online	
netflixhelpcenter404.com	
verify-apple-pay.info	
depositfundshere.com	
servicecenter-ca.live	
get-coupon-reward.ca	
executive-reward-coupon.ca	
coupon-reward-member.ca	
website.servicecenter-ca.live	
etran-4432.info	
etran-44322.info	
custmvrf-atb.online	
1101n-et.info	
member-executive-reward-coupon.ca	
amazonsecure.ca	
portal.servicecenter-ca.live	
costcoreward-dashboard.com	
re-ordaus.com	
deposit2december2022.com	
fvsppp.online	
amazon.fvsppp.online	
oncanada-post.com	
fundsdirectbenefits.com	
benefitsdirectfund.com	
cadovrchrge.biz	
bendigo-mobile-secure.com	
intrranac-deposit.online	
servicecanada.help	
a.refundlnteracportal.com	
boutiquechezmarie.shop	
www.boutiquechezmarie.shop	
anpost.parcelhub-alert-fee.com	
bellonline.co	
post-customservices.com	
up-money.myddns.me	
customs-anpostfee-import.com	
bendigo-inetbnk.ddns.net	
anpost.secure-importpayments.com	
parcel-redelivery.com	
anpost.parcel-redelivery.com	
anpost-invoicehub.com	
parcelportal-ireland.com	
anpost.parcelportal-ireland.com	
mobirevolut-confirm.com	
amazon-info.help	
postalservice-customfee.com	
wholesale-cashreward2.info	
review-anpost-delivery.info	
revmobile-review.com	
review-anpost-custom.info	
parcelhub-live.com	
anpost.parcelhub-live.com	
gv-update.info	
comm-verify-au.com	
telus-identity.serveirc.com	
versement-caq-ca.top	
etran-5122.info	
etran-51222.info	
anpost.ie-import-fees.com	
2022-return.com	
in11001etr.ca	
telusmobi-returnportal.org	
parcelhub-live-importfees.com	
anpost-customsimport-parcelfee.com	
anpost.parcelhub-live-importfees.com	
your-pcoptimum.com	
bellonline.ca	
anpost.myparcel-management.com	
reward-costoc.shop	
etgovbankcra.com	
cudgc-ab.online	
info-netflx.co	
alert-anpost-invoicepayment.com	
parcel-verification.org	
auspost.parcel-verification.org	
paypost-importfee.com	
canpost.click	
myacc-telu1s-gov.info	
depositmobile.ca	
tx-arc-fds.online	
www.auspost.parcel-verification.org	
www.auspost-parcels.org	
hydrorebate.energy	
redirect-cabenefits.com	
depositbankfundshere.com	
etran-4787.info	
etran-47877.info	
sspv.online	
amazon.sspv.online	
amazon.gspp.online	
amazon.gspp.space	
support-mybell.ca	
telushelp247-departmentbillingcan.com	
tdshelp.info	
telushelp-transcan247.com	
td-w4724-09xine-team.live	
auspost.com.au.parcel-verification.org	
auspost-parcels.org	
telusstatementhelp-transcan247.com	
freemonth.ca	
atpostsupport.com	
couponrewards.ca	
fundsdirectbenefit.com	
funddirectbenefits.com	
gspp.space	
ib-nab-com-au.me	
errordepos.info	
my.bendigo-bank-online-security.com	
et1101in.ca	
amazon.hrpps.pw	
hrpps.pw	
bendigo-com-au.live	
amazon.dpssp.pw	
dpssp.pw	
my.security-protect-secure.com	
cpss.pw	
amazon.cpss.pw	
fcpp.pw	
amazon.fcpp.pw	
customs-anpost-parcel.com	
hse-covid-teskit.com	
paypost-customfee.com	
amazonau.me/com-au	
amazonau.live	
interatc.com	
anzauthorise.com	
myparcel-feespayments.com	
verifybilling.info	
verifybillng.info	
customs-parcel-anpost.com	
federaldepositnow.com	
returnsovercharge.ddns.net	
lhv-konto-turvalisus.info	
etran-6557.info	
etran-65577.info	
interactrust01-webpage.net	
45190-team-service.team	
bell-m0bility.com	
myacc-telu1s.online	
parcel-customfee.com	
1su-online-uyj-4506-44.online	
intarac-deposit.online	
inte3rac-t5ransf3er.online	
updatedeliverydhlca.info	
dhlupdatedeliveryca.info	
1001-interactransfert-return.com	
benefitsfundsdirect.com	
mon-rog91.info	
funddirectbenefit.com	
servicedhl.ca	
dhlservice.ca	
dhl-reschedule.ca	
schedule-dhl.ca	
accessdhl.ca	
dhlaccess.ca	
dhlparcel.ca	
parceldhl.ca	
dhlqc.ca	
quebecdhl.ca	
cbadirectdebits-review.online	
dhlcanada.ca	
dhlinvoice.ca	
directbenefitsrefund.com	
mytelus.online	
etran-9644.info	
etran-96444.info	
vrf-prime.online	
caqverse.online	
december2022customerreimbursement.com	
trilliumbenefit.com	
prime-vrf.info	
canada-post-reimbursed2interat.com	
helpbnz.me	
aumanageyourpost.com	
mobility-identification.com	
accountidentification.com	
reactivate-applepaydevice.store	
userverification1.com	
refund-interact.com	
verf.cloud	
my.apple-card-update.info	
4506-44.online	
amazon-secure.ca	
netflix-secure.ca	
3etra5sfer-telus.online	
supportforapplepayau.com	
bendigo-security-account.com	
tduserauthentication.com	
telus-etransfer.online	
mobilityoverchargerefund.com	
paymybilltelus.co	
applepay-reactivate.store	
privatealert-serviceca.com	
et.privatealert-serviceca.com	
appeal.privatealert-serviceca.com	
auth.privatealert-serviceca.com	
captcha.privatealert-serviceca.com	
data.privatealert-serviceca.com	
details.privatealert-serviceca.com	
dpt.privatealert-serviceca.com	
etr.privatealert-serviceca.com	
help.privatealert-serviceca.com	
ic.privatealert-serviceca.com	
it.privatealert-serviceca.com	
itc.privatealert-serviceca.com	
live.privatealert-serviceca.com	
notice.privatealert-serviceca.com	
online.privatealert-serviceca.com	
priority.privatealert-serviceca.com	
redirect.privatealert-serviceca.com	
request.privatealert-serviceca.com	
rtn.privatealert-serviceca.com	
support.privatealert-serviceca.com	
tx.privatealert-serviceca.com	
update.privatealert-serviceca.com	
mobility.ca-reimburstments.ink	
mobililitysupportcenter.ink	
returns.mobililitysupportcenter.ink	
cba-devicereview.online	
280reminder-dec5.online	
4506-44xx.online	
anpost-postonlinepay.com	
postalhub-eire.com	
anpost.postalhub-eire.com	
at-post.website	
customs-import-anpost.com	
bendigo--alerts.com	
ee-lhv.pw	
anpost-postmobidelivery.com	
postnord.no-pakker.com	
fidointerac.ca	
etrans-caq-ca.top	
institution-caq-depot.top	
parcelhub-manage.com	
payment-ca.info	
applepay-support.ddns.net	
trackhub-ie.com	
anpost.trackhub-ie.com	
ineteac.com	
et1101-in.info	
bankid.no-digitale.com	
intresac.com	
etran-6837.info	
etran-68377.info	
2022avgpay.ca	
apple.r-e-f276283.help	
otb-serviceca.live	
customsparcel-anpost.com	
aib-loginqueries-online.com	
credit-myact-te1us.online	
admin.mobililitysupportcenter.ink	
anpost-invoiceparcelhub.com	
ca-canadapost.com	
en-canadapost.com	
etcrabankselect.com	
securedonlinetd.ca	
save-pending-vg0fglpi83mo.com	
amzrecover1222.online	
gov-canada-reveneagency-info.com	
gov-canada-revenueagency-info-ca.com	
gov-canada-revenueagency-info.com	
www.eteasyacces.online	
mytelus.shop	
cana1da-post-shipback2transf.com	
eng-canadapost.com	
interac-saaq-refund.com	
zurucksetzenraiffeisen.com	
rogersinc1.site	
serv-can-6272-system.info	
manageyourpostau.com	
benefitfundsdirect.com	
benefitsfunddirect.com	
virement-caq-institu.top	
billing-authentication.com	
int11001-et.info	
netflix.billing-authentication.com	
my.secure-new-payee.info	
bendigo-device.net	
helpmyanz.com	
accesdesjardinlnc.online	
rbc.accountidentification.com	
royalbank.verf.cloud	
rbc.verf.cloud	
tdbank.useridentification.info	
td.useridentification.info	
useridentification.info	
4506-44xx-login.online	
mobileasb.me	
westpac-protect.ddns.net	
refund-au.com	
royalbank.accountidentification.com	
costco-annualrew.com	
apay.r-e-f164777.help	
mobilepaysend.ca	
www.mobilepaysend.ca	
cra-tx-funds.online	
my.secure-update-payee.info	
bell-friday-mobile.online	
bendigo-alerts.ddns.net	
customer.mobilityoverchargerefund.com	
canada-post-interactgov-74840.com	
client.mobilityoverchargerefund.com	
etransfer.mobilityoverchargerefund.com	
telus.mobilityoverchargerefund.com	
november.mobilityoverchargerefund.com	
sntnderpt.com	
ing-secure.ddns.net	
turvalisus-lhv-ee.in	
lhvee-mobiilne.com	
anpost.duty-fee-parcelhub.com	
permanent-tsb-ie.com	
payimport-taxes.com	
service-canada.info	
lhv-mobiiltelefon.com	
paypost-customfees.com	
fido-mobility.com	
canada-intelcorp247-transcan-gov.com	
etcrabankchoice.com	
commbank-support.work.gd	
anpost-mobipaymentonline.com	
myacinf.com	
customshub-anpostfees.com	
bell.billing-authentication.com	
gst-return.ca	
etran-6755.info	
etransdepsit.online	
paypostal-dutyfee.com	
mobile-update-app.com	
canpostpckgs.ca	
on-canadapost.com	
lnteracarc.com	
employementsecure.online	
rbcroyalbank.accountidentification.com	
qc-rbcroyalbank.com	
caq-institu-virement.top	
inflationsupportcan.help	
anpost.fees-importhub.com	
en-canadaposte.com	
inflationhelpcra.info	
td.userverification1.com	
tdbank.userverification1.com	
scotlaca-fraudaierts.com	
scotlamobile-lnfoaiertsca.com	
scotlacamobile-lnfoaiert.com	
authentication1.com	
postal-customspaymentfee.com	
securetransroger.xyz	
securedrogersemt.xyz	
securedrogeremt.xyz	
securetransrogers.xyz	
securedrogers.site	
royalbank.mobility-identification.com	
rbc.mobility-identification.com	
www.inflationhelpcra.info	
www.inflationsupportcan.help	
4506-44xx-support-line.info	
auth-online-scotiabank.com	
intacrac-deposit.online	
rbc.authentication1.com	
royalbank.authentication1.com	
canadapost-delivery.us	
clientcarecenter.ink	
crss.pw	
amazon.crss.pw	
crsss.website	
amazon.crsss.website	
bell-deposit.ca	
tx-ar-gov.info	
l8-scotiabank.com	
1001-interacweb-catrust.com	
mybell-support.ca	
fundsbenefitdirect.com	
secure-services-canada-revenue-agency.su	
election2022.pro	
etransfer.live	
canapostrescedule.ca	
access-scotiabank.com	
rgrs-inc.site	
etran-4336.info	
ca-clientcarecenter.ink	
mobillity.ca-clientcarecenter.ink	
etran-43366.info	
e1101tr.info	
gouvernementprepaidonlocked48gangqc.com	
clientauthorization	
clientauthorization.com	
e-1re-ca3.com	
resi-help.online	
saveinterac-ca-webtrust.com	
tdwebpay.ca	
unlimited5g.online	
cad-moblilitycenter.ink	
returns.cad-moblilitycenter.ink	
ca-moblilitycenter.ink	
returns.ca-moblilitycenter.ink	
moblilitycenter.ink	
returns.moblilitycenter.ink	
moblilityoveragecenter.ink	
returns.moblilityoveragecenter.ink	
moblitityoveragecenter.ink	
returns.moblitityoveragecenter.ink	
tracking-canadapost-postescanada.ru	
cashback-customer.com	
benefitfunddirect.com	
my.portal-payee-update.info	
costco-annualrtn.com	
cancel-payment-auth.com	
inflationcaq.online	
depositbell.myvnc.com	
data-verification.com	
viewdhlupdatesca.info	
updatesdhlpackagesca.info	
dhlschedupdatesca.info	
schedupdatesdhlca.info	
id7772-mydhlupdatesca.info	
viewmydhlparcelca.info	
pckg9929-updatesviewdhl.info	
updatesdhlca-pckg9927.info	
my.apple-card-new-device.info	
amaz1ca.site	
myparcel-importnotice.com	
ee-turvalisus-lhv.in	
anpost.custom-fee-parcelhub.com	
veri-int.ca	
turvalisus-lhv-ee.info	
anpost.payfees-notice.com	
bendigo-alert.ddns.net	
post-customsparcelhub.com	
ee-lhv.info	
paypost-dutyfee.com	
auspostupdate.com	
securetdbusiness.ca	
www.securetdbusiness.ca	
ee-lhv-turvalisus.info	
support-applepay.myvnc.com	
postnord.no-privat.top	
anpost-hub-ie.com	
anpost-postmobdelivery.com	
anpost.fee-import-parcelhub.com	
billing-ntflx.ddns.net	
parcel-center.com	
anpost.parcel-center.com	
hse-testkit-covid.com	
canadapost.re-delivery.ca	
ca-rebates-plan.info	
rectrqc.com	
gouv.quebec-600dollarsretour-client.gq	
gouvqc.retour600client2787.gq	
revolut-web-update.com	
revenu.quebec-retour600client2566.gq	
canada-pots.com	
quebec.retour-600dollars-client824.gq	
gouv.quebec-600retourclient287.gq	
accountverification.ca	
inractac-deposit.online	
in10111etr.info	
bellmobility.myvnc.com	
customshub-parcelfees.com	
eng-canadaposte.com	
www.accountverification.ca	
ca-auth-post1.com	
bell.accountverification.ca	
anpost.parcel-noticefees.com	
parcel-customs.com	
fundbenefitdirect.com	
fundbenefitsdirect.com	
canadapostqcauthorization.com	
canada-postal-services1.com	
canada-interruption1.com	
ca-postalschedule1.com	
ca-shipping-capost.com	
schedulepostalservices1.com	
postalcanadian1services.com	
ca-bill-reschedul.com	
postecanadalivraison1.com	
bc-cibc.com	
bc-cibc1.com	
aboutotb-on00.info	
tx-intrac1-arc.info	
gov-can-revenueagency-info-ca.com	
gov-can-revenueagency-ca-info.com	
can-revenueagency-gov-info-ca.com	
anpost.parcel-customs.com	
alert-anpost-packagepayment.com	
etbankchoice.com	
pay-postal-importfee.com	
telusmobilesupport.info	
www.gangantconcour.online	
telusmobilty.online	
canadarev-gov.com	
bankingdepositfund.com	
r-b-c-alert.site	
getverify.live	
bankingdepositfunds.com	
bellnotification.cloud	
app-verification-net.com	
fonds-caq-qc.top	
mobility-inc.site	
bit.ly/3vxb90b	
et11001-in.info	
10001t.com	
gov-annual.info	
refund-serviceontario.com	
www.refund-serviceontario.com	
ghpps.pw	
amazon.ghpps.pw	
ghpps.website	
amazon.ghpps.website	
ghpp.pw	
amazon.ghpp.pw	
ghpp.website	
amazon.ghpp.website	
verificationbnz.me	
canada-post-interact74859-gov.com	
www.refund2022.info	
am-amazon.com	
am-amazon1.com	
qc-rbcroyalbank5.com	
my.secure-portal-update.info	
anzreview-activity.online	
paypostal-customfee.com	
op.fi-tilit.net	
op.fi-tilit.info	
intaracetransfer.agency.cloud.cherryservers.net	
anpost.import-feeparcelalert.com	
anpost.import-fee-parcelalert.com	
op-fi-tilit.com	
anpost-postaccpayment.com	
reactivateapple.com	
postalhub-customsfees.com	
anpost.import-fee-parcelhub.net	
etbankchoicecra.com	
canada-post-interat74859-gov.com	
idly.life	
caqinflation.com	
rev-update-app.com	
wholesale-year2-percent.info	
nabbankingonline.net	
review-online-activity.com	
osterreich-post.info	
inttranac-deposit.site	
hse-testing-covid.com	
etrnsfer.ca	
www.etrnsfer.ca	
depotdefonds.top	
anpost.alert-fee-parcelhub.com	
gouv-can-600.top	
annual-wholesale-member-coupon.ca	
postal-dutyfee.com	
parking-unsettledpay.online	
alert-anpost-parcelfee.com	
natwest.web.app	
revolut-web-security.com	
interac-overcharge.ddns.net	
inflationqueb.express	
04990.aboutotb-on00.info	
e-tr11001.ca	
benefits-ca.com	
wholesale2.info	
depot600secure.online	
depotcangouv.online	
bell-mobility.ru	
gouv600depot.online	
caqgouv-qc.online	
caq-gouv-qc-ca.com	
caq-qcgouv.online	
expenses-individuals.info	
asb.helpdesk-dashboard-verify.com	
caq-quebecinflation.online	
an.post-importfee.com	
lnerarc.com	
caq-quebecinflation.club	
bankingdepositsfunds.com	
bankingdepositsfund.com	
r-g-r-wireless.site	
thegivebackcampaign2022.com	
en-postcanada.com	
parcel-eire.com	
anpost.parcel-eire.com	
bendigo.com-au-online.top	
mygovsms.life	
notice-anpost-revenuetaxfee.com	
interac.myvnc.com	
telusidentity-telus-com-oauth2.su	
telusidentity-telus-com-oauth2.ru	
etran-5545.info	
etran-55455.info	
rogcustomercare.com	
helphsbc.com	
inrtrac-refund.online	
cv-rbcroyalbank2.com	
exodus.exooddus.com	
caq-interac.online	
inflationquebb.club	
inflationquebb.shop	
aumanageyourdelivery.com	
aus-package.online	
publicdetails.online	
bankingfunddeposit.com	
bankingfundsdeposits.com	
www.privateyoufor.info	
services-gov-login.com	
netbank-3143.com	
bcgouv1-instantdeposit.club	
bcgouv2-instantdeposit.shop	
verificationbmo.com	
royalbank.verificationbmo.com	
10001l.com	
ca-mobilitycarecenter.com	
www.dr-ct011.online	
www.dr-ct345.online	
rst-ve.online	
1rbc.identificationportal.com	
citytorontoparking.info	
torontoparkingcity.info	
rbc.identificationportal.com	
royalbank.identificationportal.com	
bmo.verificationbmo.com	
bankofmontreal.verificationbmo.com	
verificationsrbc.com	
royalbank.verificationsrbc.com	
anz-alerts.ddns.net	
bmo.indexverify.com	
bankofmontreal.indexverify.com	
clientcarecenterca.com	
ca-supportscenter.cfd	
n-flix-inc.site	
anpost.duty-fee-packagehub.com	
imagin.cloud	
customshub-importfee.com	
can-netflix2.com	
post-customfees-alert.com	
caq-data.com	
ont-netflix.com	
fi-op-in.net	
fi-op-in.online	
anpost.alerts-parcelhub.com	
hse-testkit-delivery.com	
westpac-review.online	
etfansfercra-secure-link.com	
amazon-0rders.ca	
anpost-parcelpayonline.com	
auth-scotiabank-scotiaonline.com	
cra.govpay-interac.ca	
canada-post-reimbursex1nterat.com	
parcel-costs.com	
anpost.parcel-costs.com	
anpost-parcelhub-alerts.com	
revenu.quebec-retourclient005-600dollars.gq	
legault.retour-600dollarsquebec-client004.gq	
gouvqc.retour-600dollarsquebec-client003.gq	
gouv.quebec-600dollarsretourclient002.gq	
revenu.quebec-600dollarsretourclient001.gq	
summary-account.online	
etrnsfer.com	
mobilityreturn.icu	
qc.retour-600dollarsquebecclient006.gq	
caq.600-retourclientquebec007.gq	
intranac-deposit.site	
mana1ge-accou3nt.online	
interactmycraincent.com	
netflixcharge.app	
httppostsec1.site	
benefits-ca.ca	
entitle-divided.info	
ssdp.online	
interac.ssdp.online	
dpps.online	
interac.dpps.online	
dzpp.pw	
interac.dzpp.pw	
dppp.pw	
interac.dppp.pw	
ontaserv.com	
rev-securityupdate-ie.com	
1101e-tr.ca	
et-privatedetails.com	
directbenefitsprocess.com	
serviontt.com	
etransfer.icu	
interac-telus.online	
telusref.online	
www.bctogether.life	
fido-mobility.su	
interact-gigadat.online	
emautofail.online	
asb.helpdesk-verify-dashboard.com	
canadapost-e.com	
intratac-relief-deposit.online	
deposit-lnterac.com	
interac.claims	
etran-3441.info	
canada-post-postes-canada.com	
canada-post-postescanada.com	
executive-rewards-member.ca	
executive-reward.ca	
executive-rewards.ca	
helpfederalfunds.com	
cradepositfunds.com	
manage-reward-coupon.ca	
interct-info.com	
caq-deposit.ca	
applesupportupdate.com	
connect-scotiabank.com	
gigadatcasino.online	
gigadat-interac.online	
gv-bc.com	
refundservices.gv-bc.com	
et-lnterac1.gv-bc.com	
ab-refundservices.1nt3r4c.com	
gov-ab.refundservices.1nt3r4c.com	
1nt3r4c.com	
services-qc.5e7u0.com	
my.portal-verification.info	
auspost.com.au-info.org	
op-fi-tilit.info	
review-bendigoaccounts.online	
irelandmobi-postoffice.com	
customshub-parcelfee.com	
review-netbankdirectdebit.online	
myparcel-importpayments.com	
rev-mobilesecurity.com	
mobicustoms-ire.com	
post-parcelservice.com	
an.post-parcelservice.com	
review-cbadirectdebits.online	
anmeldelse-bankid.com	
at-pack.online	
revqc-600.com	
secure-rbc.live	
anpost-parcelfee-alerts.com	
teiusinfosupport.com	
canada-postreimbursete-c82.com	
etran-1787.info	
allocationcanadienne.com	
yourmobilepay.online	
customshub-anpostfee.com	
www.280reminder-dec5.online	
anpost.parcel-imports.com	
gigadatlive.online	
anpost-servicefee-alerts.com	
bellcustomerservice.myvnc.com	
www.remboursement-saaq.net	
remboursement-saaq.net	
0auth-scotiabank.com	
rogers.support	
scotlacalnfo-aierts.com	
scotlaca-transactionaierts.com	
scotlaca-mobileaierts.com	
www.dr-ct453.online	
customer.rogers.support	
returns.rogers.support	
id-89b98.com	
et-mcan.com	
canpost.id-89b98.com	
instagram.baitoutrends.com	
ca-returncenter.com	
10001-interacdeposit-webca.com	
kood0-return.com	
ship-canadapost.com	
fmcalogg-deposit.com	
agence-gouvernm.online	
gouv-revdefonds.online	
rev-de-fonds.online	
acc-cmb.sbs	
etansfer.com	
post-italia.com	
gouv-caq-qc.online	
gouv-caq-qc.club	
gov-bc2.com	
emtca.online	
telcustomersupport.com	
etran-0441.info	
thecoalitionavenirqc.online	
caqdeposit.online	
credited-intrac.online	
colispostecanada.com	
telcustomer-billing.com	
www.claims-sec.cc	
ca-moblilitycarecenter.com	
returns.ca-moblilitycarecenter.com	
costco-return2022.info	
etransferservice.com	
mytelus-accounts.online	
ing-alerts.ddns.net	
my-outages.report	
tdcanadatrusl.co	
ma-bnc.info	
canada-post-interat87508-gov.com	
rbc.modernize-policy.com	
caq-depot.me	
netflix-billing-update.info	
anpost-parceltransportfees.com	
my.update-info-secure.net	
anpost-parcel-fee-alerts.com	
posthub-eire.com	
an.posthub-eire.com	
customs-anposthub.com	
re-activate-online-appleid-services.com	
anpost.parcelhub-manager.com	
parcelfee-customshub.com	
anpost.postalalert-fees.com	
revenuerefundservices.ca	
nbgggr.com	
gouvcrabankchoice.com	
canada-gst.com	
gouvcrabanktransfer.com	
anpost-ire.com	
anpost-customfees-alert.com	
inflationquebbec.shop	
inflationquebbec.store	
on-trilliumbenefit.com	
servicecanadareport.online	
ecanadapost.com	
bbvasupportauth.com	
canadapost-fees.online	
caclimatepayment.xyz	
canadaclimatepay.xyz	
canclimatepayment.xyz	
climateactionca.xyz	
climatepayment2022.xyz	
myacc-tx-bmo.info	
reactivate-applepaydevice.info	
190.14.37.109	
bankingsfundsdeposits.com	
bankingsfundsdeposit.com	
interactmycrabenefit.com	
supportamzon.com	
secure-appverify.com	
mobilsevice-customersupp.com	
ing-support.ddns.net	
redirectbenefits.com	
ca-dhlupdate3883-en.com	
my.bendigo-account-review.com	
rbc-customersecurity.com	
ca-clientcenter.com	
returns.ca-clientcenter.com	
attempteddispute-nz.com	
t3l5us-i3terac.online	
myteluscommunications.online	
mytelus-communications.online	
mytelus-communication.online	
myteluscommunication.online	
review-nabid.online	
my.secure-medi-rebate.info	
ingalerts-au.ddns.net	
emaautofail.online	
www.client-update.online	
ppss.pw	
pssp.pw	
interac.pssp.pw	
interac.ppss.pw	
acs-sv.online	
my.income-secure-update.info	
suncorp-alerts.ddns.net	
revolut-ie.support	
customs-parcelpayment.com	
www.redelivery.link	
bbvaesauth.com	
interac.la/info	
anzshield-au.ddns.net	
fi-op-net.in	
fi-op-net.com	
fi-op-co.com	
op-fi-asiakkaaksi.com	
posthub-ie.com	
an.posthub-ie.com	
ca-communucationscenter.com	
amazon.ca-communucationscenter.com	
2wholesale.info	
anpost-customs-parcelhub.com	
ing-comausecurebnk.ddns.net	
mygov-service.com	
anpost-parcel-dutyfee.com	
anpost-paymentmobiservice.com	
renewal-service-appleid.com	
revolut.myvnc.com	
interat780890-canada-post-gov.com	
montant-support-inflation2022.gq	
gouv.montant-support-inflation2022.gq	
gouv.qc.montant-support-inflation2022.gq	
qc.montant-support-inflation2022.gq	
quebec.montant-support-inflation2022.gq	
revenu.quebec.montant-support-inflation2022.gq	
mypost-customfees.com	
mypost-parcel.redirectme.net	
customs-anpostparcelfee.com	
suncorp-on.line	
suncorp-on.line.pm	
auspost-on.line.pm	
anpost.parcel-updates.com	
anpost-transportpackagefee.com	
permanenttsb-queriesonline.com	
hse-covid-testkit.com	
canadapost.re-schedule.ca	
bbvaadministrar.com	
loginscotia.com	
anpostcustomfees-alert.com	
mybell-payment.me	
etbankselectiongoc.com	
anpost-ie-hub.com	
client-identification1.com.	
rbc.client-identification1.com.	
annualrebate.co	
cibcfraudsalerts.myvnc.com	
online-customercarecenter.com	
bmofraudalert.myvnc.com	
tdfraudalerts.link	
inflation-quebb.today	
inflation-queb1.shop	
customerservicehelpcenter.com	
mypost-importfees.com	
ca-dhlcustomer0144-en.com	
etrans.help	
incomeca-rev.com	
scanadapost.com	
www.etrans.help	
anpost.parcelhub-customs-fee.com	
intarac-rb-c.online	
onlinebanking-customercare.com	
tel1us-int1er3ac.online	
tel7us-int1er3ac.online	
www.etrnsfer.foundation	
client-identification1.com	
rbc.client-identification1.com	
legaultelectiongift.xyz	
inflation-deposit.ca	
hse-ie-help.com	
gouvcra-bankchoice.com	
clients-canadapost.com	
mobilityservicesupport.com	
logintdcanada.com	
www-4724-auth-mytd-online.xyz	
members-reward.ca	
get-member-rewards.ca	
reward-coupon.ca	
member-reward.ca	
ing-on.line.pm	
etr-10010.info	
rbccanadalogin.com	
applepay-on.line.pm	
activate-applepay.online	
linkcdnsender.ca	
intracc-deposit.online	
redelivery.ausparcels.org	
ausparcels.org	
ca-costco.com	
ca-costco1.com	
www-td-cananda-log-in-47xxx.info	
costco-rewardsrtn.com	
pdps.pw	
interac.pdps.pw	
www.reschedule.link	
bnzmobile.me	
data-caq.me	
canada-post-interatfees78859-gov.com	
serviceca-privatealert.com	
op-fi-asiakkaaksi.net	
fi-op-co.net	
applepay-re-activate.online	
customs-parcelfee.com	
ca-communucations.com	
returns.ca-communucations.com	
payimportfee-service.com	
int3rac-ca53c34a.info	
anpost.manage-fees.com	
anpost-payservice.com	
commbank-on.line.pm	
anpost-customerfees-alert.com	
anpost.alerts-parcelhub-fee.com	
parcelservice-eire.com	
anpost.parcelservice-eire.com	
revolut-web-auth.com	
anzdevice-review.online	
infos-acces.com	
erstegroup.com-at.top	
info-accs.com	
ie-revolutsupport.com	
wholesale-annual-client-coupon.ca	
logisisseihv.info	
on-postescanadacanadapost.com	
moey.conta-pt-cliente.com	
parcel-support.com	
mycrainteractref003293.com	
anpost.parcel-support.com	
canada-gst.net	
canada-gst.org	
hse-onlinehealth-ie.com	
etransfer-caq-qc.top	
www.aedetransfer.space	
www.aedetransfer.help	
www.etranfer.xyz	
www.etranfer.store	
www.etranfer.site	
inte3rtac-tranf1er.online	
in7tertac-tra3nf1er.online	
telu7s-tran1sfer.online	
ca-dhlcustomer-en.com	
in7tertac-tra3nfer.online	
in7te3rtac-tra3nf1er.online	
canadapost.delivery-payment.ca	
intranac-deposit.us	
anpost.manage-imports.com	
fundsdeposithere.com	
account-rogers.serveirc.com	
e-tr1100.ca	
anpost.parcelhub-duty-fee.com	
canadapostals.com	
tdpayonline.ca	
anzdevices-review.online	
interactpage.com	
canada-post-tracking.com	
telusreturnsdpt-ca.tk	
post-canada-tracking-ca.com	
auspostreview.com	
tel-mobilitysupportcntr.ga	
tel-mobilitycenter.ga	
postdistrbution.online	
00rogers.info	
pay.info-pt-sc.com	
auspostslot.com	
huwyue.ca	
rtn.annualcashback.ca	
canadapost-schedule.online	
payroll-deposit.com	
10001etrans-fer.online	
errorfundepos.help	
caq-interacsecure.ca	
nabdevices-review.online	
renewal-online-appleid.com	
selfservecanpost.info	
dhlca-express.net	
my.payee-update-portal.com	
10001-depositcanada-trustweb.com	
lnterac-chargebck.top	
s7610mez.online	
my.customer-portal-secure.com	
407etr-notice.com	
my.secure-income-verify.info	
recover-linked-services.com	
ca-dhlupdate-en.com	
rbc-billing.online	
rbc-clientcare.online	
rbc-help.online	
rbc-support.online	
www.nzpost.link	
re-activate-applepay.store	
my.ing-account-recovery.info	
servicesaus-mygov.com	
caq-data.co	
anpost-parcelmobidelivery.com	
customsfee-anpostparcel.com	
hse-testkits.com	
post-customfee.com	
anpostparcel-customfees.com	
parcel-alert.com	
anpost.parcel-alert.com	
anpost.parcel-managefees.com	
anpost-mobiparcelservice.com	
piirata-ee-lhv.info	
parcel-care.com	
anpost.parcel-care.com	
anpost-servicefee-alert.com	
anpost.dutyfee-alert-parcelhub.com	
anpost-packagehub-fee.com	
rev-securedata.com	
nabalert-com-au.org	
comm-support-bank.com	
posthub-service.com	
an.posthub-service.com	
www-overview-login-bmo.com	
verifications-onlineeasywebuser190221.live	
etgrantsbenef.live	
caq.life	
revolut-webhelp.com	
asb-verify-helpdesk-dashboard.com	
know-bill.link	
netfx-payment.online	
netfxupdate.online	
paymentntfx.online	
customsimport-parcelfee.com	
bm-rbcroyalbank.com	
anpost.fees-manager.com	
canada-postissues-resolutions3.com	
help-w3.online	
shopper-return.ca	
anpost-transportfeehub.com	
canadapost.re-deliver.ca	
admin-moblilitycarecenter.com	
gst-pay.ca	
canadapost-returns.online	
www-onlinebmo-client.com	
decembercaip2022.xyz	
decembercaip.xyz	
decembercaipcan.xyz	
deccaipcan.xyz	
decembercaipcanada.xyz	
fldoverifications.info	
invoice-gov.ca	
atb-financial.online	
1bmo-authapp.com	
etran-3312.info	
invoiceid-23920.ca	
www.crainflationsupport.help	
crainflationsupport.help	
inflationsupport.help	
www.inflationsupport.help	
1100in-et.info	
interac-epayment.com	
canada-post-785988interat-gov.com	
nz-post.net	
deliver.nz-post.net	
dashboards-telus.online	
www.nz-post.net	
a-m-z-n-org.site	
eng-canada-post.com	
delivery.nz-post.net	
dashboards-mytelusupdate.ca	
dashboards-mytelus.ca	
td-app-login.com	
canadapost-postecanada.online	
dashboards-mytelus.online	
td-easy-weblogin.com	
moblilityreturnscenter.com	
id-2245dhlreschedule-ca.com	
id-3837dhlupdate-ca.com	
telmobility-canadatransfer.com	
cadpostcustomer.com	
members-wholesale-reward-coupon.ca	
member-coupons-reward.ca	
nabalert-com-au.cc	
canadapost-ab.com	
cashback-costco.ga	
auspost-redelivery.online	
cash-back22.com	
uber-payments.com	
interactpage.online	
login-anz-on.line.pm	
hsbc-on.line.pm	
ca-mobilereturncenter.com	
txcredit-nsgov.live	
customs-parcelfeehub.com	
anpost-custom-fee-alert.com	
cba-review.online	
redelivery-expresspost.online	
anpost-verifiedsupport.com	
hse-testkits-delivery.com	
delivery-eire.com	
anpost.delivery-eire.com	
anpost-deliverymobservice.com	
returns.info-accs.com	
tracking-canada-post-ca.com	
canada-post-ca-tracking.com	
anpostparcel-ie.com	
revolut-web-login.com	
canadapostintern-78503-gov.com	
anpost-servicedelivery-fee.com	
etran-4080.info	
anpost-parcelfee.com	
inertranc-deposit.site	
anpost.customs-feeshub.com	
post-canada.ca	
anpost-fee-customs-alert.com	
1bmo-accessapp.com	
rogerswireless-ont.com	
delivery-ie.com	
anpost.delivery-ie.com	
canada-post-reimbursts-f52.com	
desjardns-surete.online	
telus-returncenter.com	
mobililtyreturncenter.com	
finance.quebec.support-financier2022.gq	
gouv.support-financier2022.gq	
gst-pay.com	
bmo-onlineaccess.com	
prime-0rderdetails.ca	
10011e-tr.ca	
atb.financial-dashboard.com	
customsfee-parcelhub.com	
infractions-unsettled.city	
telmobilityaccountfunds.com	
secured.telmobilityaccountfunds.com	
authscotiaonline.com	
boeehm.xyz	
fmcalog.online	
gouv.quebec.support-financier2022.gq	
gouv.qc.support-financier2022.gq	
revenu.quebec.support-financier2022.gq	
quebec.support-financier2022.gq	
support-financier2022.gq	
dashboards-mytelusupdates.ca	
directcheqca-etransferweb.com	
rogersphonereturn.ca	
quebectransfer-infla.net	
returnfunds-id.ca	
etrans-intra.online	
canadapost.reattempt.ca	
serv-canada-process.info	
overview-bmo-signin.com	
mobilitycustomer-deposit.com	
intranac-relief.online	
ontariotrilliumbenefit.info	
www.ontariotrilliumbenefit.info	
inflationsupport.life	
amazonprime01.pw	
amzon.cymru	
www.inflationsupport.life	
lnteract-deposlt.com	
interactcraref0019425.com	
1bmo-clientsign-in.com	
deliverydetails.ca	
canadapost.deliverydetails.ca	
delivery.nzpost.link	
refundtaxbenefits.com	
nzpostal.com	
costo-co.com	
asbalertprotection.com	
pay.sg-info.com	
inflationpayment23.info	
cdntransfersecure.ca	
onlinearc23.online	
185.158.248.252	
royalbankreset.com	
aumanagelocalpost.com	
amazonaccount.primenotifications-administrator.com	
ca-2992dhlupdate-en.com	
ca-2837dhlcustomer-en.com	
my.update-contact-secure.info	
manageprofile.online	
interacmobile-et027731.com	
rbcreset.com	
my.client-portal.co	
secure.rebate.hm-cr.live	
cbacancel-online.com	
anpost.transport-feeshub.com	
anpost-delivery-servicefee.com	
bm-rbcroyalbank4.com	
anpostparcel-customerfee.com	
gouv1nfo.online	
cagouvlegault.online	
deliveryhub-eire.com	
anpost.deliveryhub-eire.com	
anpost-transportpayment.com	
secure-anz-accounts.com	
cpplnteracial247govca.com	
anpost-deliverystatus.com	
customsonline-parcelhub.com	
etran-7363.info	
my-deposit.services	
notice-security.com	
claim-help.net	
ca-8273dhlcustomers-en.com	
ca-2668dhlupdateca-en.com	
anpost-paymentonlineaccservice.com	
bankaustria.at-sicher.top	
transf-7a31c4.xyz	
transmit-5a31c7.xyz	
transmit-9e67c2.xyz	
transmit-2e67c7.xyz	
transmit-1e67c2.xyz	
transmit-5a81c7.xyz	
transmit-s54ca7.xyz	
totta.sg-info.com	
etransfer-cra.agency	
inf0-tels-acc.xyz	
pprps.pw	
hsbc.pprps.pw	
pspwp.online	
hsbc.pspwp.online	
dooylee.xyz	
retmindsa.inf0-tels-acc.xyz	
auth-6wr2d.com	
gouvquebec1.auth-6wr2d.com	
hsbc.spips.site	
spips.site	
intranac-relief.live	
bchydro-creditclaim.com	
mybell-payments.me	
srrps.pw	
hsbc.srrps.pw	
customsimport-anposthub.com	
online-alerts-rbc.com	
canadabankingfunds.com	
canadabankingfund.com	
www.mypackage-post.ca	
account.primenotifications-administrator.com	
canadapost-rescheduling.online	
cracanada.work	
www.cracanada.work	
ontariotrilliumbenefit.com	
bm-rbcroyalbank5.com	
compensation-qc.co	
cracanada.help	
www.cracanada.help	
www.cracanada.host	
109.206.243.11	
cracanada.life	
www.cracanada.life	
cracanada.host	
cracanada.network	
www.cracanada.network	
executivemember.net	
cracanada.site	
www.cracanada.site	
inc-transfer.site	
cradirectservice.com	
www.nzdelivery.link	
ca-dhlreschedule.info	
dpt-gov.com	
wirelessmobilecustomer-deposit.com	
www.cadforlifers.life	
407etrnotice.city	
wirelessmobilitycustomer-deposit.com	
www.hydroqc-transfer.com	
full-outages.online	
www.holidaysrogers.store	
customer.primenotifications-administrator.com	
canadarev.live	
customers-notification.com	
10110e-tr.ca	
asbtransactionservice.com	
et-lnarc.online	
mobilitycustomerdepositfunds.com	
derestrict-com-au.cc	
homepagepostescanada.com	
telusmobility-returns.com	
anztransactionsupport.com	
resched-deliv.online	
intranac-reilef.online	
tdominion.online	
yvesconnect.live	
caq-check.co	
amzprimesupport.online	
telus.ca-etransfer.com	
telusmobility.ca-etransfer.com	
telus.verify-admin.com	
telusmobility.secureconnect1.com	
telus.userauthorizesecure.com	
1telus.userauthorizesecure.com	
unsettled-infractions.online	
accnt-inf0.xyz	
admin.accnt-inf0.xyz	
totta.info-pt-conta.com	
vrf-prime.co	
remove-updevice.com	
returns.telusreg.live	
totta.pt-conta-suporte.com	
mypostal-customfee.com	
www.trnsfer.net	
crabankchoice-transfer.com	
telus.secureconnect1.com	
telus1mobility.verify-admin.com	
vm-rbcroyalbank.com	
cracanada-gov.com	
rogerswireless-canada.com	
canpostdlvry.com	
amazoncanada-support.com	
anpost-deliverysupport.com	
ca-2039dhlupatedca-en.com	
ca-2831dhlpackagesca-en.com	
deposer-vosfonds.online	
deposermaintenant.online	
gouvfonds-disponible.online	
anpost.manage-feeshub.com	
customsanpost-fee.com	
www.hydrofamilybc.top	
intrranc-reilief.online	
federalfundservice.com	
cibc.lostandfraude-depart.ca	
1001-directweb-cheqca.com	
anpost-payparcelfee.com	
telus.canadauser.com	
climate-controlbc.live	
customsfees-anpost.com	
lhv-turvameeskond.com	
mobi-secure.life	
mobi-secure.info	
www.canada-post.click	
mobi-navig.life	
mobi-navig.info	
mobilitysupport.net	
auspostinfo.com	
loto-retour.info	
secure-details-inc.site	
claims-sec.cc	
mobility-returns.com	
atb.financial-personal.com	
incomonline.ca	
amazon-deliveryhub.com	
anztransactionlogin.com	
customerconnectivityissues.com	
mobile.customerconnectivityissues.com	
mobility.customerconnectivityissues.com	
network.customerconnectivityissues.com	
recent.customerconnectivityissues.com	
servicedirectfund.com	
servicedirectfunds.com	
ca-cp.us	
canadapost-postescanada.ca-cp.us	
post-assistance-au.com	
retryaus-post.com	
intracc-depo.site	
december.customerconnectivityissues.com	
telus.ca-transfer.com	
authentications-td.com	
scotiag87ycash9u.com	
mobilitysupport.online	
serviceontario-help.cloud	
serviceontario-trillium.cloud	
serviceontariobenefit.cloud	
trilliumbenefit-infos.cloud	
trilliumbenfitservice.cloud	
trilliumonbenefit.cloud	
trilliumontariobenefit.cloud	
directfundservices.com	
funddirectservices.com	
hydrofamilybc.top	
myasb-co-nz.cc	
sabbatical.shop	
my.my-payee-update.com	
netflix-billed.com	
sabbatical.site	
telus.refundcharge.com	
telus.interac-refundcharge.com	
canadapost.redeliverycharge.ca	
appeal-uber-ride.com	
trilliumontario.cloud	
applepay-secure.com	
updatesdhlparcelca.info	
tdauth009.com	
mobilityidentification.com	
telus.mobilityidentification.com	
mytelus--refunds.info	
reactivate-cbadevice.com	
bankaustria-ib.com	
anpost-securedsupport.com	
infractions-parking4.city	
amazonhelp-ca.com	
anpost-securepayservice.com	
feemobicustoms-anpost.com	
delivery-parcelhub.com	
www.onlinetransferpay.ca	
onlinetransferpay.ca	
e-tr10001.ca	
et-lntarec-accpt-secure.cc	
myroger-refund.info	
redeliverycharge.ca	
ca-9387dhlupdates-en.com	
ca-2384dhlparcel-en.com	
rev-verifydata.com	
inc-fundsreturn.com	
rogersecure.top	
mobile-customspostoffice.com	
etransportal.xyz	
interactransfers.online	
canada-post-intern9837998-gov.com	
fidomobility-bill.com	
ca-mobileretrn.net	
bill.ca-mobileretrn.net	
account.ca-mobileretrn.net	
alert.ca-mobileretrn.net	
refund.ca-mobileretrn.net	
mobileretrn.net	
alert.mobileretrn.net	
bill.mobileretrn.net	
account.mobileretrn.net	
refund.mobileretrn.net	
retrnmobile.net	
alert.retrnmobile.net	
account.retrnmobile.net	
bill.retrnmobile.net	
refund.retrnmobile.net	
am-azondetails.info	
srrsec.gives	
srrsec.online	
cadforlifers.life	
telus.extra-donnees-gratuit.gq	
quebec.donnee-extragratuit.gq	
customerdeposit.com	
extra.donnee-gratuitclient.gq	
client.extradonneesgratuit.gq	
rogersaccess-id.com	
rbc-onlineaccess.com	
interacrogers.center	
www-scotia1-online-verif.com	
intranc-deposit.online	
myaccess-id.com	
rogers.myaccess-id.com	
inc-fido-org.site	
amz-subscription-ref.buzz	
mobilecustomerdeposit.com	
prime-member.ca	
telusmobility-billing.com	
amz-subscription-ref.cfd	
returnfund-id.ca	
scotia-myprofile-online.com	
secure-liens.ink	
hssw.pw	
amazon.fsssp.pw	
fsssp.pw	
amazon.hssw.pw	
amazon.mmkk2t3.pw	
myportal-co-nz.cc	
noticedhlupdatesca.info	
rogers.myaccount-id.com	
beneftril.com	
lnteractransfers.org	
rbc-online-profile.com	
u3eh2jo.com	
supportcentermobility.online	
anzotpresolve.com	
telus.mobility.ca-etransfer.com	
amz-subscription-ref.website	
privatedetails-serviceca.com	
et.privatedetails-serviceca.com	
rogers.myaccess-ca.com	
myride-billing-uber.info	
retrynzpost.com	
confirm.nzdelivery.link	
rbc-manageonline.com	
verify.nzdelivery.link	
confirmation.nzdelivery.link	
ca-3457dhlcustomers-en.com	
ca-4211dhlupdatedca-en.com	
ca-2983dhlclient-en.com	
ca-7384dhlpackage-en.com	
ca-3947packagedhlca-en.com	
ca-4358parceldhlca-en.com	
ca-4568packagesdhlca-en.com	
ca-8475parcelsdhlca-en.com	
www.auspostage.link	
auspostage.link	
rbc.1banksecure.com	
roylbank.1ca-etransfer	
mmkk2t3.pw	
royalbank.1ca-etransfer.com	
rbc.1ca-etransfer.com	
interac.1ca-etransfer.com	
klpozz2er.pw	
amazon.klpozz2er.pw	
www.auspostage.org	
auspostage.org	
my.client-update-details.com	
xyysub4ama.pw	
amazon.xyysub4ama.pw	
vm-rbcroyalbank4.com	
mobilepostoffice-irishcustoms.com	
anpost-parcelclearancefee.com	
instagram.trendingbaitouts.com	
fido-return.site	
deliveryhub-ie.com	
anpost.deliveryhub-ie.com	
anpost-delivery-fee-alert.com	
mobilepostoffice-customsire.com	
anpost.payment-notices.com	
anpost-postalpay-fee.com	
rev-security-update.com	
et-tels-acc.xyz	
lnfo.et-tels-acc.xyz	
transf-2a31c4.xyz	
transmit-9a31c7.xyz	
transmit-9e67c4.xyz	
transmit-4e67c1.xyz	
transmit-1a67c2.xyz	
transmit-7a81c3.xyz	
transmit-s45ca7.xyz	
post-importfee-service.com	
www-4519-xxxx-online-rbc.us	
mobipostoffice-customs.com	
etrnssfer.com	
etrnsffer.com	
etrnsfer.net	
mobile-retrn.net	
tmcom.mobile-retrn.net	
retrn-mymobile.net	
tmcom.retrn-mymobile.net	
ap.fix817821.help	
auspost-tracking-on.line.pm	
bmo-clientporfile.com	
mycomm-helpdesk-dashboard.com	
hse-gov-testkits.com	
parcelservices-delivery.com	
hse-application.com	
review-co-nz.cc	
canpostschedule.info	
parceldhlupdatesca.info	
interactmycraref001838.com	
income000canada.net	
postoffice-irelandmobileonline.com	
securityrrcbinc.xyz	
mobilitycustomerdeposit.com	
bmoreview-online.com	
atpostbedienung.com	
td.easyweeb-auth.top	
1bmo-alerts-login.com	
refundmytel.us	
rogers-overbilled.com	
telus-portalgate.com	
helpinflation.info	
supportinflation.help	
www.supportinflation.help	
telmobilitycustomerdeposit.com	
fidogift-december.com	
myasb-co-nz.co	
directonlinebenefits.com	
amz-subscription-ref.live	
post-customfees-service.com	
fundsreturn-id.ca	
aupostage.org	
amz-subscription-ref.sbs	
costco-wholesales.com	
ccps.pw	
amazon.ccps.pw	
ffpp.pw	
amazon.ffpp.pw	
intrancac-deposit.online	
canadapost.editdelivery.ca	
editdelivery.ca	
expresspost-delivery.com	
easywebdeposit.ca	
canadapost18811.com	
telmobilecustomer-deposit.com	
11010e-tr.info	
www.aupostage.org	
auspost.co-update.com	
telmobility-etdeposit.com	
qrvxgs.com	
et-customerdepo.com	
helpinflation.life	
inflationbcab.life	
telusphonereturn.ca	
inflationbcab.help	
www.helpinflation.life	
www.inflationbcab.help	
update-online-appleid.com	
interac.seversecuredeposite.com	
interac-transfer.seversecuredeposite.com	
trackpostecanada.ca	
utility-scheme-uk.com	
rx-intracts1.info	
www.helpinflation.info	
supportinflation.life	
www.supportinflation.life	
asbportal-co-nz.cc	
tel-ref-ac.xyz	
returns.tel-ref-ac.xyz	
applepay-reactivatenow.com	
ca-2938bcparking-en.com	
ca-8273parkingcity-bc.com	
ca-3847cityparking-bc.com	
ca-3845vancouverbc-city.com	
ca-3621bcparking-city.com	
ca-7364vancouvercity-en.com	
ca-4857vancouvercity-bc.com	
ca-5377parkingbc-city.com	
lhv-tagatismakse.com	
telus.seversecuredeposite.com	
telus.serversecuredeposit.com	
telus.userloginca.com	
interac.telus.userloginca.com	
telus-etransfer.userloginca.com	
lhv-turvatugi.com	
telus.seversecuredeposit.com	
mobileirishcustoms.com	
customs-importfeehub.com	
anpost-deliveries.com	
anpost-deliverypay.com	
mobilerevolut-ie.com	
postdeliveryservice.com	
customsire.com	
anpost-customparcel-fee.com	
xpresspost.sk-6g3t9.com	
infocra.inflationsupport.help	
www.infocra.inflationsupport.help	
canada-revenue-agency.gov37749.online	
deposit-canada.gov37749.online	
cra-deposit.gov37749.online	
return-canada.gov37749.online	
365onlineportal-web.com	
deliveryhub-ireland.com	
anpost.deliveryhub-ireland.com	
www-rbc-authentification-card.xyz	
inetrans-gouv-caq.online	
incomecracanada.net	
etran-5880.info	
canada-post.link	
customsfee-ire.com	
anpost-payacservice.com	
postecanadatrack.ca	
www.tel-mobilitytransfer.com	
fido-return-inc.site	
anpost-delivery-queries.com	
rbc-account-secureb01-auth.pegle.com	
1bmo-overview-signin.com	
totta.conta-pt-suporte.com	
irishcustoms-mobile.com	
gstpay.ca	
www-td-authentification-card.info	
post-importfee-services.com	
ca-5377parceldhl-en.com	
ca-3585pendingdhl-en.com	
ca-2475updatescadhl-en.com	
ca-8374dhlparcelca-en.com	
ca-4975updatesdhl-en.com	
ca-8475dhldelivery-en.com	
ca-8837dhlpendingca-en.com	
ca-9303pendingdhl-en.com	
lhv-mobilene-turvalisus.com	
amz-subscription-ref.icu	
telusgate.com	
secure-liens1.ink	
info-secured.com	
td-easyweb.info-secured.com	
totta.suporte-pt-conta.com	
anpost-redelivery-ie.com	
desj-qc-fichier.online	
craonlinetransfer.online	
returns.ca-admincenter.com	
onlinedirectpay.ca	
uber-accounts.online	
kkps.pw	
lnterac.kkps.pw	
kkppp.pw	
lnterac.kkppp.pw	
hzsp.pw	
lnterac.hzsp.pw	
kssm.pw	
lnterac.kssm.pw	
crasecure.info	
secure-amazon.info	
gomoney-co-nz.cc	
intrnac-deposit.online	
en-candapost.com	
www-authentification-rbc-card.xyz	
bmo-signinclient.com	
etran-0955.info	
pendingdhldeliveryca.info	
mycralogin.info	
canadapostbc.com	
member-rewards-coupon.ca	
member-executive-reward-coupons.ca	
ca-admincenter.com	
interac.hhjspx.pw	
telus.myonline-secure.com	
mobilerogers.ca-depositsecure.com	
rogers.ca-depositsecure.com	
cra-trilliumgr.tk	
100001e-tr.ca	
asbhelp-co-nz.cc	
member-executive-coupon-reward.ca	
member-executive-rewards.ca	
amz-subscription-ref.link	
amz-subscription-ref.quest	
vm-rbcroyalbank11.com	
bmosecuredepartement.info	
rogersid.billing-app1.com	
securecrkdeposit.com	
clientnetworkissue.com	
asbreview-co-nz.cc	
interac.myonline-secure.com	
clientnetworkissues.com	
clientrecentissues.com	
connectivityclientissues.com	
recentnetworkissue.com	
recentnetworkissues.com	
ca-molbilityreturncenters.com	
ca-moblilityreturns.com	
client-rbc-signin.com	
admincentr.com	
postcanadatracking.com	
ubersupport.online	
reegister-appiepayau.com	
appiepay-on.line.pm	
appiepay-on.line.pm	
cr-rbcroyalbank.com	
cr-rbcroyalbank1.com	
verify.apple-security.net	
telus.authorizee-transfer.com	
mobilitytelus.authorizee-transfer.com	
my.new-payee-secure.com	
sappw.pw	
lnterac.sappw.pw	
krspp.pw	
lnterac.krspp.pw	
limited-co-nz.cc	
my.gov-client-portal.com	
cadcra.support	
refunds.interact.cadcra.support	
etransfer.cadcra.support	
reassessment.cadcra.support	
client.portal.cadcra.support	
interac.securautodeposit.com	
telus.securautodeposit.com	
myrogersid.app-billing.com	
mycomm-dashboard-helpdesk.com	
telus.transfercasystem.com	
interac.transfercasystem.com	
secure-lien.ink	
anpost-paydeliveryonline.com	
anpost-delivery-fee.com	
vm-rbcroyalbank12.com	
deliveryhub-track.com	
anpost.deliveryhub-track.com	
anpostcustomerfee.com	
support-mobility.online	
anpost-packageclearance.com	
transmit-8c31a7.xyz	
transmit-7a67c4.xyz	
transmit-4a67e1.xyz	
transmit-1e67b2.xyz	
transf-7a38c4.xyz	
rev-ie.com	
parcelhub-delivery.com	
totta.conta-sc-suporte.com	
anpost-authpayservice.com	
cra.gst-hst.autodeposit-details.online	
canada-gst-hst.autodeposit-details.online	
cra.autodeposit-details.online	
anpost-parcel-redelivery.com	
anpost-queries.com	
refundprogrambellmobility.com	
browserlinksender.ca	
emtemployementsecured.online	
postdeliveryservices.com	
customsirelandonline.com	
canada-post-can-tracking-ca.com	
trackingpostcanada.com	
anpost-service-ie.com	
etran-4100.info	
etran-41001.info	
id2036.ca-5377parceldhl-en.com	
id9384.ca-5377parceldhl-en.com	
id1634.ca-3585pendingdhl-en.com	
id9273.ca-3585pendingdhl-en.com	
amazon-facture.info	
www-auth-4519-xxxx-rbc-card.info	
deposervosfonds.com	
1telus.adminreturnca.com	
ca-interac.adminreturnca.com	
1001-claim-etransfer-deposit.com	
mobire-postoffice.com	
bmoclient-signin.com	
rbcfraudsalert.myvnc.com	
client-annual-wholesale-coupon.ca	
rogers-myaccess-profile.com	
ca-overagereturncenter.com	
deliveryhub-fee.com	
anpost.deliveryhub-fee.com	
et-mobilcustomerdepo.com	
bmo-signin-client.com	
id8374.ca-2475updatescadhl-en.com	
id8126.ca-2475updatescadhl-en.com	
id9302.ca-8374dhlparcelca-en.com	
id0208.ca-8374dhlparcelca-en.com	
teluservice.online	
return-fido.site	
irishcustomspost.com	
rbc-secure-signin.com	
ca-workerbenefit.ca	
postcanadian.org	
postalcanadaservice.ca	
tdeasywb-client.com	
et-mobilitycustomerdepo.com	
fastnet-co-nz.cc	
etbenefgrnts.live	
gouvtransfer-bankchoice.com	
cratransferfunds.online	
itc-publicnotice.com	
www-td-easywebclient.com	
1bmo-overview-login.com	
customerdepo.com	
cr-rbcroyalbank4.com	
en-canadapst.com	
c-a-q-gouv.online	
1bmo-overviewclient.com	
liens-secure.com	
jjppr.pw	
lnterac.jjppr.pw	
cr-cadpay.icu	
etran-6981.info	
etran-69811.info	
nabconnect-on.line.pm	
depositfinancialfund.com	
services-ausmygov.com	
transf-7o38b4.xyz	
transmit-8e31f7.xyz	
transmit-7a37c1.xyz	
transmit-4a47e2.xyz	
transmit-1e64b2.xyz	
transmit-6e37f4.xyz	
cr-rbcroyalbank5.com	
appswallet-updates.com	
id0323.ca-4975updatesdhl-en.com	
id9381.ca-4975updatesdhl-en.com	
id7373.ca-8475dhldelivery-en.com	
id0293.ca-8475dhldelivery-en.com	
myfastnet-co-nz.cc	
appswallet-updates.com	
cad-returnscenter.ink	
support.cr-cadpay.icu	
inter.cr-cadpay.icu	
more.cr-cadpay.icu	
cad.cr-cadpay.icu	
etran.cr-cadpay.icu	
ontariocredit.info	
identityeasyweb-td.ink	
my.protect-secure-income.net	
interac.adminreturnca.com	
telus.securecareturn.com	
telus.adminreturnca.com	
interac.securecareturn.com	
ubersupport.website	
craon-govtrillium.tk	
secure-liensv.co	
ca-9391updatesparcel-en.com	
ca-9398updatesparcel-en.com	
ca-3241packageupdates-en.com	
ca-3240packageupdates-en.com	
ca-9381parcelreschedule-en.com	
ca-9384parcelreschedule-en.com	
ca-2451packagereschedule-en.com	
ca-3451packagereschedule-en.com	
mycomm-verify-helpdesk.com	
canxmas-pos-t24.online	
intnranc-deposit.online	
easy-web019376.online	
authentification-easyweb.online	
easyweb2authentification.online	
my.ing-client-secure.com	
etca-0047.ca	
bbvagestionar.com	
postdeliveryhub.com	
deliveryhub-fees.com	
anpost.deliveryhub-fees.com	
eelogin.online	
anpost-deliveryfeesonline.com	
verify-online-access.com	
mobilitysupportservice.net	
etransfer.support	
anpost-customparcel-fees.com	
parcel-deliveryserivce.com	
customer-etdeposit.com	
cadforlifers.cyou	
return-fido-org.site	
ca-servicesupport.com	
anpost-packageclearancefee.com	
anpost-service-fee-alert.com	
canada-post.reschedule-fee.online	
anpost-servicequeries.com	
e-transferinfo.online	
e-100001tr.ca	
hydro-program.site	
anpost.transport-payments.com	
carrierservicesupport.com	
caemployementsecured.online	
paket-lieferservice.at	
arqsecure.info	
bmo-profilesignin.com	
postofficeirish-fee.com	
inv-1emt.ink	
anpost-postalservicepay.com	
deposesaujourdhui.online	
anpost-redeliver-packages.com	
updatedhlpackage.info	
tesfonds-maintenant.online	
tradingcryptomax.online	
aaqqref.pw	
interac.aaqqref.pw	
wireless-services.online	
bmo.idinfo-login.com	
bbccww.pw	
interac.bbccww.pw	
sssmwwq.pw	
interac.sssmwwq.pw	
auth-bmoclient.com	
sqpmssh.pw	
interac.sqpmssh.pw	
sswwmm.pw	
interac.sswwmm.pw	
parking-infractions4.city	
identity-telus.serveirc.com	
amazon.cad.primenotifications-administrator.com	
ca-account.com	
primeupdate.ca-account.com	
www.telusmobility.life	
telusmobility.life	
ca-3840updatepackageca-en.com	
ca-3847updatepackageca-en.com	
ca-7361parcelupdates-en.com	
ca-7362parcelupdates-en.com	
ca-8371rescheduleparcel-en.com	
ca-8376rescheduleparcel-en.com	
ca-3859reschedulepackageca-en.com	
ca-3856reschedulepackageca-en.com	
ca-admincarescenter.com	
canadapostinfo.com	
anpostparcelfee-alert.com	
anpost-unpaid-charge.com	
eng-canadapste.com	
1001-etransferca-trustweb.com	
mybmo-online-client.com	
prime.update.ca-account.com	
rescheduledhlupdate.info	
admin-account.online	
cancellationhelp365.com	
etran-7230.info	
etran-72300.info	
xxkkii.pw	
interac.xxkkii.pw	
ttrefwe.pw	
interac.ttrefwe.pw	
ggbbshh.pw	
interac.ggbbshh.pw	
hhjjuuttt.pw	
interac.hhjjuuttt.pw	
ddwwwpos.pw	
interac.ddwwwpos.pw	
authscotiabankonline.com	
directonlinereturns.com	
onlinedirectdeposit.com	
12001e-tran.ca	
telus.authorizationca.com	
applepay-reactivation1.com	
craon-govtrillium.ml	
1bmo-login-summary.com	
interac.casecurebilling.com	
information-verification.top	
returxnds.online	
ca-adminhelpcentre.com	
returxnds.xyz	
lnteract.returxnds.xyz	
interac.authorizationca.com	
refund-rogers.top	
au-appleassistance.com	
etransfer-interac-ca-acceptpayment.ru	
assistbnz.me	
gggpzw.pw	
ggpzw.pw	
lnterac.ggpzw.pw	
fszpss.pw	
lnterac.fszpss.pw	
lnteric.gggpzw.pw	
mygovsecure.com	
banque-nationale-securite.com	
nab-authentication.com	
crareturningservices.xyz	
mobilepaydirect.ca	
interac.autherizationca.com	
nabverifylogin.com	
inv-2emt.ink	
gc-inflationcanada.com	
surplus-info.me	
authorizationca.com	
ca-0392parcelupdate-en.com	
ca-0302parcelupdate-en.com	
ca-2366packagesupdateca-en.com	
ca-2361packagesupdateca-en.com	
ca-8374rescheduleupdate-en.com	
ca-8394rescheduleupdate-en.com	
ca-5322packagecaparcel-en.com	
ca-5320packagecaparcel-en.com	
mobilebnz.cc	
telus.identity-acc.com	
helpontariocitizen.com	
ontarioresidenthelp.com	
ontariotrilliumhelp.com	
helpontariotrillium.com	
ontariocitizenhelp.com	
helpontarioresident.com	
bendigo-on.line.pm	
postoffice-feesanpost.com	
deliveryhub-online.com	
anpost.deliveryhub-online.com	
anz-on.line.pm	
anpost-customdelivery-fee.com	
anpost-postaldeliveryservice.com	
totta.cliente-conta.com	
rev-auth-ie.com	
postoffice-eucustoms.com	
anpost-payservice-fee.com	
customs-packagehub.com	
totta.cliente-pt-conta.com	
delivery-payservice.com	
anpost.delivery-payservice.com	
anpost-delivery-assistance.com	
scotlaca-statusaierts.com	
scotlaca-smslnfoaierts.com	
scotlasms-lnfo-aiertsca.com	
customs-anposteu.com	
anpost-delivery-service.com	
anpostdelivery-query.com	
etranss.co	
employementcasecured.online	
lnterac.gggpzw.pw	
anpost-ie-fees.co	
nbcsecure.top	
rrffndd.xyz	
ffndd.xyz	
lnteract.ffndd.xyz	
lnteract.rrffndd.xyz	
www.re-dct617.online	
intern789850-canadapost-gov.com	
interactmycraref001933.com	
return-inc-fido.site	
www.canada-post.gift	
support-account.online	
anpost-onlinequeries.com	
ppsppw.pw	
lnterac.ppsppw.pw	
prappsw.pw	
lnterac.prappsw.pw	
przppw.pw	
lnterac.przppw.pw	
pppspps.pw	
lnterac.pppspps.pw	
heatingrelief-ns.info	
intrncac-deposit.online	
mobilcarrier-support.com	
fastnetportal-co-nz.cc	
revenu-quebec-retour.com	
asb-bank-support-nz.work.gd	
admin.annualcashback.ca	
canadapostcanadiandeliveryattempt.com	
canadapostdeliveryattempt.com	
canadapostcanadadeliveryattempt.ca	
canadapostdeliveryattempt.ca	
ghqpljj.pw	
werefghswe.pw	
wmccjdhe.pw	
ttyyuhwei.pw	
hhggxxw.pw	
interac.ghqpljj.pw	
interac.hhggxxw.pw	
interac.ttyyuhwei.pw	
rttrrnss.xyz	
interac.werefghswe.pw	
www.instantpretecryptoidebitee.com	
interac.wmccjdhe.pw	
nab-support-bank.work.gd	
hhjdkswis.pw	
interac.hhjdkswis.pw	
lwwqqcxv.pw	
interac.lwwqqcxv.pw	
mmnshwoep.pw	
interac.mmnshwoep.pw	
lkqqbbxde.pw	
interac.lkqqbbxde.pw	
tgffddcmrew.pw	
interac.tgffddcmrew.pw	
cxnnwusht.pw	
interac.cxnnwusht.pw	
lnteract.rttrrnss.xyz	
inv-3emt.ink	
ca-3990updatepackage-en.com	
ca-3993updatepackage-en.com	
ca-2883parcelupdatedca-en.com	
ca-2881parcelupdatedca-en.com	
ca-9388helpreschedule-en.com	
ca-2141packageupdates-en.com	
ca-2148packageupdates-en.com	
ca-9380helpreschedule-en.com	
directfederalservice.com	
benefitsfundservice.com	
www.telusreview-secured.com	
www.telusreviewsecured.com	
canadaposts-eng.com	
registrationbenefit.net	
nsjsjhdg.pw	
interac.nsjsjhdg.pw	
ammunntt.xyz	
lnteract.ammunntt.xyz	
e-tr10011.ca	
ref.qc-inflation.com	
asb.co-nz-on.line.pm	
transf-7o36b4.xyz	
transmit-9e31f7.xyz	
transmit-7a35c1.xyz	
transmit-4a07e2.xyz	
transmit-1e69b2.xyz	
transmit-6e31f4.xyz	
ghbkiji8.xyz	
lnteract.ghbkiji8.xyz	
errorfundsdepos.info	
sondageoperateurqc.online	
www.sondageoperateurqc.online	
applepay-reactivate-secure22.com	
canadapost-schedule.info	
appcontactwallet.com	
ing.com-au-on.line.pm	
ca-tracking-33391113.com	
ca-tracking-33391553.com	
trackingdhl-33391113.com	
trackingdhl-32391313.com	
waybillca-230421.com	
waybillca-239421.com	
info-3391213-en.com	
info-3391313-en.com	
eelogin.net	
tdauthclient.com	
asb-co-secure.com	
appcontactwallets.com	
teius.ca-administraivecenter.com	
ca-administraivecenter.com	
10001e-transfer.online	
sondageidebitedirect.online	
reactivate-anz.com	
www.selfserve.click	
fey71he01.help	
anzactivate.com	
netflix-program.site	
telus.my-idaccess.com	
moblility-returncenter.com	
191.101.234.42	
191.101.234.42:3030	
helphosteryes.name	
auspost.com-au-on.line.pm	
wallet.linkpc.net	
anpost-deliveryservice.com	
appwalletcontacts.com	
an.post-transportfees.com	
anpostparcel-deliveryfee.com	
package-importfees.com	
noticemygov.com	
anpost-clearancefee.com	
etran-51099.info	
etran-5109.info	
servicefeesregis.eu	
online-support.team	
rbc.online-support.team	
mobility-fido.site	
post-servicecharge.com	
an.post-servicecharge.com	
anpost-parcel-queries.com	
cpcansupp2201.com	
gov-return.info	
interac.verifyautotransfer.com	
employementcaemt.live	
telus.verifyautotransfer.com	
revenuqc-secureinterac.ca	
totta.conta-cliente-pt.com	
rogers.casystmsecure.com	
rogersclient.casystmsecure.com	
rrvvnuu.xyz	
interactonline3gty04d97ku-et.ca	
money-deposit.online	
anpostfeescustoms.com	
mobillity-returnscenter.com	
teius.mobillity-returnscenter.com	
totta.cliente-conta-pt.com	
anpost-customerfee.com	
securetransnet.ca	
amzsuphlp.com	
whoiz.store	
fastenet.org	
canada-post-reimbursedp5-interap.com	
clientpannesreseau.com	
benefitsfundprocess.com	
directfederalprocess.com	
pannesreseauclient.com	
tempsdesfetesmobilite.com	
post2tca-337su.ddns.net	
trackingparcel-canadapost-postescanada.ru	
netiflex-support.online	
onlinebankingstd.life	
userportal-clientel.online	
intranac-support.online	
user-clientel.com	
anzinetbank-on.line.pm	
anz.idkit-on.line.pm	
anz.com-au-on.line.pm	
candaposte.com	
securesliens.ink	
interac.clientreturnca.com	
telus.securereturnca.com	
interac.returncaclient.com	
appleassistanceau.com	
grwedxcd.xyz	
telus.grwedxcd.xyz	
lnterac.rrvvnuu.xyz	
fidelite-mobilite.me	
inrtanac-deposit.online	
pverififyyouepay.online	
interac.securereturnca.com	
mygovatorefund.com	
interac.secureseverca.com	
interac.returncaclient.info	
telus.secureseverca	
jazzyisjklk123.top	
interac.transfersystmsecure.com	
bchydro-program.site	
commsec-loginattempt.info	
telusreimburse.live	
reimbursetelus.online	
mobileca.online	
mobileca.live	
cantel.live	
admin.cantel.live	
support.cantel.live	
telus.mobileca.live	
support.mobileca.live	
onlinemobilesupport.com	
posthub-services.com	
rev-ie-auth.com	
fido-crp-return.site	
anpost-fee-payment.com	
apple-on.line.pm	
pay.apple-on.line.pm	
mycanada-post.com	
canadaposte1.com	
407etrnotice.com	
health-testkit-online-prevention.co.uk	
december-customerdeposit.com	
telus.transfersystmsecure.com	
www.rd-ct401.online	
www.deposit-int-live.com	
myparcel-transferhub.com	
votreargent.online	
revinfodepot.online	
infoapplic600.online	
deposervotreargent.online	
sicheres-paket.at	
reimbursetelus.live	
telus.billrefunds.live	
mobilenotice.live	
telus.mobilenotice.live	
www.onbenefit.info	
onbenefit.info	
craonlinetransferfunds.live	
www.amzn-ref-subsc.top	
1001-accountcheq-webtrustcad.com	
2canadapost.com	
infractions-parking1.city	
www.amzn-ref-subscription.icu	
www.amzn-ref-subscription.link	
www.amzn-ref-subscription.site	
overcharge-center.online	
mobilenotify.online	
billrefunds.live	
canadapost2.com	
eecal.online	
administrative-returncenter.com	
www.administrative-returncenter.com	
ib.nab-on.line.pm	
nzpostmobile.com	
customersupport-deposit.com	
directgvbenefits.com	
interactonline8hkyu9klmn2r-et.ca	
etran-5120.info	
etran-51200.info	
auspost-online.info	
en-amzoncanada.com	
inf-order.xyz	
interacsecure.info	
amazon.inf-order.xyz	
mycorner.support	
tdauthdeposit.ca	
teluscarecenter.com	
ing-secure-on.line.pm	
cra-interacsecure.ca	
cadincomtaxref.online	
my-deposit.ink	
elttrac.com	
bjgyjb.xyz	
my.portal-security-income.net	
amazon.bjgyjb.xyz	
customersupportdeposit.com	
telus.appreturnca.com	
logme.info	
bmo-digitalonline.com	
ca-tracking-03998388.com	
ca-tracking-38746621.com	
info-79266633-en.com	
info-83776355-en.com	
ca-trackingdhl-19375495.com	
ca-trackingdhl-37473347.com	
ca-package-92831726.com	
ca-package-92874456.com	
ca-parcel-19287723.com	
ca-parcel-29990188.com	
ca-infoupdates-88277726.com	
ca-infoupdates-99861239.com	
ca-infoparcel-00291738.com	
ca-infoparcel-92886371.com	
ca-infopackage-99280192.com	
ca-infopackage-99287726.com	
etr-noticedetails.com	
telus.my-idauth.com	
updaterescheduledhl.info	
bmo-accessdigital.com	
compensation-qc.info	
secure-rbc.com	
securebnz.me	
postal-servicefee.com	
anpost-parcel-ie.com	
ee-bill.co.uk	
anpost.myparcels-customs.com	
customs-feesanpost.com	
myparcels-customsfee.com	
anpost-customsclearance.com	
canada-post-tracking-services.com	
post-canada-tracking-services.com	
tracking-canada-post-services.com	
fido-org-return.site	
postal-servicepayfees.com	
health-kit-test.co.uk	
etran-0532.info	
etran-05322.info	
feesanpostcustoms.com	
anpost-postpaysupport.com	
anpost-feepayment.com	
mytelusacount.online	
wholesalebonuses.net	
sicher-ertse.at	
bmo-1authdigital.com	
feeanpost-confirm.com	
transf-7b36o4.xyz	
transmit-9a31f7.xyz	
transmit-7c35a1.xyz	
transmit-4e07a2.xyz	
transmit-1b69e2.xyz	
transmit-6f31e4.xyz	
canadapost.delivery-attempt.ca	
deport-service.com	
anpost-paydelivery-fee.com	
costco.membership-dashboard.com	
bankservicesector.ca	
interactonline4hjp9ned58suf-et.ca	
cashback-returns.com	
primeorderscanada.info	
infocanadaposts.ca	
rrhajgxjak.pw	
interac.rrhajgxjak.pw	
kjgrxwwcxs.pw	
interac.kjgrxwwcxs.pw	
ddgbfewwp.pw	
interac.ddgbfewwp.pw	
dssdwtcdsddt.pw	
interac.dssdwtcdsddt.pw	
ggdswytcs.pw	
interac.ggdswytcs.pw	
bfrtpodss.pw	
interac.bfrtpodss.pw	
nnaqhsbc.pw	
interac.nnaqhsbc.pw	
zzbbcwue.pw	
interac.zzbbcwue.pw	
jhgfrchsfe.pw	
interac.jhgfrchsfe.pw	
clientspannesreseau.com	
pannesreseauclients.com	
tempsdesfetespannes.com	
www.rogers-serv.live	
mycralogin.live	
amazon.ddred.pw	
grsk.pw	
ddred.pw	
ksrsk.pw	
amazon.ksrsk.pw	
amazon.grsk.pw	
www.telusreview-secured.website	
bnc-national.com	
mobillity-carecenter.com	
onlineparcelsupport.com	
onlinetransferbenefits.com	
trilliumbenefit.help	
www.trilliumbenefit.help	
inv-4emt.ink	
neogiftsender2022.ca	
mobilebnz.info	
www.dr-xt391.online	
dghhfdsxt.pw	
interac.dghhfdsxt.pw	
ttyhdewwxdr.pw	
interac.ttyhdewwxdr.pw	
tdffgfggds.pw	
interac.tdffgfggds.pw	
securetdpay.ca	
eret-ca.info	
helpcanadiansfunds.com	
canadiansfundshelp.com	
11001etr.info	
customercare-deposit.com	
helpontarioresidents.com	
ontariocitizensupport.com	
ontarioresidentshelp.com	
ontariotrilliumsupport.com	
supportontariocitizen.com	
supportontariotrillium.com	
reactivate-applepay.support	
www.amz-customer-sup0rt.best	
www.telusmobility.pw	
telusmobility.pw	
caq-qcinflation.online	
inflation-caq-qc.online	
pcoptimum.pw	
www.pcoptimum.pw	
tax-can-reference.online	
taxreference-can.online	
inrtranac-deposit.online	
hgddsp.pw	
lnterac.hgddsp.pw	
ca-vancouverparking-99982.com	
ca-vancouverparking-99980.com	
ca-vancouvercity-99933.com	
ca-vancouvercity-99930.com	
ca-parkingvancouver-88836.com	
ca-parkingvancouver-88830.com	
ca-vancouver-parking99932.com	
ca-vancouver-parking99930.com	
ca-vancouver-city002973.com	
ca-vancouver-city002971.com	
ca-parking-vancouver003933.com	
ca-parking-vancouver003931.com	
ca-city-parkingvancouver00393.com	
ca-city-parkingvancouver00391.com	
ca-vancouverparking-156884.com	
ca-vancouverparking-156880.com	
ad-d.us	
canadapost-postescanada-ca.ad-d.us	
vr-rbcroyalbank.com	
telusmobility-bill.com	
interac.verificationcasystm.com	
telus.verificationcasystm.com	
telus.verificationca-admin.com	
interac.authorizationcasecure.com	
interac.verificationca-admin.com	
mycra-gsthst.info	
help-canpst-package.online	
service-canpst.online	
misseddelivery.help	
n-flix-account-inc.site	
int-rac.online	
anpost-packagepostpay.com	
mycenter.space	
costco-annaulbonus-membersc.com	
postal-importfee-services.com	
anpost-parcelhub-customs.com	
depot-service-fee.co	
canadapost.parcel-info.ca	
eu-customsanpost.com	
inetrans-gouv-caq.onlineagence-revenue-ca.online	
agence-revenue-ca.online	
secureserviceca.life	
cracanada-government.com	
etr10001.ca	
n-flix-inc-account.site	
post-payservice.com	
an.post-payservice.com	
depoaujourdhui.online	
g0uv-canad.online	
vos-fondsqc.online	
review-activity-online.com	
postonlinedelivery.com	
at-postverfolgung.at	
capost-servicing.info	
amazonsupportservice.ca	
sicher-rbinternational.com	
www-auth-rbcroyalbank.xyz	
scotlaca-smsmobileaierts.com	
scotlasms-fraudaierts.com	
scotlamobile-smsaierts.com	
fido-returns.site	
capost-servicing.net	
eucustomsanpostfee.com	
ca-100interac-01-webtrust.com	
canada-post.delivery-fee.online	
anpost-import-fee.com	
open24onlin.com	
crareimburseteam.com	
atpost-verfolgung.at	
anpost-delivery-assist.com	
notificayion-canada-income.com	
reimbursement-support.com	
return-info.xyz	
mobile-id-rev.co.uk	
lnterac.return-info.xyz	
totta.conta-info-cliente.com	
notification-canada-income.xyz	
ghvda4.xyz	
totta.conta-cliente.com	
verification-addresss.top	
lnteract.ghvda4.xyz	
customercaredeposit.com	
interac.ver1ficationca.com	
mypostal-importfee.com	
intanac-deposit.online	
ca-mobliecarecenter.com	
canapost-orderstatus.ca	
anpost.mypackage-progress.com	
telusmobility.verificationca-admin.com	
canadapost-payment.com	
www-auth-rbcroyalbank.life	
vvwpslxjkxs.pw	
interac.vvwpslxjkxs.pw	
llfjssjqiisqk.pw	
interac.llfjssjqiisqk.pw	
postservice019729.com	
qqpaoiwhsb.pw	
interac.qqpaoiwhsb.pw	
xnsmeh237sb.pw	
interac.xnsmeh237sb.pw	
bbcsg3ysgd.pw	
interac.bbcsg3ysgd.pw	
vbdsswek5ee.pw	
interac.vbdsswek5ee.pw	
onret-ca.mobi	
tdcanadatrustsupport.com	
bswhjalshcdk.pw	
interac.bswhjalshcdk.pw	
aqkldpobxs.pw	
interac.aqkldpobxs.pw	
xkkddhavxs.pw	
interac.xkkddhavxs.pw	
mjfklsddjsn.pw	
customer-deposit.com	
interac.mjfklsddjsn.pw	
aqwmcfdsrwwe.pw	
interac.aqwmcfdsrwwe.pw	
gdefbvfeexgds.pw	
interac.gdefbvfeexgds.pw	
mcfdjljgtdf.pw	
interac.mcfdjljgtdf.pw	
mlaqhdhsjwbxs.pw	
interac.mlaqhdhsjwbxs.pw	
ubereatsref7383.com	
vr-rbcroyalbank3.com	
interac.et-direct.com	
www.netflix-reviewsecured.live	
www.netflixreview-secured.live	
etransferdirectprocess.com	
anpost-deliveryfee.com	
c-gate-paym.online	
deliverymissed.help	
delivery-reschedule-cap.online	
customercare-depo.com	
canadapost10911.com	
returncanpost-id.com	
bellmobility-give-back2022.xyz	
myagency-login.info	
werfrrtg.xyz	
my.payee-secure-portal.com	
update-id-info.com	
ing-alerts-on.line.pm	
lnteract.werfrrtg.xyz	
can-adpostbilling.ink	
safedirectdeposit.ca	
inv-5emt.ink	
wewda.xyz	
mobilereturn-etransfer-acceptpayment-mainpage-account-login.	
amazon.wewda.xyz	
help-support-suncorp-login.com	
sc-netflix.com	
sc-netflix1.com	
coupon-reward-executive-member.ca	
executive-member-reward.ca	
bellrefundservices.5e7u0.com	
5e7u0.com	
consumer-services.5e7u0.com	
bendigo.r76439stop.help	
uyyuy.xyz	
ca-lnteractdepsoitcenter.com	
amazon.uyyuy.xyz	
lnteract.uyyuy.xyz	
my.income-security-portal.net	
uyftxdrfghb.xyz	
lnteract.uyftxdrfghb.xyz	
ca-package002934-en.com	
ca-parcel883774-en.com	
ca-parcel8837740-en.com	
ca-updates003994-en.com	
ca-updates0039940-en.com	
ca-reschedule993884-en.com	
ca-reschedule9938840-en.com	
ca-package0029340-en.com	
cgate-paym.help	
c-gate-pmt.help	
cp-gate-paym.help	
pckgmissed.help	
rescheduledd.help	
billing.optus-on.line.pm	
optus-on.line.pm	
telus.ver1ficationca.com	
canadapost-myparcel.com	
anpost-delivery-fees.com	
interac.caserversecure.com	
secure-bendigo-fraud-prevention-portal.com	
anpost-importfee-services.com	
trackingdhlca-3134113.com	
trackingdhlca-2136113.com	
cadhl-tracking215344.com	
cadhl-tracking19344.com	
ca-parcel-dhl234011.com	
ca-parcel-dhl235511.com	
ca-tracking-22391143.com	
ca-tracking-11391113.com	
customsanpost-fees.com	
post.at-paket.co	
open-24online.com	
anpost-parcelonlinepay.com	
anpost-customdeliveryfee.com	
etran-0978.info	
etran-09788.info	
reviewanpost-custom.info	
anpost-ie-delivery.com	
customsanpostfee.com	
annual-members-rewards.com	
sicher-ebanking.at	
deport-fee-help.co.uk	
revolut.support-ie353.com	
anpost-customs-alert.com	
lnteracts.uyftxdrfghb.xyz	
rev-mobile-device.co.uk	
anpostcustoms.com	
online-parcelsupport.com	
anpost-fee-parcelhub.com	
e-transf-web.online	
canadapost-update.online	
totta.conta-reveja.com	
amazsec.online	
www.amz-customer-sup0rt.top	
canadianrevenue-agency.com	
gstpayment.ca	
mobileanpostfee-customs.com	
totta.cliente-reveja.com	
gc-canadainflation.com	
fido-return-cc.site	
refund-carrier.com	
post-lieferung.at	
vr-rbcroyalbank5.com	
etran-ca22.online	
scotlasms-mobileaiertsca.com	
scotlaca-textaierts.com	
scotlasms-lnfoaiertsca.com	
ap-wallet.com	
post3tca-137su.ddns.net	
post1sca-127va.ddns.net	
anpost-deliveryfee-alert.com	
www.amz-customer-sup0rt.xyz	
vvcnahsxbsvn.pw	
lnterac.vvcnahsxbsvn.pw	
86tuy.xyz	
1001-accountcad-canadasaveweb.com	
e-transfer.icu	
lnteracts.86tuy.xyz	
www.amz-customer-sup0rt.shop	
nscjbdbxbsjh.pw	
lnterac.nscjbdbxbsjh.pw	
hhshfgevszs.pw	
lnterac.hhshfgevszs.pw	
bndbdnnbs.pw	
lnterac.bndbdnnbs.pw	
mqppfmvcb.pw	
lnterac.mqppfmvcb.pw	
khdqtxmgld.pw	
lnterac.khdqtxmgld.pw	
tmqbshqhwu.pw	
lnterac.tmqbshqhwu.pw	
mzanbzzbzaa.pw	
lnterac.mzanbzzbzaa.pw	
ppqqmzbhsab.pw	
lnterac.ppqqmzbhsab.pw	
aaqpplsjens.pw	
lnterac.aaqpplsjens.pw	
lsnnswquys.pw	
lnterac.lsnnswquys.pw	
post1tca-113da.ddns.net	
ppytbfgnvgf.pw	
lnterac.ppytbfgnvgf.pw	
adqqpplkjaa.pw	
lnterac.adqqpplkjaa.pw	
mskqqilskdj.pw	
lnterac.mskqqilskdj.pw	
post2ca-311ma.ddns.net	
anpost-alert-customs.com	
canadarevenueonlinebc.life	
intrtanac-deposit.online	
tdcanadamobile.ca	
benefitsgvonline.com	
executive-coupon-reward.ca	
executive-members-reward.ca	
creditreturn-id.com	
review-nabdirectdebit.com	
customerservice-deposit.com	
etran-51199.info	
etran-5119.info	
instagram-ladsbaitoit.co.uk	
bendigo.rf765758.click	
ca-updatesdhl999386-en.com	
ca-updatesdhl9993860-en.com	
ca-parceldhl099376-en.com	
ca-parceldhl0993760-en.com	
ca-packagedhl993876-en.com	
ca-packagedhl9938760-en.com	
ca-rescheduledhl0092873-en.com	
ca-rescheduledhl00928730-en.com	
movemoneysecure.ca	
encaissez-maintenant.online	
vosfonds-enligne.online	
bell-mobilityregca.tk	
accesd-suspension.com	
au-postinfo.com	
belcustomersupportdeposit.com	
1nt3rac-etran5fer.online	
auspostparcelinfo.com	
cra-revenu-canada.ca	
vr-rbcroyalbank4.com	
infractionroutiereqc.ca	
autorouteinfraction.ca	
infractionautoroute.ca	
2023e-tr.ca	
prime-annulation.online	
amazon.prime-annulation.online	
modifier-abonnement.online	
amazon.modifier-abonnement.online	
services-amzprime.pw	
amazon.services-amzprime.pw	
dhl313991-catracking.com	
dhl416991-catracking.com	
teiuscredit.net	
accesd-desjardins.online	
customsanpostfees.com	
anpostpostal-fee.com	
parcelhub-onlinesupport.com	
anpost-customsfees.com	
parcel-payservice.com	
anpost.parcel-payservice.com	
health-uk-prevention-testkit.co.uk	
anpost-feescustoms.com	
365config-online.com	
anpost-securepayonline.com	
totta.pt-conta-reveja.com	
rev-portal-ie.com	
anpost-delivery-payment.com	
anpost-parceldelivery-fee.com	
www.my-telus-refnd.cfd	
sec-visit01.info	
sec-visit02.info	
bellmobilityreimbursements.online	
etran-9822.info	
etran-98222.info	
anpostcustomsfee.com	
anpost-delivery-charges.com	
totta.conta-pt-reveja.com	
www.servicecanada.life	
parcelhub-payserivce.com	
anpost.parcelhub-payserivce.com	
annual-members-rewards.vip	
claimreward.help	
erstegroupservice.com	
wholesalerewards.help	
notificationrewards.help	
anpost-ie-customs.com	
executiverewards.help	
hse-onlineform.com	
notifydetails.help	
canadapost3.com	
ca-packages00291-en.com	
ca-packages00293-en.com	
etransffer.org	
ontario-trillium.site	
anpost.mypackage-updates.com	
anpost-postparcelpay.com	
anpost-transportclearance.com	
health-testkit-order.com	
canadaposte-parcel-delivery.com	
instagram-ladsbaitout.co.uk	
tru1stt.malikhosting.com	
tdee.malikhosting.com	
peeyence.malikhosting.com	
reactivatemyid.com	
feesanpost-customs.com	
mobilereimbursements.online	
onlinedeliverysupport.com	
wellsverification01.com	
anpost-invoice.com	
belcustomerservice.com	
www.support-mobile-assist.cfd	
interactrefmycra005573.com	
tdauthenticate.online	
www.support-mobile-assist.sbs	
service-reactiver-appleid.com	
www.support-mobile-assist.top	
1nt3rac-etran5fe3r.online	
mobile-feesanpost.com	
appmobil-telus.help	
ca-3006352package-en.com	
telus.dispersedreturn.com	
ca-3006350package-en.com	
transferinteract.net	
return-fido-inco.site	
canadapost-mypackages.com	
accesd-secure.online	
desjard1ns-accesd.online	
www.mobile-supprt-assist.cfd	
www.mobile-supprt-assist.sbs	
tel-appmobil.help	
www.mobile-supprt-assist.top	
pay-gst.ca	
canadapost-tracking-postescanada.ru	
ca-package8837770-en.com	
ca-package8837772-en.com	
telcustomerservice.com	
canada-post-tracking-service.com	
apple-assistance-au.com	
autheasyaccesweb.com	
etran-5499.info	
etran-54999.info	
www.ef-intrac1.live	
rgrs-return-inc.site	
www.mobile-customer-assist.top	
mobiledirectdeposit.ca	
appswalletsupdated.com	
telus.authenticationca.com	
www.mobile-customer-assist.website	
interac.verifyreturnca.com	
depositcanada400.online	
lnterac.depositcanada400.online	
telusmobility-billed.com	
rogerscashback.credit	
electronic-transfer-canada.site	
telusauthorizationca.com	
telus.ca-returnlogin.com	
camobilityreturn.com	
vr-rbcroyalbank9.com	
1villemontrealqc.com	
constatdinfractionqc.com	
servicesmontreal-ville.com	
servicesmontreal-constat.com	
bell.canada-en.online	
mybell.canada-en.online	
telus.camobilityreturn.com	
telus.verifyreturnca.com	
interac-pending.com	
caq-depot.online	
caq-pension.online	
taxref-ca.online	
ca-taxref.online	
mobilebnz.live	
capst-reschedule.online	
help-packageship.online	
telus.mobilitycareturn	
help-reschedule.online	
inrtanac-deposit.live	
reschedule-help.online	
rewards-wholesale22.info	
reschedule-capst.online	
mobilebnz.cloud	
telus.mobilitycareturn.com	
ca-packagesdelivery993884-en.com	
ca-packagesdelivery993880-en.com	
ca-updatesdelivery8837710-en.com	
ca-updatesdelivery8837712-en.com	
ca-packagedelivery736620-en.com	
ca-packagedelivery736621-en.com	
ca-parceldelivery9993880-en.com	
ca-parceldelivery9993884-en.com	
ca-updatedelivery998380-en.com	
ca-updatedelivery998384-en.com	
client-mybell.info	
amznsecurs.online	
aznsecs.online	
azmnscsc.online	
amznonsec.online	
amzninsec.online	
www.etransferi.com	
r0g3rs-cust0mer-ca3hback.com	
ca-cpa.us	
canadapost-postescanada.ca-cpa.us	
delivery-servicecharge.com	
anpost.delivery-servicecharge.com	
anpost-customs-release.com	
0ntari0-tri11ium.live	
anpost-parcel-customs.com	
m0bl1litysupport.life	
anpost-postaccpay.com	
anpost-clearanceduty.com	
apay.rf764390.help	
apay.r-e-f643930.help	
vr-rbcroyalbank10.com	
totta.pt-reveja-conta.com	
anpost-ie-postalfees.com	
etran-42099.info	
etran-4209.info	
post-deliveryhub-ie.com	
an.post-deliveryhub-ie.com	
anpost-depot-release.com	
totta.reveja-pt-conta.com	
anpost-customs-payment.com	
rgrs-return-icc.site	
etrsnfer.co	
infotech-user.info	
rbc0nl1nesupp0rt.link	
transf-7c36e4.xyz	
transmit-9o31f7.xyz	
transmit-7c32e8.xyz	
transmit-4e97a2.xyz	
transmit-1b79e2.xyz	
transmit-6e31o4.xyz	
assessmentcra.com	
interac.assessmentcra.com	
payment.assessmentcra.com	
2022.assessmentcra.com	
credit.assessmentcra.com	
ap-renew.com	
payservice-eire.com	
anpost.payservice-eire.com	
rev-security-ie.com	
seguro-unicaja.com	
t3lu5.online	
lnetarcc.online	
anpost-customerdeliveryfee.com	
1001-ca-myaccount-trustwebca.com	
365con-online.com	
e-tr2023.info	
ca-updatespackage99380-en.com	
ca-updatespackage99382-en.com	
ca-parcelreschedule003920-en.com	
ca-parcelreschedule003928-en.com	
ca-parceldhlupdate99212-en.com	
ca-parceldhlupdate99210-en.com	
sec-visit03.info	
package-help-reschedule.online	
www-auth-rbcbankroyal1.xyz	
canadapost-ship.com	
refund-interac.top	
uberrider.info-secured.com	
canadalogin.info-secured.com	
riderlogin.info-secured.com	
ridercanada.info-secured.com	
ca-rescheduleparcel09281-en.com	
ca-rescheduleparcel09283-en.com	
ca-parcelupdated28883-en.com	
ca-parcelupdated28880-en.com	
client-myroger.info	
amazonvrf-user.help	
smtbsec.online	
cmtbsec.online	
vmtbsec.online	
rogerspay.com	
verifxhsbc.sosauh.com	
verifcap1.sosauh.com	
costcosupport.malikhosting.com	
eng-candapost.com	
wellsonlinecancel.com	
mygov-energy.com	
electronictransfer-ca.site	
tdauthenticate.net	
newyears2023.net	
etransfer-interac.icu	
cancelwllsf.com	
allocation-logements.ca	
cp223.malikhosting.com	
webrecover2.com	
secureroyalbank.com	
etdirectservice.com	
etran-7742.info	
etran-77422.info	
carrier-support.com	
vr-rbcroyalbank12.com	
help-schedule.online	
vrf-primesubscription.help	
i1te3rac-e3tr4ns5fer.online	
customerservice-depo.com	
amzzo.mhcares.com.au	
ca01184.com	
nz-postalinfo.com	
governmentof-ontario.com	
n3tfl1x.online	
telusonlinereturn.ca	
govofontario.com	
atb-suspended.com	
vr-rbcroyalbank13.com	
suspension-accesd.com	
internscheduie-canadapost-gov.com	
interact.allocation-logements.ca	
bawagggroup.com	
post-atsupport.com	
newyearscashback.info	
netfix-support.online	
applepay-reactivation.info	
costco-annualreward.com	
ca5005.com	
op.fi-mobiili.co	
op.fi-digipalvelut.co	
op.fi-asiakkaaksi.co	
anpost-customs-smsalert.com	
lnstagram-trendingbaitouts.site	
hse-symptomscovid-case.com	
anpost.customs-packages.com	
anpost-delivery-customs.com	
sec-visit11.info	
sec-visit10.info	
etran-1055.info	
etran-10555.info	
rgrs-inc-return-transfer.site	
anpost-release-charge.com	
ont-rogerwireless.net	
1nt3rac-etransfe3r.online	
anpostparcel-customsfee.com	
anpost-custom-payment.com	
reactivate-yourid.com	
www.telus-wireless.cc	
www.teluswireless.cc	
et-100interacweb-trustcad.com	
365config-onli.com	
ca-postalpackage093880-en.com	
ca-canadapostpackage.info	
ca-postalpackage093881-en.com	
postcaauth.info	
primeadministrator.com	
gouvdu-canada.link	
deposetesfonds.online	
1001-depositcad-trustclaimweb.com	
ikjooo.eiinspire.com	
parcel-reschedule.info	
comm-netcode-support.line.pm	
myparcel-reschedule.com	
transfer-int1001.ca	
auspostonlinesupport.com	
canadapst.info	
awresdfs.xyz	
returns.awresdfs.xyz	
member-rewards.ca	
members-coupon-rewards.ca	
etbenefitservice.com	
fido-inc-returns.site	
wholesalerewards.online	
claimreward.link	
refund-customercenter.com	
revcad.cc	
revsupportcad.xyz	
cadrevsupport.xyz	
telus.reimbursementca.com	
telus.dispersedreturnca.com	
telus-accounts.website	
gigdatfundnow.xyz	
inflationbenefits.online	
cibc.fraud-privacysecurity.com	
bmo.fraud-privacysecurity.com	
crabankchoice-gouv.com	
appliedotbhelp.ca	
telus.accountreturn.com	
mobilitytaxclaims.online	
netbank-on.line.pm	
anpost-stampduty.com	
anpost-delivery-services.com	
ca-id8830-updatespackage.com	
ca-updatesdhlreschedule.info	
ca-parceldhl00291-en.com	
ca-parceldhl00293-en.com	
ca-parceldhlupdates00291-en.com	
ca-parceldhlupdates00299-en.com	
id9980-deliveryupdate-en.com	
id9983-deliveryupdate-en.com	
ca-id8831-updatespackage.com	
secure-prime.cc	
subscription-audit.live	
anpost-fee-alert.com	
cba-cancel-payee.com	
tri11ium0n.click	
payservice-ie.com	
anpost.payservice-ie.com	
anpost-delivery-charge.com	
www-auth-rbcbankroyal1.life	
rebat-icbc.online	
mtbonline.store	
primeaccadmin.com	
amzn.primeaccadmin.com	
amazon.primeaccadmin.com	
bells-inc-return.site	
feesmobile-anpost.com	
bawaghilfe.com	
suspicious-einstein.143-244-170-208.plesk.page	
2023interacgouv.online	
nexi-it-congelato.com	
awesome-saha.147-182-213-155.plesk.page	
intervirementqc.online	
qcsecurlink.online	
packagedhlreschedule.com	
cad-administrativecarecenter.com	
fraud.primeaccadmin.com	
support.primeaccadmin.com	
tel5us-tran7sfer.online	
costcowholesale-reward.top	
l3e7wak.com	
mobility-carrier.com	
brickstonroady.com	
transactionservicebnz.com	
rbc.fraud-privacysecurity.com	
depositfundnow.com	
transactionserviceanz.com	
auth-onlinebanking-scotiabank.com	
ca-packageupdates0091-en.com	
refund-clientcenter.com	
trillbenef.com	
ca-packageupdates0092-en.com	
ca-parcelupdates1350-en.com	
ca-parcelupdates1356-en.com	
ca-updatespackage2930-en.com	
ca-updatespackage2937-en.com	
ca-388830-packageupdate.com	
ca-388837-packageupdate.com	
ca-773620-parcelupdates.com	
ca-773629-parcelupdates.com	
ca-88370-deliverypackage.com	
ca-88373-deliverypackage.com	
ca-99930-parceldelivery.com	
ca-99938-parceldelivery.com	
auspost.click-via.com	
annual-membership.net	
refund-department.info	
mobilebnz.online	
1nterac-etran5fe3r.online	
bmo-suspension.com	
us-rescheduledhlupdate.info	
us-deliverypackage-en.com	
us-deliveryparcel-en.com	
fundstransferbenefits.com	
fundstransferbenefit.com	
mobility-deposit.com	
interactonline3jd0nt24d097it-et.ca	
bellinteracportal.ca	
itc-serviceca.com	
fundtransferbenefits.com	
fundtransferbenefit.com	
notificationrewards.link	
netflix.update-plans.com	
wholesalerewards.link	
executiverewards.online	
goldmembers.online	
notifydetails.online	
annual-members-rewards.link	
anpostonlineservice.com	
onlinepostalsupport.com	
post.at-tarife.com	
2023-areatelus.store	
anpost-postalfee-ie.com	
hse-testform.com	
anpost-attempt-delivery.com	
government-of-canada.com	
anpost-feemobi.com	
payservice-ireland.com	
anpost.payservice-ireland.com	
recover-applepay-au.com	
mobilityretrns.net	
www.mobilityretrns.net	
17303.mobilityretrns.net	
110091.mobilityretrns.net	
001934.mobilityretrns.net	
mobileretrns.net	
www.mobileretrns.net	
alerts.mobileretrns.net	
status.mobileretrns.net	
bill.mobileretrns.net	
mobilealets.net	
www.mobilealets.net	
00193.mobilealets.net	
return.mobilealets.net	
review.mobilealets.net	
fido-returns-ca.site	
secvisit-05.info	
cpcanada-reschedulesect-gov.com	
atpost.verpasste-lieferung.com	
2023arcgcr.online	
etran-5177.info	
etran-51777.info	
nexi-termina-condizion.com	
anpost-deliveryservicecharge.com	
pendinginteract-etransfer1.com	
anpost-charges.com	
telus.mobility-secure.com	
secure-rbc1.com	
manage-profile.xyz	
myrefund-deposit.com	
postes-ca1.com	
ca1821.com	
mymobiledeposit.online	
telusmobility-info.com	
telus-mobilitycharges.com	
secure-rbcbank.com	
intranac-rgrs.online	
amazon.prime-tts.online	
prime-tts.online	
depositcan-sign.online	
depositcan-cyber.online	
secure-parcelservice.com	
prime-cancelation.online	
amazon.prime-cancelation.online	
prime-ggs.online	
amazon.prime-ggs.online	
onservice-program.life	
capost-hold.net	
fmcapost.online	
dhpost-hold.net	
bellonlinereturn.ca	
myalberta-program.life	
canadapostsupport.ca	
prime-wewda.info	
amazon.prime-wewda.info	
prime-modify.online	
amazon.prime-modify.online	
cancel-prime.online	
amazon.cancel-prime.online	
lnteracservicesca.sk-6g3t9.com	
canadaref.sk-6g3t9.com	
et-lnteracserv.gouv.sk-6g3t9.com	
www.mytelusrefund.com	
my-reimbursement.com	
bbsjnsjaksj.online	
lnterac.bbsjnsjaksj.online	
msbxjqjzxjsh.online	
lnterac.msbxjqjzxjsh.online	
chchgchggxf.online	
lnterac.chchgchggxf.online	
znckxnxmxs.online	
lnterac.znckxnxmxs.online	
sfgrsffsdfsdwe.online	
lnterac.sfgrsffsdfsdwe.online	
telusmobility-billings.com	
prime-wewda.xyz	
telus-credit.online	
amaz.prime-wewda.xyz	
bell.mobility-canada.com	
telus-errorcredit.online	
verifyinternetaccess.com	
etran-5345.info	
etran-53455.info	
e-transferpage.online	
costco-wholesale-rewards.top	
1secure-navyfederal.com	
gvmt-perquisite.online	
mobilitynewyear.com	
newyearmobility.com	
newyearoutages.com	
outagesnewyear.com	
easywebmobile.ca	
refund.int-telus-remboursement.ca	
cad-postfe.com	
www.mobility-refnd.online	
mycad-post.com	
expresscadpost.com	
ca-lnteracmoblility.com	
prime-modify-or-cancel.online	
amazon.prime-modify-or-cancel.online	
prime-manage.online	
amazon.prime-manage.online	
www.mobility-refnd.top	
www.mobility-refnd.live	
cpcanada-reschedulesdm-gov.com	
government-deposit.online	
lnterac.canada-governement-deposit.online	
canada-governement-deposit.online	
lnterac.government-deposit.online	
lnterac.canada-government-deposit.online	
canada-government-deposit.online	
parking-infractions3.city	
interactonline2cr9hkptz8vg4t-et.ca	
bawag.konto-at-info.com	
qsjdhdhsjd.online	
lnterac.qsjdhdhsjd.online	
atb.financiai-security.com	
interac-secure1.com	
deliverynotif.net	
mycomm.verify-helpdesk.com	
depot-caq-qc.online	
tax-ref-can.online	
ceba-on.line.pm	
et-interacwebca-10001auth.com	
cancelwellsf1.com	
telusrefnd.biz	
netflix-accountverification.com	
nexipayauth.com	
anpost-post-delivery.com	
anpost-parcelredelivery.com	
deposervos-sous.online	
digitalintersecurlink.online	
securgouvernqc.online	
boi-365.com	
revolut-auth-support.com	
anpost-delivery-postage.com	
ca-38870-deliveryparcel.com	
ca-38873-deliveryparcel.com	
ca-000391-deliverypackage.com	
ca-000393-deliverypackage.com	
ca-029918-deliveryupdate.com	
ca-029938-deliveryupdate.com	
ca-98830-deliveryparcels.com	
ca-98837-deliveryparcels.com	
ca-00961-deliverypackages.com	
ca-00965-deliverypackages.com	
caq-etarnsfers-secure.link	
instagram.fruitydrawouts.com	
ap.rf643190.help	
ap.fix643190.help	
anpost-parcel-services.com	
feemobi-anpost.com	
deliveryfee-eire.com	
anpost.deliveryfee-eire.com	
verify.rebate.hm-cr.site	
posthub-deliveryinfo.com	
hdchdcbcbd.online	
lnterac.hdchdcbcbd.online	
gov-ukenergy.com	
xseghvvdgcfdv.online	
lnterac.xseghvvdgcfdv.online	
moneta.informace-ucet.com	
accweb.mouv.desjardins.324135.com	
mxddymbb.online	
lnterac.mxddymbb.online	
accweb.desjardins.324135.com	
irishcustomspostofficetfee.com	
inc-fido-returns.site	
cibconline.cibc.324136.com	
canapostadjust.info	
my.secure-portal-update.net	
aib-assist-service.com	
etran-1660.info	
etran-16600.info	
anpost-alertservice-fee.com	
interac-secure.com	
deliveryfee-ireland.com	
anpost.deliveryfee-ireland.com	
1001-login-trustcadweb.com	
telus.wirelessreturn.ca	
wirelessreturn.ca	
reference-288191.com	
365conf-online.com	
reference-101911.com	
bill-deposit.com	
anpost-parceldeliveryfees.com	
manage-myprime.online	
prime-management.online	
prime-modification.online	
amazon.manage-myprime.online	
amazon.prime-management.online	
amazon.prime-modification.online	
delivery-notif.net	
zurucksetzenbawag.com	
alert-anz-support.linkpc.net	
netflix-verif-y.top	
viasatreimburse.top	
reimbursetelus.life	
reimbursetelus.top	
mobilereimburse.life	
mobilecan.top	
telmobility.top	
telmobility.life	
telusreimburse.life	
telusreimburse.top	
canadapost-paysecure.com	
freerideuber.com	
tx-free-quarterly.info	
canadapost-paygate.com	
ca-lnterac-moblitycenter.com	
netfix.pw	
supportbnzmobile.com	
netfix-verification.site	
netfix-verify.online	
managemybell.5e7u0.com	
interactonline2cr9hkptz8vg4f-et.ca	
vancouverticket.online	
cityofvancouverbc.online	
cityofvancouverbc.com	
vancouver-ticket.com	
qcvosfonds-disponible.online	
recevez-votreargent.online	
vos-sous-maintenant.online	
lnterac-moblitycenter.com	
www.mobility-refnd-support.cfd	
action-postcanada.com	
infractions-parkings23.city	
infractions-parkings01.city	
ctz66.a23matka.com	
intranac-refund.online	
www.mobility-refnd-support.icu	
deposit-dpt.com	
tdeasy-line.com	
transfer-882991.com	
www.mobility-refnd-support.sbs	
www.mobility-refnd-support.top	
reassessment2022.com	
interac.reassessment2022.com	
update.reassessment2022.com	
notification.reassessment2022.com	
alert.reassessment2022.com	
credit.reassessment2022.com	
help.reassessment2022.com	
amazon-verification.club	
www.amazon-verification.club	
tdeasy-access.net	
interac-etransfcanada1.com	
manage-applepay.online	
cpcanada-reschedulepoint-gov.com	
tdeasywebbrowser.ca	
amazon.monthlyprimesubscription.ca	
revolut.au.web041.net	
canadapost.parcel-delivery.ca	
canadapost-services.gv-bc.com	
metamask-alert.com	
canadapost-consumerservices.gv-bc.com	
alerts-anz-on.line.pm	
inflationsbenefits.online	
interactonline2cr9hkptz8vg4p-et.ca	
dhdelivnote.online	
1nte3ac-2tran5fer.online	
mobilebnz.link	
canadian-government-deposit.online	
lnterac.canadian-government-deposit.online	
ca-packagesupdate-002993.com	
ca-packagesupdate-002991.com	
ca-parcelupdates-992883.com	
ca-parcelupdates-992880.com	
ca-deliveryupdates-992883.com	
ca-deliveryupdates-992881.com	
ca-updatesparcel-883772.com	
ca-updatesparcel-883712.com	
ca-updatespackage-993874.com	
ca-updatespackage-993870.com	
com-au-on.line.pm	
lnterac-moblity.ink	
apple-verify-helpdesk.com	
cba-netbank.line.pm	
etrnsferr.com	
cpost-reschedule.com	
etrannsfer.co	
etarnsfer.com	
primecadupdate.com	
notify.primecadupdate.com	
account.primecadupdate.com	
customer.primecadupdate.com	
client.primecadupdate.com	
notice.primecadupdate.com	
notification.primecadupdate.com	
etrnasfer.com	
0ntarioparking.link	
bell.tranfer-deposit.com	
secure-payeeremoval-portal-nabassist.com	
auspay.info	
postal-import-service.com	
suncorp-internetbanking-on.line.pm	
r0gerssupp0rtservice.link	
anpost-parcel-release.com	
op.fi-kirjaudu.info	
postalservicesupport.com	
t519.life	
t796.life	
telmob.life	
telref.life	
telref519.life	
telref519796.life	
tm519.life	
tm796.life	
tmob.life	
aide-2023.co	
anpost-customsparcelfee.com	
anpost-customs-parcel-alert.com	
post2ca-211ta.ddns.net	
apply-activation-ap.com	
anpost-dutystamp.com	
postpackagedevlivery.com	
seb-turvameeskond.com	
repostalservicehub.com	
online-deposit.com	
etran-0356.info	
etran-03566.info	
anpost-paymentupdate.com	
anpost-customs-ref.com	
pay-refund.com	
etran5fe3r-int3rac.online	
td-websecure.com	
gstassistance.life	
secure-rbc2.com	
secure-rbc3.com	
anpostparcelfee.com	
mobiboi-online.com	
bellmobillity.com	
logon-bellserv.com	
ca-lnterac-moblitycenter.ink	
lajxkwjhsh.online	
lnterac.lajxkwjhsh.online	
nxnkxallxlaksja.online	
lnterac.nxnkxallxlaksja.online	
bnjjbdsfdxd4wsd.online	
lnterac.bnjjbdsfdxd4wsd.online	
qplakensmxj.online	
lnterac.qplakensmxj.online	
alwlsjxnencmd.online	
lnterac.alwlsjxnencmd.online	
jxjswbxjshx.online	
lnterac.jxjswbxjshx.online	
cajamar.informace-ucet.com	
www.mytelus-mobilityrefnd.top	
costco.wholesale-repayment.com	
uk.uberloginsecurely.com.	
2023.uberloginsecurely.com.	
canada-govt-pay.site	
unicaja.informace-ucet.com	
canadapost-en.com	
int2023e-tr.info	
irterac.ca	
cpcanada-autoreschedule247-gov.com	
2022-reassessment.com	
interac.2022-reassessment.com	
help.2022-reassessment.com	
update.2022-reassessment.com	
notification.2022-reassessment.com	
center.2022-reassessment.com	
alert.2022-reassessment.com	
updates.2022-reassessment.com	
int3rac-etran5fe3r-souti0n.online	
tdauthenticate.info	
mobipostoffice-irish.com	
help-reschedule-capst.online	
rchargebacks.com	
canadapost.info-parcel.ca	
depospending.info	
transfer-7c36e4.tel	
return-9o31f7.tel	
transmit-7c32e8.tel	
refund-4e97a2.tel	
transmit-1b79e2.tel	
transmit-6e31o4.tel	
reference-2001934.com	
bmo-onlineweb.com	
amazon.prime-gestion.online	
prime-gestion.online	
prime-facturation.online	
amazon.prime-facturation.online	
rogers-pay.net	
deposit-link-transfer.online	
postfm-ca.online	
etran-0904.info	
etran-09044.info	
uberloginsecurely.com	
transfer-541823.com	
support.uberloginsecurely.com	
revenueupdate.com	
reassessment.revenueupdate.com	
post.192262au.help	
cra.revenueupdate.com	
help.revenueupdate.com	
notice.revenueupdate.com	
helpdesk.revenueupdate.com	
interac.revenueupdate.com	
asb.r-e-f1922u62.help	
cadlnterac-moblity.ink	
www.cadlnterac-moblity.ink	
revenueonlineservice.com	
lnterac.deposit-link-transfer.online	
1lnte3rac-2t3ansfer3.online	
canadapost-payportal.com	
mobility-info.com	
depinterweb.online	
receivedepgovt.online	
internet-banking-access.com	
comm.r-e-f1922u62.help	
securemyscotia.com	
telus-carecenter.ink	
www.telus-carecenter.ink	
lnterac.deposit-funds-gov.online	
deposit-funds-gov.online	
canada-post-tracking.ca	
ap.r-e-f1922u62.help	
gvmt-emt.online	
www.telus-care-center.ink	
easytdweb.ca	
assistanceontariocitizens.com	
kiwisupportnz.com	
assistanceontarioresidents.com	
assistanceontariotrillium.com	
ontariocitizensassistance.com	
ontarioresidentsassistance.com	
ontariotrilliumassistance.com	
transfer-399382.com	
transferfundsbenefit.com	
transferfundsbenefits.com	
inv-6emt.ink	
crp-fido-returns.site	
interac-payment.com	
reschedule-information.com	
reset-paymethod.info	
uber.identity-verify.com	
caq-inflation.me	
cpdelivery-intern247-gov.com	
helpbnz-dash.com	
e-transfermybell.com	
my.gov.support.linkpc.net	
mobilebnz.site	
my.gov.work.gd	
postdeliverypackage.com	
feespostoffice-customs.com	
customcharge-service.com	
etransferr.co	
interac.depinterweb.online	
interac.receivedepgovt.online	
interac.canada-govt-pay.site	
deposit-now-canada.online	
lnterac.deposit-now-canada.online	
cpdelivery-intern234-gov.com	
manage-applepay.info	
anpostparcelfees.com	
canada-govt-remboursement.online	
lnterac.canada-govt-remboursement.online	
canada-govt-taxes.online	
lnterac.canada-govt-taxes.online	
canada-govt-refund.online	
lnterac.canada-govt-refund.online	
canada-govt-pay.online	
lnterac.canada-govt-pay.online	
anpost-servicequeries-online.com	
retour-ramq.net	
www.retour-ramq.net	
anpost.importing-customs.com	
anpost-mobiservice.com	
anpost-customs-fee.com	
deliveryfees-eire.com	
anpost.deliveryfees-eire.com	
carriersuport.online	
bawag.psk023.com	
anpost-alerthub-duty-fee.com	
canada-govt-deposer.online	
s.antander-on.line.pm	
lnterac.canada-govt-deposer.online	
scotlaca-statusupdates.com	
scotlastatus-aiertsca.com	
scotlamobile-calnfoaierts.com	
barcs-on.line.pm	
canadapost-package-support.com	
etran-7610.info	
etran-76100.info	
mygovform-au.com	
vr-onlineservice.com	
interacstatus.ca	
tdverification.online	
postcanadapayment.com	
0npark1ngticket.link	
refund-inrtranac.online	
1001-claimetransferca-loginca.com	
bbva-onlineservice.com	
caip-payment.ca	
parcelcustom-info.com	
anpostcustomsimportfee.com	
www.mytelus-mobilityrefnd1.icu	
smartoverpayed.com	
draftkingspay.ca	
returnforminc.com	
tr1sfr-g8vrnt.com	
delivery-candapost.com	
tdauthenticateteam.online	
cra-secure.info	
88103933.com	
postcanada-hold.com	
mybel-account.online	
reference-85043.com	
applepayaus.com	
onlineredirectbenefits.com	
transferfundbenefit.com	
serviceontario.help	
lskjdnskcndm.online	
xcacscscaqwd.online	
qflgbfdfcxcs.online	
offrestelus.online	
payment-gst.ca	
etran-9472.info	
etran-94722.info	
canada-postparcel.com	
offrestelus.onli	
myportal-update.com	
pskkarte.online/.well-known/pki-validation/291c03d17de11031d	
virement.bnjjbdsfdxd4wsd.online	
virement.qplakensmxj.online	
supportkiwinzd.com	
virement.lskjdnskcndm.online	
virement.xcacscscaqwd.online	
virement.qflgbfdfcxcs.online	
inv-7emt.ink	
tdcanadaweb.ca	
adetgvnhfvb.online	
virement.adetgvnhfvb.online	
aldndj2hsjsbd.online	
virement.aldndj2hsjsbd.online	
xmkxksjsvgaz.online	
virement.nxnkxallxlaksja.online	
virement.lajxkwjhsh.online	
virement.xmkxksjsvgaz.online	
lajqkxjsnxnsbhxb.online	
virement.lajqkxjsnxnsbhxb.online	
qpsnsnxjsjqnz.online	
virement.qpsnsnxjsjqnz.online	
mxjsxnsjhjsdhb.online	
virement.mxjsxnsjhjsdhb.online	
anpost-dutyfee.com	
members-executive-coupon-rewards.ca	
executive-coupon-rewards.ca	
my-executive-reward.ca	
executive-coupons-reward.ca	
verify-apple-helpdesk.com	
tondepotmobileqc.ca	
reference-388910.com	
postcanada-holding.com	
ca-parcelupdates-993881.com	
ca-parcelupdates-993888.com	
ca-updatespackage-9933420.com	
ca-updatespackage-9933421.com	
ca-parcelupdates-993882.com	
ca-parcelupdates-993883.com	
ca-updatespackage-0039881.com	
ca-updatespackage-0039882.com	
ca-deliverypackage-009281.com	
ca-deliverypackage-009282.com	
mycomm.verify-helpdesk.net	
anzappsecurity.com	
canadapost-parcelreschedule.com	
canadapost-parckagereschedule.com	
canadapost-trackingservices.com	
canadaposttrackingservices.com	
inv-8emt.ink	
updatem.art	
telusverify.com	
bbvaesonlinebanking.com	
gstsolidarityref.top	
ub-onlinebanking.com	
onlinesupport-parcel.com	
royal-mailpostalfee.com	
op.fi-avain.com	
anpost-fee-parcel.in	
canada-postfees.com	
annual-rebates.com	
anpost-deliveryqueries-online.com	
anpost-dutystampfee.com	
gov-canada-deposit.online	
gov-canada-taxes.online	
gov-canada-pay.online	
my.security-portal-online.net	
candapostes.com	
reference-37019.com	
unicaja.cliente-cuenta.com	
anpost-importfee-service.com	
transfer-3200124.com	
transfer-4402919.com	
cpcanada-reschedulesccm-gov.com	
totta.reveja-cliente.com	
transfer-3928100.com	
anpost-paylinkservice.com	
deposit-canada-safely.online	
deposit-canada-now.online	
deposit-canada-bank.online	
deposit-canada-refund.online	
anpost-service-deliveries.com	
acccnt.mobilealets.net	
ca.mobilealets.net	
ca.mobileretrns.net	
accnt.mobileretrns.net	
anpost-customs-delivery.com	
anpost-delivery-review.com	
deliveryfees-ireland.com	
anpost.deliveryfees-ireland.com	
ca-deliveryupdates-99921.com	
ca-deliveryupdates-99928.com	
ca-packageupdates-002991.com	
ca-packageupdates-002993.com	
transfer-169402.com	
etran-9742.info	
etran-97422.info	
scotlapush-notifcations.com	
scotlamobile-aiertsca.com	
scotlaca-pushnotifications.com	
anpost-fee-parcel.com	
transfer-193931.com	
canadapost.delivery-charge.ca	
anpost-customs-charge.com	
anpostdeliveryservice.com	
postescanda.com	
www.mytelus-mobilityrefnd1.link	
www.mytelus-mobilityrefnd1.online	
ca-postdelivery-parcelweb.com	
parcel-canadapostweb-date.com	
canadapost-rescheduleparceltrust.com	
canadapost-deliverylogin-trust.com	
applepayauthorisation.com	
depot-fee-online-delivery.com	
www.ontrilliumbenef.info	
www.ontariotb.online	
uberonline-form.com	
1001-loginca-trustcanadaweb.com	
ontrilliumbenef.info	
ontariotb.online	
secure.postal-imports.com	
et.public-details.com	
public-details.com	
reschedule-nzpost.com	
hold-postcanada.com	
canadapost-webtrust.com	
anpost-redeliver.com	
et-lnterac-corp.sk-6g3t9.com	
bmo-onlinebank.com	
onlinefundsbenefits.com	
onlinetransferbenefit.com	
postcadproblemocc.shop	
verification-rbc.com	
refund-customerservice.com	
gvmt-perquisites.online	
inrtranac-deposit.site	
etcragrants.live	
costco.wholesale-deposit.com	
return-9o31f7.xyz	
transmit-7c32e4.xyz	
suspost-packageinfo.com	
refund-4e97a2.xyz	
transmit-1b75e2.xyz	
transfer-7c36e4.xyz	
www.1nflix-update.info	
transmit-6e31o8.xyz	
auspost-packageinfo.com	
amazonbilldept.com	
paygst.ca	
browsereasyweb.ca	
billing-costco.ca	
atb.financial-administration.com	
py-visitt.online	
uberaccverify.online	
lnterachelp.ca	
etran-4912.info	
etran-49122.info	
poste-canada.online	
auspostal-ports.com	
amaznrenouvellement.online	
alerts.anz-on.line.pm	
pannesnouvelan.com	
auspostparcelhelp.com	
amaznrenew.online	
amaznprimere.online	
mygov-update.com	
au.post.trck07.net	
my-services-linked-mygov.com	
mygov.idkit-on.line.pm	
ca-updatesparcel-0099391.com	
ca-updatesparcel-0099398.com	
ca-packageupdates-0039991.com	
ca-packageupdates-0039993.com	
mypost-on.line.pm	
redelivery-aupostform.com	
update-deliveryinfo.com	
reschedule-canadapost-postescanada.com	
canadapost-postescanada-reschedule.com	
anpost-online-customs.com	
anpost-delivery-ref.com	
postdeliverypackage-alert.com	
anpost-redeliver-service.com	
secure-br0wsing.info	
secureiy-br0wsing.info	
my.cba-online-potal.net	
web-postcanadadelivery-data.com	
customer.web-postcanadadelivery-data.com	
client.web-postcanadadelivery-data.com	
schedule.web-postcanadadelivery-data.com	
amz-visit.store	
anpost-services.com	
anpost-redeliver-services.com	
totta.pt-reveja-cliente.com	
anpost-deliver-postage.com	
canpst.com	
anpostservicefee.com	
prime-abonnement.online	
prime-membership.online	
prime-billing.online	
prime-account.online	
amazon.prime-membership.online	
amazon.prime-billing.online	
amazon.prime-account.online	
amazon.prime-abonnement.online	
anpost-postparceldelivery.com	
totta.pt-cliente-reveja.com	
reference-715182.com	
anpost-onlinequeries-support.com	
prime-compte-abonnement.online	
facturation-prime.online	
compte.facturation-prime.online	
etran-5448.info	
etran-54488.info	
anpost.imported-parcels.com	
expired-paymentfido.com	
amazon.prime-compte-abonnement.online	
erste-sparkasse-mobile.at	
particulares-totta-pt.com	
anpost-parceldeliveryfee.com	
ca-packagesupdate-993888.com	
ca-packagesupdate-993881.com	
ca-deliveryparcel-300039.com	
ca-deliveryparcel-300031.com	
ca-updatesdelivery-093884.com	
ca-updatesdelivery-093881.com	
ca-packageupdates-0029938.com	
ca-packageupdate-093981.com	
ca-reschedulepackage-009318.com	
ca-reschedulepackage-009388.com	
rewardsuber.com	
anpost-redeliveryie.com	
www.rewardsuber.com	
poste-locale-servizi.com	
hsbcb.universalhealing.org	
navyfed.universalhealing.org	
pnnc.universalhealing.org	
update-applepayment.com	
postdeliverycharge.com	
prime-compte-facturation.online	
amazon.prime-compte-facturation.online	
inrtanac-rgrs.online	
canada-service-fin.online	
etinteract.canada-service-fin.online	
anpost.import-customfees.com	
bmo.resetlogin.com	
transmit-7c38e4.xyz	
billing-adjustment.ca	
msg-bell.ca	
etransfer-interac.ca	
parcel-canadadeliverypost.com	
cra.cad-assessment.com	
parking-infractions5.city	
canadnapost.com	
gstrefcapers.top	
service-benefits.com	
financialdirectservice.com	
canadagst.ca	
securedroyalbank.com	
interac.cad-assessment.com	
auspost-package-info.com	
climate-action-incentive.info	
onlinebenefitsdirect.com	
1nv-emt.ink	
bmo.safetyuser.com	
etran-9767.info	
etran-97677.info	
smart-overpaymobile.com	
transfersfundsbenefits.com	
transferfundbenefits.com	
tel3us-inf7o.online	
int7erac-tran1sfer.online	
t2elus-center.online	
australiapostservice.com	
auth-bankofamericasupport-easywebusa.com	
secure.bmo-verify.com.	
secure.bmo-verify.com	
bendigo-secure-helpdesk.com	
telus.ca-return.com	
cc-annualreturn.com	
telus.ca-refund.com	
notice-canadapost-postescanada.com	
canadapost-postescanada-notice.com	
bellmobilityrefundplan.com	
www.secure-bmo.online	
secure-bmo.online	
bendigo-verify-helpdesk.com	
tel-mobilitytransfer.com	
carriermobileback.com	
tx1-intrac.info	
cell-mobility.ca	
nab-sec3.com	
oebauth1etransfer.com	
et-canada-serv.online	
et-bankcanada.online	
etbank-canada.online	
canaservice-et.online	
can-service-et.online	
can-serviceeet.online	
canadapostopp.online	
canadapost-opp.online	
canada-post-opp.online	
transfersfundbenefit.com	
transfersfundbenefits.com	
pippayments.ca	
www.reschedule-canadapost-postescanada.com	
deadlinetrans1.ink	
assist.oebauth1etransfer.com	
supp.oebauth1etransfer.com	
rogers.communicationca.com	
telus.mobilityreturn.com	
telus.onlinesecureca.com	
rogers.secureonlineca.com	
retry-anpost.com	
op.fi-palvelu.com	
interac-etransfcanada2.business	
anzloginmysupport.com	
my.client-portal-online.net	
secure-liens-express.cc	
anpost-deliver-fee.com	
myparcelcanada-manage.com	
postdeliverycanada.com	
track-canadaparceldelivery.com	
track-parceldelivery.com	
anpost.myparcel-imports.com	
anpost-redelivery-services.com	
billing-prime.online	
amazon.billing-prime.online	
membership-prime.online	
amazon.membership-prime.online	
abonnement-prime.online	
amazon.abonnement-prime.online	
amazon.facture-prime.online	
facture-prime.online	
secure-receive.info	
deliv-ontar.top	
movabilty.com	
postecanada-delivery-parcel.com	
anpost-support-onlinequeries.com	
anpost.importing-customfees.com	
anpost-importstamp.com	
cadnapost.com	
forfait-prime.online	
amazon.forfait-prime.online	
amazon.prime-forfait.online	
prime-forfait.online	
caemployement.info	
interac-cra-pending.com	
identity.auth.atb.client87.com	
bellaccountverification.online	
etran-6113.info	
etran-61133.info	
scotlaonline-mobileaierts.com	
scotlaonline-lnfoaierts.com	
scotlaonline-statusupdates.com	
commsecurebanking.com	
postonlineservice.com	
uber-adjustment.com	
deposezaujourdhui.online	
deposezvos-fondsaujourdhui.online	
recevez-votre-argent.online	
transferez-vosfonds.online	
canada-postdelivery-parcel.com	
lntarc.com	
billing-renewal.ca	
postdeliveryservicefee.com	
bell-rebates.com	
1001-loginweb-canadatrustca.com	
www.mymobility-help.cfd	
canadapost.parcelinquiry.ca	
parcelinquiry.ca	
cagst.ca	
anpost-importservice.com	
track-poste-canada-parcel.com	
valid-0981secu-red.com	
etinterac.et-canada-serv.online	
etinterac.et-bankcanada.online	
directinfobenefits.com	
transferinfobenefits.com	
desjardins.dossiertps.com	
www.mymobility-help.link	
reference-992023.com	
bgca1berta.link	
cpost-delivery.com	
smart-overpayment.com	
etinterac.etbank-canada.online	
etinterac.canaservice-et.online	
etinterac.can-service-et.online	
etinterac.can-serviceeet.online	
etinterac.canadapostopp.online	
etinterac.canadapost-opp.online	
etinterac.canada-post-opp.online	
bellaccount.online	
auto-banque-depot.online	
etinterac.auto-banque-depot.online	
automatique-banque.online	
etinterac.automatique-banque.online	
autodepot-cra.online	
etinterac.autodepot-cra.online	
cra-depositchoice.online	
etinterac.cra-depositchoice.online	
cra-deposit-auto.online	
www.mymobility-help.online	
etinterac.cra-deposit-auto.online	
www.mymobility-help.quest	
bank-deposit-choice.online	
etinterac.bank-deposit-choice.online	
reference-2700191.com	
pay-canadapost.ca	
deposit-cra-auto.online	
etinterac.deposit-cra-auto.online	
www.mymobility-help.sbs	
cra-depositauto.online	
etinterac.cra-depositauto.online	
www.mymobility-help.top	
bellaccountsupport.online	
www.help-mytelusmobility.top	
ca-pst-reschedule.online	
help-capst-reschedule.online	
www.mytelusmobility-help.link	
interacbenefit.buzz	
auspost-help.com	
www.mytelusmobility-help.top	
coupon-wholesale-return-2023.ca	
etran-4023.info	
etran-40233.info	
bendigo.r-e-f1922u62.help	
secure-cibc.online	
www.secure-cibc.online	
www.mytelus-assist1.top	
ont-schedpst.top	
transfer-188102.com	
bendigobank.au.commsecurebanking.com	
gc-cradeposit.com	
redeliver-aupostform.com	
www.mytelushelp-mobility.cfd	
nab.r-e-f1922u62.help	
mobile-smartoverpay.com	
telus.dispersedreturn-ca.com	
urgent-alert-cancel-request.com	
costco.billing-error.ca	
telus.adminloginapp.com	
intrsxc00income.net	
www.mytelushelp-mobility.link	
authcostcorewards.com	
costcomembers-space.com	
telusmobility-rebates.com	
telusmobility-rebate.com	
rescheduledhlparcel.info	
ca-deliverypackage-009281.com	
nab.r-e-f19262.help	
nab.jsp.com	
g72w93pllk.xyz	
lnteract.g72w93pllk.xyz	
a233ew.xyz	
lnteract.a233ew.xyz	
apa2.xyz	
apo913e.xyz	
lnteract.apo913e.xyz	
q2ewaz114.xyz	
lnteract.apa2.xyz	
qwoads0.xyz	
lnteract.q2ewaz114.xyz	
lnteract.qwoads0.xyz	
telusmobilityrefundprogram.com	
acc-privatedetails.com	
ab.authcostcorewards.com	
interest-deductions-login-wbc.org	
anpost-postal-ie-fees.com	
op-fi-avain.com	
post-servicedelivery.com	
anpost-delivery-duty-fee.com	
renting-secure.info	
deliveryhub-portal.com	
anpost.deliveryhub-portal.com	
parcelhub-deliveryfee.com	
financedep-govca247.com	
post-onlinedelivery.com	
ap.r-e-f192262.help	
op-fi-avain.net	
anpost.service-alert-fee.com	
poste-italiane.online	
anpost-importsfee.com	
anpost-customs-deliver.com	
redelivery-service-ie.com	
etran-6529.info	
etran-65299.info	
amazon.account-prime.online	
account-prime.online	
amazon.update-prime.online	
update-prime.online	
amazon.member-prime.online	
member-prime.online	
account-myprime.online	
totta.reveja-conta-pt.com	
intnarac-deposit.site	
scotlamobile-lnfoaierts.com	
scotlamobile-statusaierts.com	
scotlamobile-statusupdates.com	
tdidentifylogin.online	
mouv.desjardins.324136.com	
www.costcomembers-space.com	
interactmycraref071842.com	
membership-myprime.online	
amazon.membership-myprime.online	
nexi-sicurezzaweb.com	
my.online-client-portal.net	
my.update-client-info.net	
hsbcverification.com	
hub-eire.com	
anpost.hub-eire.com	
returnprocessed.com	
totta.cliente-pt-reveja.com	
reminder-inv.ink	
bell-resolution.ca	
anpost-service-packages.com	
tinyurl.com/538e8yb9	
anpost-unpaid-customs.com	
payment-postcanada.com	
365online-support.com	
canadapost-mailbox.com	
telusmobilitysupport.info	
depotcrabanque.online	
depot-cra-banque.online	
cra-depot-automatique.online	
craautodeposit.online	
etinterac.depotcrabanque.online	
etinterac.depot-cra-banque.online	
etinterac.cra-depot-automatique.online	
etinterac.craautodeposit.online	
registerclaim.org	
numb1-onl2ref.com	
process-intrac.online	
billing-myprime.online	
saskrefservices.sk-6g3t9.com	
interac.assessment-ca.com	
canedapost.com	
ie-redeliveryservices.com	
anpostdeliverysupport.com	
cp-easypack.online	
depot.acces-enligne.online	
acces-enligne.online	
bmo-monservice-enligne.com	
prime.acces-enligne.online	
chasefraudalert.myvnc.com	
bchydrocredit.com	
secure-chasebank.com	
anpost-parcel-charge.com	
canadapostrescheduleparcel.ca	
post-canadahold.com	
bellls.top	
www.mytelushelp-mobility.quest	
canadapost1.ca	
transfer-0019121.com	
bellrefundcanada.myvnc.com	
rac-depot-ajc29djsn.online	
rac-auto-bd3fgvfs.online	
rac-deposit-babw26stwgs.online	
rac-secured-anxjsbx2vsh.online	
rac-gov-msmxbsjahxs.online	
online-refaht.online	
rac-qc-aulo.online	
inte.rac-swc-znzj27xbjas.online	
ref-telu.ca	
inte.rac-depot-ajc29djsn.online	
inte.rac-auto-bd3fgvfs.online	
inte.rac-deposit-babw26stwgs.online	
inte.rac-secured-anxjsbx2vsh.online	
inte.rac-gov-msmxbsjahxs.online	
inte.rac-qc-aulo.online	
rac-secu-qc.online	
inte.rac-secu-qc.online	
racauto-dep64gvhrf4.online	
inte.racauto-dep64gvhrf4.online	
rac-prtotect-hfdfxvdf.online	
inte.rac-prtotect-hfdfxvdf.online	
rac-trc-hgffh55dgd.online	
inte.rac-trc-hgffh55dgd.online	
rac-swc-znzj27xbjas.online	
service-inflation-rebate.online	
deliverypost-canada.com	
smartphone-overpay.com	
verification-rbc2.com	
client-lnteracservices.98c4r.com	
1nterac.top	
98c4r.com	
costumerservices-lnterac.98c4r.com	
etran-5771.info	
etran-57711.info	
cashback-2023.com	
review-authnticate-device.com	
refund-customerservices.com	
review-augovform.com	
ca-refundcenter.com	
fido-return-c.site	
helpontariotrillium.org	
ontariohelptrillium.org	
ontariotrilliumhelp.org	
nab-sec4.com	
commbanklogin-verify.com	
postescanadacourrier.com	
100001etr.ca	
service-rebate-inflation.online	
payment-canadapost.com	
housing-benefit.ca	
bell-transmit.ca	
195.189.99.19	
sh-tran-uncla.top	
unclaimedd-sh-depp.top	
inflation-rebate.online	
activate-applewallet.com	
e.transfer-atm.ca	
gst.cracadintera.online	
aupostform-reschedule.com	
support.cracadintera.online	
mytelus.pro	
telus.cadisbursement.com	
revenue.cracadintera.online	
claim.cracadintera.online	
activate-applehelp.com	
secure-track-post-packaging.net	
asb-nz-verify.top	
login.anz.au.commsecurebanking.com	
errortransferdepos.online	
canadapost-refund.com	
security-page.com	
login-access.online	
secur-access.online	
live-access.online	
customermobililty-center.com	
mybendigologin.support.au.commsecurebanking.com	
www-authentification-rbc-bank-rayol.life	
support-team.help	
authentication.0-td.com	
auth1.e-transfermybell.com	
globalonlinefunds.com	
postdeliverypackages.com	
servicemygov-aus.com	
parcel-servicefees.com	
anpost.parcel-servicefees.com	
anpost-onlinesupport-queries.com	
post-paymentservice.com	
moneymartpaid.ca	
cashback2023.com	
post-onlinepayservice.com	
ehealtcare.com	
ie-redelivery-portal.com	
postalservices-importfee.com	
postdeliveryalert.com	
etran-4989.info	
etran-49899.info	
anpost-deliver-depot.com	
anpostsupportcentre.com	
1001-loginwebca-trustclaimca.com	
inflation-rebat.online	
anpost-ie-release.com	
moblililtycarecenter.com	
mobllitysupportcenter.com	
mobllitycustomer-center.com	
mobilecharge-overpay.com	
cpcanada-govreschedule-ccm.com	
canadapost-pay.ca	
validationservice.info	
verification-rbc3.com	
ramq-remboursement.ca	
www.ramq-remboursement.ca	
important-info.ca	
canadapost.important-info.ca	
canodapost.com	
canada-posthold.com	
sh-depa-benef.top	
tdrestoreweb.online	
telus.mobilitydisbursement.com	
ib-nabaccess.com	
canapostservice.info	
online-info.site	
inquirynotice.ca	
candanpost.com	
canadapost.inquirynotice.ca	
telustransfer.com	
anpost-importduties.com	
interachstgst.com	
austpostal-portal.com	
rogersregister.org	
smart-depositmobile.com	
admin.rogersregister.org	
customer.rogersregister.org	
tsec519.life	
tmsec519.life	
tmisec519.life	
tminc5.top	
post-canadapayment.com	
auspostpackage-info.com	
tsec5.life	
tmsecured.life	
tmsec.life	
et-lnterac100webtrust.com	
tminc.life	
atb.updategst.com	
tmi51.top	
tinc519.life	
capost-online.com	
delivalertdhl.net	
tmi5.life	
tmi519.xyz	
tmisec5.life	
alert-anz-support.my.to	
www.mytelushelp-mobility.sbs	
etran-7123.info	
etran-71233.info	
errordeposnow.help	
overpay-mobile.com	
navyfederalcuchargeback.com	
www.mytelushelp-mobility.top	
sup1.navyfederalcuchargeback.com	
sup3.navyfederalcuchargeback.com	
sup2.navyfederalcuchargeback.com	
sup4.navyfederalcuchargeback.com	
sup5.navyfederalcuchargeback.com	
identity.auth.atb.client82.com	
return-fido-icrp.site	
reactivateacctd.online	
transfersfundsbenefit.com	
canada-postal.ca	
nelix-informations-update.com	
anz.block-alert.cc	
assistanceontariocitizens.org	
assistanceontariotrillium.org	
helpontarioresidents.org	
ontarioassistancetrillium.org	
ontariocitizensassistance.org	
ontarioresidentshelp.org	
ontariotrilliumassistance.org	
rbz09usect.com	
online-acces.link	
post-canadadelivery.com	
identity.auth.atb.client85.com	
return-processing.online	
www.mytelus-mobilityhelp.top	
reference-820113.com	
nabhelpdesk-online.com	
www.helptelus-mobility.top	
canadapostupdateservice.info	
canadapostupdateservice.ca	
canada-revenue-agencyincome.info	
member-executive-reward.ca	
access-executive-reward.ca	
manage-coupon-reward.ca	
se3cur1ity-page.online	
summaryaccount.online	
te3lus-center.online	
nab.hold968438.cfd	
bendigoverify-helpdesk.com	
packageship-help.online	
customer-depositapplication.com	
telus.mobilepayment-ca.com	
info-rbc.com	
info-rbc1.com	
executive-member-rewards.ca	
cs-rbcbank.com	
inflation-caq.me	
customer.notice-accounts.com	
rewardsmobility.live	
hydroqc.online	
my.update-income-portal.net	
review-my-account-services-gov.com	
amazonvalidation-office.info	
www.atb-members.online	
atb-members.online	
capost-inquiry23.com	
capost-inquiry2023.com	
capost-services.com	
post-canada-services.com	
itc-supportservices.com	
atbpersonalvisa.com	
scotlacanada-textaiert.com	
scotlaca-clientservices.com	
scotlaclient-aiertsca.com	
op-fi-palvelu.com	
form.authcostcorewards.com	
hub.authcostcorewards.com	
post-deliverypayservice.com	
kko88tgvn.xyz	
p90juio.xyz	
mhyyup5m7.xyz	
ji87hd67mq.xyz	
i87hjolp095.xyz	
hkiip0.xyz	
lnteract.kko88tgvn.xyz	
lnteract.p90juio.xyz	
lnteract.mhyyup5m7.xyz	
lnteract.ji87hd67mq.xyz	
lnteract.i87hjolp095.xyz	
lnteract.hkiip0.xyz	
parcel-servicefee.com	
anpost.parcel-servicefee.com	
fido-return-incrp.site	
anpost-pay-services.in	
anpost-pay-services.co	
postdeliveryorder.com	
ap.hold968438.cfd	
gov-uk-rebate.com	
inv-reminder.ink	
post-deliverypay.com	
op-fi-palvelu.net	
totta.cliente-pendente.com	
payservice-hub.com	
anpost.payservice-hub.com	
totta.pendente-cliente.com	
onlinebenefitscra.com	
votre-compte-prime.online	
votre-abonnement-prime.online	
compte-prime.online	
votre-forfait-prime.online	
rebat-fido.online	
climate-action-incentive.live	
anpost-postage-fee.com	
employementemt.info	
bconlinehydro.life	
post-paymentcanada.com	
remit-bell.ca	
anpostsupportdesk.com	
anpost-unpaid-delivery.com	
anpost-redelivery-ie.net	
prime-compte-facture.online	
deposerdesmaintenant.online	
gouv-etrnsfer.online	
tonargent-aujourdhui.online	
canada-post-trackingservices.com	
canada-postpackageservices.com	
canada-postparcelreschedule.com	
canada-postparceltracking.com	
support-teams.help	
auth08netflix.com	
redirect-to-web.com	
dataerror802.top	
dataerror519.top	
post-delivery-service.com	
cpost-ref.com	
www.bconlinehydro.life	
1nv-reminder.ink	
reimburse802.top	
reimburse519.top	
fundstransfersbenefits.com	
overcharge802.top	
fundstransfersbenefit.com	
dataref519.top	
billerrors519.top	
cadenapost.com	
authenticatetd.net	
applepay-veri.com	
overcharge519.top	
billerrors802.top	
dataref802.top	
myparcel-paymentmanager.com	
post-deliverycanada.com	
customerapplicationform.com	
forum-mymobililityaccount.com	
application-mymobililityaccount.com	
amazon.prime-updates.com	
bellmobiltyrefund.info	
healtcareto.com	
www.belltransfrs.com	
canada-post-ca-tracking-can.com	
tracking-canada-post-ca-can.com	
interactmycraref084219.com	
auspost-input.com	
www.ontariotrillium.online	
ontariotrillium.online	
candenpost.com	
post-canadareview.com	
smartphone-charge.com	
paymentpost-canada.com	
prime-enligne.online	
et-10001nteracca-webauth.com	
mon-prime-compte.online	
post-bell.ca	
etran-5104.info	
etran-51044.info	
dhl-deliverynotice.com	
dhl-delivery01.com	
et-10001auth-easywebca.com	
clientpostescanada.com	
bendigo-sec4.com	
bell.belltransfrs.com	
nabpayee-review.com	
elnetarc.com	
smart-phone-billback.com	
sup.belltransfrs.com	
wallet-update-ports.com	
gstassistance.info	
e.secure-deposit.ca	
support.belltransfrs.com	
app.authcostcorewards.com	
panel.authcostcorewards.com	
sup1.belltransfrs.com	
www-auth-rbcbank-online.xyz	
applepayuk.com	
contact.belltransfrs.com	
apple-pay-aus.com	
www-td-authentification-online.xyz	
costco.secure-deposit.ca	
easywebpage.ca	
contribution2021.info	
manage-payees-anz.com	
2023mobility-telus.com	
tranf-return.online	
aus-post-service.com	
cs-rbcbank4.com	
asbr56help.com	
monthly-interest-deductions-westpac.org	
rogersregister.com	
customer.rogersregister.com	
mobile.rogersregister.com	
commbnk-portal.com	
wholesale-benefits.net	
my.security-client-portal.net	
bell-remit.ca	
interac.acc-privatedetails.com	
interac.com.acc-privatedetails.com	
easyweblock.net	
postpayonline.com	
op-fi-palvelu.info	
aib-onlineupdateservice.com	
centrelink-services-mygov.org	
costcorewardscenter.com	
app.costcorewardscenter.com	
form.costcorewardscenter.com	
panel.costcorewardscenter.com	
parcelservices-eire.com	
anpost.parcelservices-eire.com	
secure-live-portal-nabassist.com	
standardbank.hold968438.cfd	
secure-id3821.com	
redelivery-tracking-ie.com	
hse-online-support.com	
mobianpostfee.com	
anpost.myparcel-progress.com	
anpost-delivery-depot.com	
rebate-rgrs.online	
track-canadaposte.com	
easywebpagelink.ca	
feeanpostmobile.com	
parcel-postcanada.com	
track-postecanada.com	
totta.pt-pendente.com	
package-feeduty.com	
fido-rebate.site	
s-antander-on.line.pm	
www.s-antanderservice.line.pm/sa	
s-antanderservice.line.pm	
www.s-antanderservice.line.pm	
bell-transmits.ca	
s-antsalert.line.pm	
totta.pt-reveja.com	
mobil.costcorewardscenter.com	
alert-s.antander.line.pm	
int3rac.online	
verify.san.line.pm	
en1canadapost.com	
hse.medical-ie.com	
myfees-paymentservice.com	
etran.sfer-clientid0972.com	
lnterac.e.tran.sfer-clientid0972.com	
lnterac.etran.sfer-clientid0972.com	
lnterac.tran.sfer-clientid0972.com	
retour-votreimpot.online	
deposervotre-argentaujourdui.online	
argent-retourdevosfonds.online	
verify-postdelivery.com	
retourde-vosfonds.online	
etransf-info.website	
anpostcustomerservice.com	
check-online-service.com	
s-antan-line.com	
anpost.delivery-ie353.com	
ca-auth-postcp1.com	
benefitsgvtransfert.com	
govprivatepass.life	
www.govprivatepass.life	
confirm-details-client93737.com	
nbc.confirm-details-client93737.com	
bnc.confirm-details-client93737.com	
11101e-tr.ca	
importfee-postservice.com	
anpost-importduty.com	
canadasgst.ca	
eng1canadaposte.com	
customsirishfees.com	
carrier-billback.com	
gstcanhelp.live	
bmo-refund.info	
engcandapost.com	
etltrasc.com	
anpost-unpaid-parcel.com	
smart-overpay-mobile.com	
intrsc00income.net	
phonebill-overpayback.com	
trans-return.online	
inflation-myservice-ca-rebate.online	
update.assessment-notice.com	
client.assessment-notice.com	
secure-online-bankingau.com	
wellsfargo.universalhealing.org	
servicegv-canada-rebate.online	
interac.assessment-notice.com	
sicher-lieferung.at	
canadapostupdatedelivery.ca	
www.e-transfer.cloud	
canadapostpay.ca	
postecan.com	
federalfundtransfers.com	
federalfundstransfers.com	
auspostals-update.com	
correction.assessment-notice.com	
eng1postcanada.com	
assaistance-relief.online	
2022.assessment-notice.com	
heathcareto.com	
account-billingerror.com	
carriererrorbill.com	
billcarriererror.com	
www.td-reset.com	
ammountrefund.com	
ie-anpost-services.online	
service-crabenefits.com	
refundbilling-ammount.com	
account.cad-assessment.com	
canada-posttracking.com	
transfer-notification.com	
customer.prime-accounts.com	
client.prime-accounts.com	
gc-cradepositca.info	
aus-post-package-info.com	
postcann.online	
trackingparcel.online	
track-order.ca	
t3lus-s3ecurity.online	
t3lus-info.online	
arccra-interac.ca	
te3lus-paymentt.online	
desj-verification.online	
easyweb.wiki	
employementemtca.online	
mobility-overage.com	
linked-services-login-gov.org	
mypackagecanada.com	
ca-packagedelivery-0039881.com	
ca-reschedulepackage-7736694.com	
ca-reschedulepackage-7736691.com	
ca-packageupdate-8879574.com	
ca-packageupdate-8879571.com	
ca-deliverypackage-0387742.com	
ca-deliverypackage-0387741.com	
ca-packageupdates-3285482.com	
ca-packageupdates-3285481.com	
ca-deliveryparcel-3929901.com	
ca-deliveryparcel-3929903.com	
ca-packagesupdate-0039874.com	
ca-packagesupdate-0039871.com	
ca-reschedulepackage-848701.com	
ca-reschedulepackage-848700.com	
ca-updatesparcel-188281.com	
ca-updatesparcel-188280.com	
ca-packageupdates-0039841.com	
ca-packageupdates-0039840.com	
ca-packagedelivery-0039884.com	
aide-desj.online	
verification-desj.online	
verification-canpst.online	
portal-rbc.online	
portal-rbc.site	
rbc-portal.online	
rbc-portal.site	
contravention-parking7.city	
verify-applewallet.com	
my.income-secure-portal.net	
atbfinancialauth.com	
personal-atbauth.com	
personalvisa-atb.com	
tx-dt.live	
interac.com.tx-dt.live	
ssl-url.live	
interac.com.ssl-url.live	
sl-et.live	
interac.com.sl-et.live	
sh-ttl.live	
interac.com.sh-ttl.live	
et-vrf.live	
interac.com.et-vrf.live	
cfm-tl.live	
acc-dpt.live	
interac.com.acc-dpt.live	
interac.com.cfm-tl.live	
desj-verification.site	
verification-desj.site	
ship-help-canpst.site	
customer-centerlink-login.org	
help-canpst.site	
anpost-fee-ie.online	
ac-cradeposit.space	
recovery-royal-account.site	
heipotbenef.ca	
recovery-dominion-account.site	
customs-onlinefee.com	
mycracontribution2022.info	
anpost-customs-service.com	
in-10010etr.info	
postchargeonline.com	
anpost-onlinequeries-security.com	
agissez-maintenant2938.online	
refundon2938.online	
365-securityupdate.com	
retour-02938.online	
prime-votre-compte.online	
prime-votre-facture.online	
anpost.myfee-paymentservices.com	
assisstance-relief.site	
climat-inecentiv01s.site	
postdeliveryportal.com	
mobile.netregister.top	
1001-enterclaimca-canadaweb-1.com	
desj-verification.xyz	
verification-desj.xyz	
recovery-dominion-account.xyz	
recovery-royal-account.xyz	
help-canpst.xyz	
ship-help-canpst.xyz	
relief-funds.ca	
engpostecanada.com	
authenticatetdweb.net	
anpost-serivces.com	
lnte-depmobile.xyz	
postdeliveryfee.com	
lnterac-mobile-deposit.cc	
home-heat.info	
infractions-parkings9.city	
postalclients.com	
asbhelpdesk-online.com	
poste-canada113.com	
infractions-parkings6.city	
deliverysupport-canadapost-package.com	
personal-link-9383.com	
payment.belltransfrs.com	
myparcel-canadapost.online	
pay1.belltransfrs.com	
interac-craarc.ca	
delivery-adjustment.ca	
smartoverpay.com	
route-bell.ca	
ac-bank-selectioncad.pw	
ac-bank-selection-cad.pw	
ac-bank-selection.pw	
ac-bankdeposit.pw	
ac-bank-deposit.pw	
ac-craautodeposit.pw	
ac-govautodeposit.pw	
ac-autodepositgov.pw	
ac-bankselection.pw	
ac-bankselectioncad.pw	
cm-rbc.com	
ac-cradeposit.pw	
ac-depositcra.pw	
ac-depositgov.pw	
ac-govdeposit.pw	
ac-autodepositcra.pw	
executive-rewards-coupon.ca	
executive-member-rewards-coupon.ca	
client-executive-reward.ca	
customer-executive-reward.ca	
tx-entitled-period.info	
tdwebeasyweb.ca	
updatedeliverycanadapost-en.ca	
interacetransfcanada1.com	
unsettled-contravention9.city	
t3lus-tr1an5fer.top	
1int3rac-tr1ansfer.top	
1int3rac-tr1ansfer.shop	
te9lus-cent5er.top	
te0lus-clie7nt.shop	
te9lus-he2lp.shop	
t5elus-in1fo.shop	
te2lus-inte9rac.top	
te2lus-tran6fer.top	
etlnter.ac-bank-selectioncad.pw	
www.help-mobilenetwork.live	
etlnter.ac-bank-selection.pw	
etlnter.ac-bankdeposit.pw	
etlnter.ac-bank-deposit.pw	
etlnter.ac-craautodeposit.pw	
etlnter.ac-govautodeposit.pw	
etlnter.ac-autodepositgov.pw	
etlnter.ac-bankselection.pw	
postecanada-qc.ca	
etlnter.ac-bankselectioncad.pw	
etlnter.ac-cradeposit.pw	
etlnter.ac-depositcra.pw	
etlnter.ac-depositgov.pw	
etlnter.ac-govdeposit.pw	
etlnter.ac-autodepositcra.pw	
delivery-release.ca	
etlnter.ac-bank-selection-cad.pw	
contact.bellcontactus.com	
payments.bellcontactus.com	
secure-aupost.com	
interac.cad-assessment.online	
interac.canadareassessment.com	
ama-r3f.com	
00000e-tr.ca	
mobileoverpay.com	
telusreclaimadmin.online	
smart-billback.com	
telus.datareturnca.com	
teius.datareturn.com	
auspost-updatedetails.com	
e-transfer.agency	
identity.auth.atb.client65.com	
relay-bell.ca	
canadagovpayment.org	
charlottetown-parkingtickets.com	
centerlink-helpcenter-login.org	
interact-login.com	
365online-security.com	
postdeliveryupdate.com	
servicecadpost.info	
votre-facture-prime.online	
votre-bilan-prime.online	
standardbank.hold-675846.help	
my.client-update-info.net	
billreimbursement.com	
deliveries-payment.com	
anpostonlinesupport.com	
secured365banking.com	
postdeliverypackagefee.com	
boi365-onlinequeries.com	
canadas-revenue-agencylive-pgov5.com	
votre-paiement-prime.online	
parcelpostcanada.com	
hsemobile-test.com	
votre-paiement-prime.website	
amazon.votre-paiement-prime.website	
votre-bilan-prime.website	
amazon.votre-bilan-prime.website	
votre-facture-prime.website	
amazon.votre-facture-prime.website	
track.parcelpostcanada.com	
albertaplan.life	
canadapost.submitdetails.ca	
submitdetails.ca	
refundnumber2938.link	
vosimpots-retour.club	
n-flix-account-renew.site	
postcanverification.com	
e0000tr.info	
interac-arc.com	
check-online-365.com	
1amazonprime.com	
boi365-queriesonline.com	
www.ee-hold.org	
www.uberglobal.info	
anpostcustomscharge.com	
ee-hold.org	
myparcelca-canadapost.online	
onlineredirectcra.com	
benefitscraonline.com	
smart-overpay.com	
canadapost-delay.com	
rgr-return-inc.site	
cradirectdeposit.com	
redirectdeposit.com	
auspostals-portals.com	
inflationreliefprogram.albertagov.ca	
smartoverpaymobile.com	
vosimpotsmaintenant.link	
deposervosimpots.link	
can8adapost-pa4ge.shop	
can8adapost-pa4rcel.top	
can2adapost1-clie2nt.top	
clie2nt-spac3e.shop	
te7lus-pa1ge.top	
te5lus-accoun4t.top	
mymobleblllstatementupdate.com	
mystatementupdate.com	
manage-anztrasaction.online	
myblllstatementupdate.com	
assistance-relief.site	
cra-refund.life	
postcadinfos.click	
suncorp-sec4.com	
myblllupdate.com	
online-add-review.com	
reschedule-delivery-cp.com	
smartpayback-bill.com	
mypost-assistance-au.com	
transfer.bellcontactus.com	
bell-mobilecorrectionsgcanada5.com	
postcan01101.com	
customer.bellcontactus.com	
banking.bellcontactus.com	
cra0funds0gov.online	
finance.bellcontactus.com	
trillium.benefit-en.ca	
greeneasyweb.com	
aust-postals.com	
portal-scotia.site	
scotia-portal.online	
scotia-portal.site	
portal-scotia.online	
posetscana.com	
inv-refbk.ink	
inkecoverbanks1.ink	
my.secure-income-protect.net	
ac-smsdeposit.pw	
ac-sms-deposit.pw	
ac-depositsms.pw	
ac-depositcad.pw	
ac-deposit-cad.pw	
ac-deposit-sms.pw	
an.post-iesupport.com	
mobianpostfeescustoms.com	
www.ee-application.com	
ee-application.com	
auth-gra2023.me	
anpost-onlinedeliverys.com	
compte-prime.website	
customsan-postfee.com	
amazon.compte-prime.website	
abonnement-prime.website	
amazon.abonnement-prime.website	
facture-prime.website	
amazon.facture-prime.website	
bilan-prime.website	
amazon.bilan-prime.website	
canadapost-rebate.com	
ee-holds.org	
bmo-secureyou.com	
anpost.taxed-imports.com	
latest-covid19-pcr.com	
post-receive-id3452.com	
revert-bell.ca	
royalcustom-service.com	
1001-claimdeposit-canadawebca.com	
cpost-deliverynotice.com	
reach-bc-deli.top	
canadapost-deliveryreview.online	
www-rbci-online-authen.xyz	
contravention416.city	
smartsecuredeposit.com	
e00011tr.info	
anposts.tax-settlements.com	
boi365-online-queries.com	
my.client-income-update.net	
my.update-info-income.net	
anpostparcelsupport.com	
rev-secureinfo.com	
mygovato.info	
interactrefmycra0412834.com	
customs-euanpost.com	
home-heatincentive.info	
yourparcell-ready1.store	
scotlatext-aiertsca.com	
scotlaphone-aierts.com	
scotlaonline-aiertsca.com	
int-emt.live	
digital-transferform.rsvp	
globaltdfunds.ca	
cad-postal.com	
post-receive-id102.com	
lertrec.com	
smartmydeposit.com	
billingcarrie03.com	
confirmrevmobionline.com	
inv-emtbk.ink	
client-bell.ca	
refund.bellcontactus.com	
support.bellcontactus.com	
interac.bellcontactus.com	
reference-91010.com	
return.bellcontactus.com	
www.rbc-members.online	
rbc-members.online	
postcandelivery.ca	
coverage.bellcontactus.com	
auspost-trackitem.run.place	
reference-991001.com	
ret-etltarc.com	
bell-client.com	
interac.reassessmentupdate.com	
cra.reassessmentupdate.com	
reassessmentupdate.com	
austposts-update.com	
member-rewards-coupons.ca	
canadaagencyrevenue352.com	
tel-admindepcanada.online	
cpcanada-deliveryintel247ca-gov.com	
www.lnterc.com	
royalerbcbank.com	
auspost-reschedule.com	
boa-secureauth.com	
incomecra00canada.net	
update.update.reassessmentupdate.com	
update.reassessmentupdate.com	
phone-billtransaction.com	
cra.assessmentupdates.com	
members-rewards.ca	
avoid-feesauspo.com	
serviceontario-refund.ca	
ca-reassessment.com	
customerblllingupdate.com	
id-commverification.com	
t3lm0b.in	
agencyrevenuecanada-interacsecure.ca	
centerlink-assistance-mygov.org	
cra-deposit-interac.ca	
aus-applewallet.com	
rgr-returns-crp.site	
ca1na1da1p05st.top	
ca1na1da1p05st-pa1ge.top	
ca1na1da1p05st-r3eshcedu1le3.top	
ca1na1da1p05st-s3c3uri1ty.top	
ca1nada1p0s5t-pa1rcel.store	
canpost.top	
centrelink-services-gov.com	
bell-1dep23.ddns.net	
o2-hold.org	
my.update-user-info.net	
servcanrebates.com	
my.user-portal-secure.net	
metamask-support-team.com	
serv-gst386.com	
anpostdeliverytax.com	
anpost-services-roi.com	
postpayservice.com	
pcr-covid19testing.com	
postpackagedeliveryfee.com	
parcelservices-ie.com	
anpost.parcelservices-ie.com	
ccgcr2023.online	
auth-mygovtto.info	
secure45s-intraca.online	
anpost-parcelduty.com	
postservicedeliveryfee.com	
1001-claimdeposit-canadaweb1.com	
cppostes-intel247-gov.com	
etlnter.ac-smsdeposit.pw	
etlnter.ac-sms-deposit.pw	
etlnter.ac-depositsms.pw	
etlnter.ac-depositcad.pw	
etlnter.ac-deposit-cad.pw	
etlnter.ac-deposit-sms.pw	
netflix.pay-method.com	
anpost-package-services.com	
anpost.shipment-tax.com	
canadapost.reschedule-fee.ca	
canadapost.payments-en.ca	
canadapost.parcel-notice.ca	
onetimepmt.live	
ie-redeliveryservice.com	
assistance-relief.online	
boi365onlinequeries.com	
confirm-apple-wallet.com	
annual-coupon-wholesale2023.ca	
anpostcourierservices.com	
deliveryservicefee.com	
anpost-parcel-clearance.com	
latest-anpostchargeonline.com	
secure-365banking.com	
mt3lca.in	
365online-account.com	
amazon.method-secured.com	
reshedule-myshipment.com	
my-blllupdates.com	
crtc-identitytelus.com	
myphone-billoverpay.com	
restore-pass.com	
lnstagram-batiouts.com	
lnstagram-trendingbatiouts.com	
ac-cadsms.pw	
anpost-support.com	
etlnter.ac-cadsms.pw	
etlnter.ac-cad-sms.pw	
ac-cad-sms.pw	
directcrabenefits.com	
crabenefitservice.com	
catr4nsfr.com	
myblllingupdate.com	
transitinfoalerts.ca	
telus.pay-method.com	
uberverifiacc.com	
et-100interactrust-authwebca.com	
telus.mobility-payment.com	
audeliverypost.com	
mobiupsonline.com	
securedrbcroyalbank.com	
etransfer.interac.client82.com	
prime-member.live	
mca1ls.in	
canadasupp0rt.cloud	
onlinetdglobal.com	
costco-reward-coupon.ca	
costco-executive-member-reward.ca	
manage-reward.ca	
invemtbk01.ink	
myrefund-update.com	
direct-deposit-canada.website	
lnterac.direct-deposit-canada.website	
crainteracdepositf.info	
auth0rogers.com	
www.auth0rogers.com	
bcc-shipme-parcel.top	
tax-perquisites.com	
login-bell.net	
mygov-account-aus.com	
commb-new-update.com	
smartpaymentsfast.com	
bc-can-pos.top	
fido-rebate-icc.site	
mygov-updates.com	
bendigo-sec5.com	
mygov-update-register.com	
securebnz.xyz	
postecanad.com	
labhost.ru	
tvpssaaq.com	
lntersh.xyz	
rgr-return-crp.site	
canada-en-services.online	
visitusctn.com	
my.user-info-update.net	
telus.returnadminca.com	
ing.australiaeast.cloudapp.azure.com	
authenticatlon-td.com	
authentificat2on-tdi.com	
authentificat2on-tld.com	
authentificat2on-tandd.com	
mobilefee-anpost.com	
telus.adminreturncentre.com	
ing-au.ddns.net	
tel-helpca.online	
caq-social.me	
telusreturnemt.com	
cadeautelus.online	
onlinebanq.xyz	
mycomm-dashboard-verify-helpdesk.com	
ac-cad-deposit.pw	
ac-autodeposit.pw	
ac-smsautodeposit.pw	
ac-sms-autodeposit.pw	
ac-autodepositsms.pw	
ac-autodeposit-sms.pw	
ac-autodeposit-cad.pw	
ac-autodepositcad.pw	
ac-cad-autodeposit.pw	
ac-cadautodeposit.pw	
etlnter.ac-cad-deposit.pw	
etlnter.ac-autodeposit.pw	
etlnter.ac-smsautodeposit.pw	
etlnter.ac-sms-autodeposit.pw	
etlnter.ac-autodepositsms.pw	
etlnter.ac-autodeposit-sms.pw	
etlnter.ac-autodeposit-cad.pw	
etlnter.ac-autodepositcad.pw	
etlnter.ac-cadautodeposit.pw	
etlnter.ac-cad-autodeposit.pw	
interac.cadreassessment.com	
interac.com.et-sh.live	
et-sh.live	
et-ttl.live	
interac.com.et-ttl.live	
rfd-sc.live	
interac.com.rfd-sc.live	
sc-rtn.live	
interac.com.sc-rtn.live	
sec-dp.live	
interac.com.sec-dp.live	
sh-vrf.live	
interac.com.sh-vrf.live	
sl-dp.live	
interac.com.sl-dp.live	
sl-url.live	
interac.com.sl-url.live	
ssl-ur.live	
interac.com.ssl-ur.live	
tl-drt.live	
interac.com.tl-drt.live	
url-sl.live	
interac.com.url-sl.live	
cadreassessment.com	
post-servicepay.com	
www.etransfer-5881.com	
ref-bc.online	
boisecure-online.com	
ontariotribenefit.life	
www.ontariotribenefit.life	
feepostdeliveryservice.com	
ac-ak92smanxnws.pw	
etlnter.ac-ak92smanxnws.pw	
ac-gov-a2js35k6m.pw	
etlnter.ac-gov-a2js35k6m.pw	
ac-gov-a1i31jsk3k4.pw	
etlnter.ac-gov-a1i31jsk3k4.pw	
ac-gov-mkd2hs3hs2jns.pw	
etlnter.ac-gov-mkd2hs3hs2jns.pw	
ac-gov-msw2mqfsm7l.pw	
etlnter.ac-gov-msw2mqfsm7l.pw	
ac-gov-pqc3k5s9j3.pw	
etlnter.ac-gov-pqc3k5s9j3.pw	
onlinecustomsfee-support.com	
www-authe-my-rbc-account.xyz	
crtc-identitytelus.serveirc.com	
parcelwavein.com	
ca-post-update.com	
autoscout-poste.click	
canadapost1.com	
parcelservice-ireland.com	
anpost.parcelservice-ireland.com	
amazoncanservices.com	
prime.amazoncanservices.com	
app.1costcowholesale.com	
1costcowholesale.com	
suncorp.systemsafe.com.au	
rev-securityupdate.com	
accweb.mouv.desjardins.168549.com	
auspost-track.systemsafe.com.au	
agenciesthe.com	
an-postdelivery-fee.com	
subagences.com	
canadapost-supports.com	
anpost-test-service.com	
covid19-pcr-testing.com	
hse-teskit-delivery.com	
payparcel-importfee.com	
refundprogramcabellmobility.com	
billreview-overpay.com	
postdeliveryonlinefee.com	
accept-interac.xyz	
resched-bccan.top	
rbcanada.life	
www.rbcanada.life	
yearlymobil-bill.com	
emt.yearlymobil-bill.com	
authorizationtd.net	
refund.yearlymobil-bill.com	
mobility.yearlymobil-bill.com	
postdeliveryfeeservice.com	
1001-claimrefund-trustwebca.com	
boi365queriesonline.com	
prime-facture.website	
amazon.prime-facture.website	
cad-poste-inq.com	
cadpost2022.com	
canada-deliveries.com	
reshed-mycpcad.top	
instagram.drawoutsdaily.com	
cra.canada-assessments.com	
cra.updateassessment.com	
parceipostcanada.com	
info-postcanadaparcel.com	
shipp-can-bc.top	
anpostcourierfee.com	
scotlaca-mobilenotifications.com	
scotlamobile-clientaierts.com	
scotlaclient-updatesca.com	
etransfer-5881.com	
canada-cr-service.online	
accept-interac.com	
bell-return.com	
can-bc-parce.top	
reshed-ont-cpcad.top	
1nt3rac-e2tr3nsfer3.top	
1nt3rac2tranfer3.top	
int3rac2tr3nsfer3.top	
se1nt3rac2tr3nsfe.top	
se1nt3rac2tr3nsfer.top	
se1nt3rac2tr3nsfer1.top	
redeem-executive-reward.ca	
postsoffices.com	
socautqc.com	
canadapostal1.ca	
onlinefeddeposit.com	
onlinecrabenefits.com	
craonlinedigital.com	
onlinefundsdeposit.com	
toronto-contravention1.city	
canadapostupdatedelivery-en.ca	
facturation-prime.website	
amazon.facturation-prime.website	
ausposdistributioncenter.com	
my-reward.ca	
reward-executive-member.ca	
cana-ost.top	
members-executive-rewards.ca	
client-reward.ca	
members-wholesale-reward.ca	
commbnkaus.com	
updatebill-ca.com	
100interacweb-et-trustca.com	
depositoverpay.com	
connection-prime.website	
amazon.connection-prime.website	
releve-prime.website	
amazon.releve-prime.website	
ont-trillum.life	
www.ont-trillum.life	
saaq-remboursement.ca	
www.saaq-remboursement.ca	
canada-transfer.info	
return-rgr-org.site	
lhv-vnak.hopto.org	
0n-bnft.info	
canadapostserviceupdate.com	
canadapostupdatemailingaddress.com	
canadapostupdates.ca	
canadapostupdateshippingaddress.com	
aus-postpackage-servis.com	
suncorp-metway.ddns.net	
interac-transfers.online	
nzpostrhelp.com	
cra.reassessment-canada.com	
cost.rewards-member4142.info	
www.rewards-member4142.info	
reassessment-canada.com	
cra.canada-reassessment.com	
visitmyapple-services.com	
last-covid19-pcr-test.com	
canada-recharge.icu	
amazon.resetdetails.com	
accweb-mouv-desjardin.online	
canadapost-verification.online	
protected-space.site	
netflixcad.top	
inflation-qc-ca.online	
abonnement-mobile.online	
manage-anzdirectdebit.info	
e-transfer.co	
westpacprotect.ddns.net	
my.cancel-pay-online.net	
ac-deposit.website	
acdeposit.website	
ac-depositcad.website	
etlnter.ac-deposit.website	
etlnter.acdeposit.website	
etlnter.ac-depositcad.website	
anpost-onlinecustoms.com	
trackparcel-eire.com	
anpost.trackparcel-eire.com	
cba-alert.ddns.net	
anpost-package-support.com	
netcode-alert.ddns.net	
postservicepay.com	
ca-auth1-postcp.com	
atpost.online	
resolution-centre-secure-id73.com	
anpost-parcel-pay.com	
op.fi-avain.net	
aib-newupdatedservice.com	
anpost-customs-roi.com	
anpostonlinequeries.com	
norfconnect247governbot.com	
reference-27200-saaq.com	
customs-anpost-ireland.com	
secure-desposit.com	
accept.secure-desposit.com	
291772-saaq.com	
vr-de.net	
39381-saaq.com	
intrc.maccin.ca	
amzn.maccin.net	
rewards-member4142.info	
bc-postal-can.top	
anpostpackagedeliveryfee.com	
customitemparcelfee.com	
facture-bilan-prime.website	
amazon.facture-bilan-prime.website	
facture-abonnement-prime.website	
amazon.facture-abonnement-prime.website	
facture-compte-prime.website	
amazon.facture-compte-prime.website	
e-transfer.cyou	
clientsupportscenters.com	
ontatribenef.online	
www.ontatribenef.online	
m0bilitysupp0rtservice.online	
assistance-deposit.online	
cost.member-rewards4124.info	
www.member-rewards4124.info	
telus-facture.website	
authorizetd.net	
rev-secure-ie.com	
redev-canadapost.ca	
scoaccesscard-resolvement247.online	
facture-mobile.website	
telus.facture-mobile.website	
bilan-mobile.website	
telus.bilan-mobile.website	
abonnement-mobile.website	
telus.abonnement-mobile.website	
cra.reassessment-cad.com	
reassessment-cad.com	
cra.reassessment-ca.com	
reassessment-ca.com	
1001-loginclaimca-canadaweb.com	
reference-66101.com	
ca-clientretruncenter.com	
scocardaccess-resolvement247.com	
cashback-return-2023.com	
etransferdirect.com	
directonlinegov.com	
bellqc-rabais.com	
authentication-service.online	
ontrillben.com	
secured-rbc.com	
atb.548534.com	
customparcelfee.com	
depositinternetfund.com	
secure.depositinternetfund.com	
etrans.depositinternetfund.com	
recoveryreliefcanada.ca	
customsfee-importhub.com	
id09388-packageupdate.com	
details-interac.com	
cpppayments.ca	
customervaluesbonus.net	
scotia-center.link	
scotia-help.click	
scotia-help.link	
scotia-support.click	
www.customshelp.tech	
scotia-support.cyou	
id88272-packageupdate.com	
scotia-support.link	
scotia-support.website	
scotia-online.website	
postcanadadelai.ca	
crabenefit.online	
www.crabenefit.online	
smartbilldeposit.com	
rogers-interac-refund.com	
www.telrefmob.com	
postescanadaclient.com	
tdmobileweb.com	
canad-postt-bc.top	
www.mobilitybensupport.online	
ca-molbilityretruncenter.com	
referrencerefs-117451147.top	
mytelus.accesspay-id.com	
rogersoffre.online	
safemobilitydeposit.com	
acces.help	
securelink-etrans.com	
deposit.securelink-etrans.com	
ln-trac.cc	
lntareca.com	
id87733-parcelupdates.com	
id88721-parcelupdates.com	
saaqctvps.com	
www.canada-recharge.icu	
secmobil-deptcr.xyz	
members-reward-executive.ca	
members-coupon-executive-reward.ca	
executive-members-rewards.ca	
member-reward-online.ca	
post3ca-112ta.ddns.net	
etrans-securelink.com	
emt.etrans-securelink.com	
deposit.etrans-securelink.com	
scotia-help.website	
et-lntarec-secure.cc	
canadapost.pro	
link-secureetrans.com	
deposit.link-secureetrans.com	
secure.link-secureetrans.com	
lnflation-caq.me	
customer-login-access-bendigo.org	
amzprimehelp.com	
login-customer-account-suncorp.org	
canada-ar-services.online	
delivery-reschedule.ca	
caxplgo.com	
etrans-depositlinksec.com	
deposit.etrans-depositlinksec.com	
secure.etrans-depositlinksec.com	
review-nzpost.com	
www.caxplgo.com	
rogers-billing.link	
rogers-refundnotice.com	
applepaywallets.com	
applepay-restriction.info	
www.cagovportal1.info	
et-sl.info	
interac.com.et-sl.info	
sc-otia-help.link	
sc-otia-help1.link	
sc-otia-help2.link	
sc-otia-help3.link	
sc-otia-help4.link	
sc-otia-help5.link	
sc-otia-help6.link	
sc-otia-help7.link	
securebnz.info	
linked-services-centrelink-gov.org	
anpostcourierfees.com	
alerts-suncorp.emrg.com.au	
cityhall-tickets91.city	
scotia-resetlivescv-canada.com	
portparcelcustomfee.com	
hse-teskits-online.com	
anpost-deliveryqueries.com	
covid19-pcr-test3.com	
telus.accessid-bill.com	
anpost-shippedpackagefee.com	
securerequest.info	
ca-administrationcenter.com	
applepay-contact.com	
secure.depositlink-etranssec.com	
emt.depositlink-etranssec.com	
depositlink-etranssec.com	
portcustomfeeparcel.com	
royalbcheck.com	
fido-return-m.site	
id.depositidsecure-transfer.com	
tls.depositidsecure-transfer.com	
depositidsecure-transfer.com	
confirmapp-request.com	
canada.post-en.com	
secure04s-c1aim.online	
canadapost.delivery-hold.ca	
canadapost.schedule-fee.ca	
depositemtfunds.com	
1001-claimetransfer1-webcad.com	
craarc-interac.com	
ssl-dp.live	
interac.com.ssl.dp.live	
recover-applewallet.com	
interac.com.ssl-dp.live	
bnz-netguard.ddns.net	
www.updtinfnetlx.com	
city-contravention1.city	
ca-services-ra.online	
mytdonline.com	
poste-canada2023.com	
et-2r9hvkptz8vg4b-interactonline.ca	
votre-facture.website	
amazon.votre-facture.website	
votre-bilan.website	
amazon.votre-bilan.website	
votre-forfait.website	
amazon.votre-forfait.website	
votre-compte.website	
amazon.votre-compte.website	
boalnfoverify.com	
post1ca-42fa.ddns.net	
transfer.support	
tdcanada.center	
telusrefund1int3rat3ansfer.top	
telusrefunds1int3rat3ansfer.top	
web1nt3rac-2tr3nsfer32.top	
rogers-mobilebill.com	
amazonprime.bc-accounts.com	
amazon.bc-accounts.com	
prime.bc-accounts.com	
update.bc-accounts.com	
bc-accounts.com	
assistance-deposit.site	
amazonbillingsupports.com	
bchydro.canadareassessments.com	
www.crfgvlx.com	
canadareassessments.com	
hydrobc.canadareassessments.com	
pendingdepost.info	
bc-hydro.canadareassessments.com	
telus-canada.com	
hydro-bc.canadareassessments.com	
rogersca.com	
member-rewards4124.info	
activateapponline.com	
auspost-serviceupdate.com	
bendigo-mobile-au.com	
servicesdouaniers-canadapost.com	
caq-lnflation.net	
ceba-netcode.ddns.net	
my.client-portal-page.com	
feeanpostmobi.com	
canadapostdeliverysupport.com	
feesmobileanpost.com	
ceba-alert.ddns.net	
op-fi-avain.co	
anpostonline.com	
metamask.rf82728.cfd	
transfer-99014.com	
verifywebaccount.com	
bellsupport.co	
portfeecustomdelivery.com	
postecp-reschedule247-gov.com	
post-shippedpackagefee.com	
applepay.ddns.net	
etran-0277.info	
etran-02777.info	
co-op-verify.com	
hse-order-teskits.com	
xzya91.com	
ups01-23.com	
canadapostdeliverytimes.ca	
returnsaaq.top	
direct.returnsaaq.top	
client.returnsaaq.top	
qc.returnsaaq.top	
saaqreturn.top	
direct.saaqreturn.top	
client.saaqreturn.top	
qc.saaqreturn.top	
assessmentsca.com	
hydro.assessmentsca.com	
bc-hydro.assessmentsca.com	
hydro-bc.assessmentsca.com	
postc-delivery.com	
canadapostservice01.com	
cp-refund-process.net	
postca-ref.com	
prime-account.pw	
etran-04497.online	
sco01-23.com	
hydro.assessmentnotify.com	
bc-hydro.assessmentnotify.com	
net-support.xyz	
canadapostservices.ca	
invemtbk02.ink	
1001-logindeposit-canadaweb01.com	
albertaclaim.online	
auspostals-info.com	
return-fido-mb.site	
parcelfeecustomdelivery.com	
canadapost.parcel-error.ca	
ostchelp.com	
icbc-consumer-rebate.com	
poste-schedule.com	
e3tran5-secur2link.com	
deposit-link.e3tran5-secur2link.com	
deposit.e3tran5-secur2link.com	
incetransf-return.com	
bendigobank.ddns.net	
telusconsulting.com	
status-bendigobank.ddns.net	
1001-deposit-govcanadaweb.com	
netflixaccountverify.info	
etran-0341.info	
etran-03411.info	
hydro-bc.assessmentnotify.com	
invemtbk03.ink	
inflationsbenefit.online	
amznticketcenter.org	
mobiliterogers.com	
rogersmobilite.ca	
rogersmobilite.com	
www.tx-intrac1.info	
fid0campaign.ca	
0000e-tr.info	
mypost-alerts.myddns.me	
govprivatelo.life	
www.www.govprivatelo.life	
www.govprivatelo.life	
bell34sup1.ddns.net	
m.paymyshipment.com	
deposit.ca-administrationcenter.com	
revenu.quebec.confirm-details-client93737.com	
revenu.qc.confirm-details-client93737.com	
nbggr-gr.com	
atpostpaket.com	
atpost.info	
covid19-pcr-test2.com	
commbank.mait.net.au	
ind.ptactivo.com	
ptactivo.com	
postca-process.com	
aff-1livingcost.info	
shippedpackagefee.com	
etran-6336.info	
etran-63366.info	
seguro-imagin.com	
intrc.maccin.net	
canadapostservice08.com	
rewardcost.co	
transfer-48882.com	
anpost-shippedpackage.com	
nztring.chickenkiller.com	
et-interac1001-canadatrustweb.com	
rogers-interac-deposit.ca	
server02idashbaord.org	
bell.pay-idbill.com	
instagram.onlinedrawouts.com	
hs-authenticator.com	
raiff-veri.click	
rbcroyal-banking.com	
hydro-bc.assessmentca.com	
bc-hydro.assessmentca.com	
hydro.assessmentca.com	
info-parceipostcanada.com	
hydro-bc.assessmentscad.com	
bc-hydro.assessmentscad.com	
hydro.assessmentscad.com	
info-postcanadatrack.com	
refserv-intrac1.info	
nationsecurityauth.com	
mycad-post.ca	
canadpostbill.host	
climate-relief-assistanace.site	
canadapostdeliverystatus.com	
canadapost-parcelstatus.com	
canadapost-deliverystatus.com	
toronto-hall.city	
trackingservices-canadapost.com	
fido-returnn.site	
canadapostparcelstatus.com	
www.interac-taxref.com	
email-return.com	
cra.reassessmentca.com	
canadaposttrackingstatus-on.com	
mycan-post.com	
telusmobileservices.info	
workbenef.com	
etran-7110.info	
etran-71100.info	
auspostal-portals.com	
rogersecure.life	
my-gov-au-newupdatedservice.com	
int-0000e.info	
forfait-mobile.online	
aaphelp.com	
securemycomm.net	
www.clkxm.com	
amazonfund.live	
general-techsup.live	
canadapost-alberta.com	
canpost-mydelivery.com	
bell-overpay.com	
delipost-ca.live	
auspost-delivery-ref.com	
costco-annreward.com	
mobility-tel.com	
bellcan.ca	
amoficeectyy15.com	
invemtnb01.ink	
services-n3tflix-update.com	
cashback-return.ca	
my.user-portal-secure.com	
eistadshsd.uk	
customs-importhub.com	
seguro-cajamar.com	
atpost.click	
verification-authenticator.com	
amazon.pay-idbill.com	
rlepageinv.ink	
anpost-custom-clearance.com	
hydroone.clientsupportscenters.com	
overpay-due.com	
bellmobile.services	
etran-7322.info	
etran-73222.info	
biitelephone-qc.click	
biitelephone-qc.online	
tr00000e.info	
45.93.138.84	
uber-validate.com	
ontariotrilliumbenef.info	
www.ontariotrilliumbenef.info	
hydroone.lnteract-alerts.com	
lnteract-alerts.com	
amazwebservice.com	
austpostal-update.com	
fido-return-n.site	
cpreschedulecp-post010.com	
my-alberta1.online	
canadapost-tracking-status-ca.com	
canadapost-parcel-status.com	
canadapost-package-status.com	
post-can09.com	
transfer-40291.com	
canapost-pending.com	
assessmentscad.com	
govuk-energy-scheme.com	
tracking-dhl495393.com	
trackingqc-dhl115393.com	
auspostals-aus.com	
aapafford.com	
e-transfer.life	
www.e-transfer.life	
webinterac-trustca-et101.com	
reference-75021.com	
atb.formenable.com	
update-auspostal.com	
rogers.com.ssl-dp.live	
affordability-action-plan.albertagov.ca	
amazon.primeupdateca.com	
client-reference-royal.com	
00000inter.info	
bell-mobile.info	
alerts-notifications.com	
mydirectshield.com	
anz.mydirectshield.com	
cra.assessmentca.com	
members-reward-coupons.ca	
coupon-reward.ca	
coupon-member-reward.ca	
govfederaldeposit.services	
reward-costco-member.ca	
revenue.assessmentca.com	
executive-coupons-rewards.ca	
prime.updateassessment.com	
govfederaldeposit.info	
asisstance-relief.site	
interacdepotmobile.info	
cf2023ref.com	
www.serviceon-taxref.com	
tra-nsfer.xyz	
rebates-costomember.com	
trackingqc-dhl3649491.com	
trackingqc-dhl329491.com	
postc-parcel.com	
reschedule-delivery-cp.website	
canadapost.reschedule-delivery-cp.website	
customer-area45.info	
qc-rogermobility.net	
www-cpost-reschedule.com	
services-security-help-mygov.org	
parcel-attempt.ca	
parcel-redelivery-au.com	
op-fi-todenna.com	
alberta-afford.com	
redelivery-form-au.com	
reactivar-imagin.com	
hse-online-services.com	
anpost-support-roi.com	
mytrillium-can.com	
rev-reviewactivity.com	
anpost-deliveryfees-ie.com	
worker-advantage-benefit.info	
reactivar-unicaja.com	
online-postservice.com	
gov-household-energy.com	
an-postdeliverycharges1.com	
postcanadatracking.ca	
bell.mobility-bill.com	
an-redelivery.org	
secure14s-c1aim.com	
refund-83729.com	
anpost-shippedparcelfee.com	
ref-bellmtscanada.com	
fees-at-post.online	
canadapostshipping.top	
albertagroup.info	
claim-annual-wholesale-coupon.ca	
prime-anazon.com	
ie-secure-permanernttsb.com	
telus.mobility-bill.com	
mailconfirmation.auth-6wr2d.com	
deliveryreport.auth-6wr2d.com	
rev-ieactivitycancel.com	
cra.assessmentscad.com	
et-canadatrust-onlinewebca.com	
validationtdweb.net	
online-review-365.com	
ref82537638.live	
appwalletactivateau.com	
rbc-secured.com	
cpposcan01-23.com	
dashboard-client.com	
my-gov-au-service.com	
getacces.online	
my-overpay.com	
supporthelp-delivery.ca	
executive-reward-costco.ca	
cra.ca-assessments.com	
credit.ca-assessments.com	
et-depositcad-canadawebsite.com	
www.netpaymentnow.com	
amazon.notify-prime.com	
n-flix-update.site	
revenue.ca-assessments.com	
customer-supportca2.info	
mobilewebpay.com	
ontario-trillium-fondation.top	
rbc.confirm-details-client93737.com	
royal.bank.confirm-details-client93737.com	
amazon.webpay-id.com	
cpcanada-intelreschedule-go.com	
postimportfee.com	
my-gov-au-update.com	
etran-8441.info	
etran-84411.info	
vancouver-hall.city	
amtzoffice65.us	
canadapost-rescheduleservice.info	
immunity.com.br.	
www.post-delaynotices.com	
myfido-login.com	
asacrail.com	
mybell-bell.net	
tdgreenbanking.ca	
mypostapp.org	
canadapost-rescheduleservices.com	
onlinebnz.info	
uber-recovery-instant.net	
my.update-client-user.com	
amaprime-myprofile.com	
cost-member4363.info	
www.cost-member4363.info	
rewards.cost-member4363.info	
climate-canadaincentive.com	
et-sc.info	
interac.com.et-sc.info	
review-myaccount-status-au.org	
costco.authannual.club	
helpdesk-mycomm-verify.com	
interac.l5.ca	
accessunified.online	
an-postdeliverycharges2.com	
seure-bof02.com	
anpostonline-delivery.com	
turvallinen-op.com	
seure-bof05.com	
ptsbie-reviewactivity.com	
secure-ib-portal-commbankhelp.com	
rec-int155z.com	
op-vahvista.net	
anpostqueriesonline.com	
revolut-security-check.com	
td.terms-client.com	
anpostfee.com	
amazon.pay-aws.com	
myservices-unath-login.com	
an-post-ie-charges.com	
redirect-program.online	
canadapost-reschedule-dep.info	
gov-energy-household.com	
infopostcanadatrack.com	
infopostcanadatracking.com	
mydeposit-s2cureetransec5.com	
telus.mydeposit-s2cureetransec5.com	
int.mydeposit-s2cureetransec5.com	
sec.mydeposit-s2cureetransec5.com	
recoverycd.online	
	
	
	
	
	
	
	
	
	
	
	
	
	
	
	
	
	
	
	
	
	
	
	
	
	
	
	
	
	
	
	
	
	
	
	
	
	
	
	
	
	
	
	
	
	
	
	
	
	
	
	
	
	
	
	
	
	
	
	
	
	
	
	
	
	
	
	
	
	
	
	
	
	
	
	
	
	
	
	
	
	
	
	
	
	
	
	
	
	
	
	
	
	
	
	
	
	
	
	
	
	
	
	
	
	
	
	
	
	
	
	
	
	
	
	
	
	
	
	
	
	
	
	
	
	
	
	
	
	
	
	
	
	
	
	
	
	
	
	
	
	
	
	
	
	
	
	
	
	
	
	
	
	
	
	
	
	
	
	
	
	
	
	
	
	
	
	
	
	
	
	
	
	
	
	
	
	
	
	
	
	
	
	
	
	
	
	
	
	
	
	
	
	
	
	
	
	
	
	
	
	
	
	
	
	
	
	
	
	
	
	
	
	
	
	
	
	
	
	
	
	
	
	
	
	
	
	
	
	
	
	
	
	
	
	
	
	
	
	
	
	
	
	
	
	
	
	
	
	
	
	
	
	
	
	
	
	
	
	
	
	
	
	
	
	
	
	
	
	
	
	
	
	
	
	
	
	
	
	
	
	
	
	
	
	
	
	
	
	
	
	
	
	
	
	
	
	
	
	
	
	
	
	
	
	
	
	
	
	
	
	
	
	
	
	
	
	
	
	
	
	
	
	
	
	
	
	
	
	
	
	
	
	
	
	
	
	
	
	
	
	
	
	
	
	
	
	
	
	
	
	
	
	
	
	
	
	
	
	
	
	
	
	
	
	
	
	
	
	
	
	
	
	
	
	
	
	
	
	
	
	
	
	
	
	
	
	
	
	
	
	
	
	
	
	
	
	
	
	
	
	
	
	
	
	
	
	
	
	
	
	
	
	
	
	
	
	
	
	
	
	
	
	
	
	
	
	
	
	
	
	
	
	
	
	
	
	
	
	
	
	
	
	
	
	
	
	
	
	
	
	
	
	
	
	
	
	
	
	
	
	
	
	
	
	
	
	
	
	
	
	
	
	
	
	
	
	
	
	
	
	
	
	
	
	
	
	
	
	
	
	
	
	
	
	
	
	
	
	
	
	
	
	
	
	
	
	
	
	
	
	
	
	
	
	
	
	
	
	
	
	
	
	
	
	
	
	
	
	
	
	
	
	
	
	
	
	
	
	
	
	
	
	
	
	
	
	
	
	
	
	
	
	
	
	
	
	
	
	
	
	
	
	
	
	
	
	
	
	
	
	
	
	
	
	
	
	
	
	
	
	
	
	
	
	
	
	
	
	
	
	
	
	
	
	
	
	
	
	
	
	
	
	
	
	
	
	
	
	
	
	
	
	
	
	
	
	
	
	
	
	
	
	
	
	
	
	
	
	
	
	
	
	
	
	
	
	
	
	
	
	
	
	
	
	
	
	
	
	
	
	
	
	
	
	
	
	
	
	
	
	
	
	
	
	
	
	
	
	
	
	
	
	
	
	
	
	
	
	
	
	
	
	
	
	
	
	
	
	
	
	
	
	
	
	
	
	
	
	
	
	
	
	
	
	
	
	
	
	
	
	
	
	
	
	
	
	
	
	
	
	
	
	
	
	
	
	
	
	
	
	
	
	
	
	
	
	
	
	
	
	
	
	
	
	
	
	
	
	
	
	
	
	
	
	
	
	
	
	
	
	
	
	
	
	
	
	
	
	
	
	
	
	
	
	
	
	
	
	
	
	
	
	
	
	
	
	
	
	
	
	
	
	
	
	
	
	
	
	
	
	
	
	
	
	
	
	
	
	
	
	
	
	
	
	
	
	
	
	
	
	
	
	
	
	
	
	
	
	
	
	
	
	
	
	
	
	
	
	
	
	
	
	
	
	
	
	
	
	
	
	
	
	
	
	
	
	
	
	
	
	
	
	
	
	
	
	
	
	
	
	
	
	
	
	
	
	
	
	
	
	
	
	
	
	
	
	
	
	
	
	
	
	
	
	
	
	
	
	
	
	
	
	
	
	
	
	
	
	
	
	
	
	
	
	
	
	
	
	
	
	
	
	
	
	
	
	
	
	
	
	
	
	
	
	
	
	
	
	
	
	
	
	
	
	
	
	
	
	
	
	
	
	
	
	
	
	
	
	
	
	
	
	
	
	
	
	
	
	
	
	
	
	
	
	
	
	
	
	
	
	
	
	
	
	
	
	
	
	
	
	
	
	
	
	
	
	
	
	
	
	
	
	
	
	
	
	
	
	
	
	
	
	
	
	
	
	
	
	
	
	
	
	
	
	
	
	
	
	
	
	
	
	
	
	
	
	
	
	
	
	
	
	
	
	
	
	
	
	
	
	
	
	
	
	
	
	
	
	
	
	
	
	
	
	
	
	
	
	
	
	
	
	
	
	
	
	
	
	
	
	
	
	
	
	
	
	
	
	
	
	
	
	
	
	
	
	
	
	
	
	
	
	
	
	
	
	
	
	
	
	
	
	
	
	
	
	
	
	
	
	
	
	
	
	
	
	
	
	
	
	
	
	
	
	
	
	
	
	
	
	
	
	
	
	
	
	
	
	
	
	
	
	
	
	
	
	
	
	
	
	
	
	
	
	
	
	
	
	
	
	
	
	
	
	
	
	
	
	
	
	
	
	
	
	
	
	
	
	
	
	
	
	
	
	
	
	
	
	
	
	
	
	
	
	
	
	
	
	
	
	
	
	
	
	
	
	
	
	
	
	
	
	
	
	
	
	
	
	
	
	
	
	
	
	
	
	
	
	
	
	
	
	
	
	
	
	
	
	
	
	
	
	
	
	
	
	
	
	
	
	
	
	
	
	
	
	
	
	
	
	
	
	
	
	
	
	
	
	
	
	
	
	
	
	
	
	
	
	
	
	
	
	
	
	
	
	
	
	
	
	
	
	
	
	
	
	
	
	
	
	
	
	
	
	
	
	
	
	
	
	
	
	
	
	
	
	
	
	
	
	
	
	
	
	
	
	
	
	
	
	
	
	
	
	
	
	
	
	
	
	
	
	
	
	
	
	
	
	
	
	
	
	
	
	
	
	
	
	
	
	
	
	
	
	
	
	
	
	
	
	
	
	
	
	
	
	
	
	
	
	
	
	
	
	
	
	
	
	
	
	
	
	
	
	
	
	
	
	
	
	
	
	
	
	
	
	
	
	
	
	
	
	
	
	
	
	
	
	
	
	
	
	
	
	
	
	
	
	
	
	
	
	
	
	
	
	
	
	
	
	
	
	
	
	
	
	
	
	
	
	
	
	
	
	
	
	
	
	
	
	
	
	
	
	
	
	
	
	
	
	
	
	
	
	
	
	
	
	
	
	
	
	
	
	
	
	
	
	
	
	
	
	
	
	
	
	
	
	
	
	
	
	
	
	
	
	
	
	
	
	
	
	
	
	
	
	
	
	
	
	
	
	
	
	
	
	
	
	
	
	
	
	
	
	
	
	
	
	
	
	
	
	
	
	
	
	
	
	
	
	
	
	
	
	
	
	
	
	
	
	
	
	
	
	
	
	
	
	
	
	
	
	
	
	
	
	
	
	
	
	
	
	
	
	
	
	
	
	
	
	
	
	
	
	
	
	
	
	
	
	
	
	
	
	
	
	
	
	
	
	
	
	
	
	
	
	
	
	
	
	
	
	
	
	
	
	
	
	
	
	
	
	
	
	
	
	
	
	
	
	
	
	
	
	
	
	
	
	
	
	
	
	
	
	
	
	
	
	
	
	
	
	
	
	
	
	
	
	
	
	
	
	
	
	
	
	
	
	
	
	
	
	
	
	
	
	
	
	
	
	
	
	
	
	
	
	
	
	
	
	
	
	
	
	
	
	
	
	
	
	
	
	
	
	
	
	
	
	
	
	
	
	
	
	
	
	
	
	
	
	
	
	
	
	
	
	
	
	
	
	
	
	
	
	
	
	
	
	
	
	
	
	
	
	
	
	
	
	
	
	
	
	
	
	
	
	
	
	
	
	
	
	
	
	
	
	
	
	
	
	
	
	
	
	
	
	
	
	
	
	
	
	
	
	
	
	
	
	
	
	
	
	
	
	
	
	
	
	
	
	
	
	
	
	
	
	
	
	
	
	
	
	
	
	
	
	
	
	
	
	
	
	
	
	
	
	
	
	
	
	
	
	
	
	
	
	
	
	
	
	
	
	
	
	
	
	
	
	
	
	
	
	
	
	
	
	
	
	
	
	
	
	
	
	
	
	
	
	
	
	
	
	
	
	
	
	
	
	
	
	
	
	
	
	
	
	
	
	
	
	
	
	
	
	
	
	
	
	
	
	
	
	
	
	
	
	
	
	
	
	
	
	
	
	
	
	
	
	
	
	
	
	
	
	
	
	
	
	
	
	
	
	
	
	
	
	
	
	
	
	
	
	
	
	
	
	
	
	
	
	
	
	
	
	
	
	
	
	
	
	
	
	
	
	
	
	
	
	
	
	
	
	
	
	
	
	
	
	
	
	
	
	
	
	
	
	
	
	
	
	
	
	
	
	
	
	
	
	
	
	
	
	
	
	
	
	
	
	
	
	
	
	
	
	
	
	
	
	
	
	
	
	
	
	
	
	
	
	
	
	
	
	
	
	
	
	
	
	
	
	
	
	
	
	
	
	
	
	
	
	
	
	
	
	
	
	
	
	
	
	
	
	
	
	
	
	
	
	
	
	
	
	
	
	
	
	
	
	
	
	
	
	
	
	
	
	
	
	
	
	
	
	
	
	
	
	
	
	
	
	
	
	
	
	
	
	
	
	
	
	
	
	
	
	
	
	
	
	
	
	
	
	
	
	
	
	
	
	
	
	
	
	
	
	
	
	
	
	
	
	
	
	
	
	
	
	
	
	
	
	
	
	
	
	
	
	
	
	
	
	
	
	
	
	
	
	
	
	
	
	
	
	
	
	
	
	
	
	
	
	
	
	
	
	
	
	
	
	
	
	
	
	
	
	
	
	
	
	
	
	
	
	
	
	
	
	
	
	
	
	
	
	
	
	
	
	
	
	
	
	
	
	
	
	
	
	
	
	
	
	
	
	
	
	
	
	
	
	
	
	
	
	
	
	
	
	
	
	
	
	
	
	
	
	
	
	
	
	
	
	
	
	
	
	
	
	
	
	
	
	
	
	
	
	
	
	
	
	
	
	
	
	
	
	
	
	
	
	
	
	
	
	
	
	
	
	
	
	
	
	
	
	
	
	
	
	
	
	
	
	
	
	
	
	
	
	
	
	
	
	
	
	
	
	
	
	
	
	
	
	
	
	
	
	
	
	
	
	
	
	
	
	
	
	
	
	
	
	
	
	
	
	
	
	
	
	
	
	
	
	
	
	
	
	
	
	
	
	
	
	
	
	
	
	
	
	
	
	
	
	
	
	
	
	
	
	
	
	
	
	
	
	
	
	
	
	
	
	
	
	
	
	
	
	
	
	
	
	
	
	
	
	
	
	
	
	
	
	
	
	
	
	
	
	
	
	
	
	
	
	
	
	
	
	
	
	
	
	
	
	
	
	
	
	
	
	
	
	
	
	
	
	
	
	
	
	
	
	
	
	
	
	
	
	
	
	
	
	
	
	
	
	
	
	
	
	
	
	
	
	
	
	
	
	
	
	
	
	
	
	
	
	
	
	
	
	
	
	
	
	
	
	
	
	
	
	
	
	
	
	
	
	
	
	
	
	
	
	
	
	
	
	
	
	
	
	
	
	
	
	
	
	
	
	
	
	
	
	
	
	
	
	
	
	
	
	
	
	
	
	
	
	
	
	
	
	
	
	
	
	
	
	
	
	
	
	
	
	
	
	
	
	
	
	
	
	
	
	
	
	
	
	
	
	
	
	
	
	
	
	
	
	
	
	
	
	
	
	
	
	
	
	
	
	
	
	
	
	
	
	
	
	
	
	
	
	
	
	
	
	
	
	
	
	
	
	
	
	
	
	
	
	
	
	
	
	
	
	
	
	
	
	
	
	
	
	
	
	
	
	
	
	
	
	
	
	
	
	
	
	
	
	
	
	
	
	
	
	
	
	
	
	
	
	
	
	
	
	
	
	
	
	
	
	
	
	
	
	
	
	
	
	
	
	
	
	
	
	
	
	
	
	
	
	
	
	
	
	
	
	
	
	
	
	
	
	
	
	
	
	
	
	
	
	
	
	
	
	
	
	
	
	
	
	
	
	
	
	
	
	
	
	
	
	
	
	
	
	
	
	
	
	
	
	
	
	
	
	
	
	
	
	
	
	
	
	
	
	
	
	
	
	
	
	
	
	
	
	
	
	
	
	
	
	
	
	
	
	
	
	
	
	
	
	
	
	
	
	
	
	
	
	
	
	
	
	
	
	
	
	
	
	
	
	
	
	
	
	
	
	
	
	
	
	
	
	
	
	
	
	
	
	
	
	
	
	
	
	
	
	
	
	
	
	
	
	
	
	
	
	
	
	
	
	
	
	
	
	
	
	
	
	
	
	
	
	
	
	
	
	
	
	
	
	
	
	
	
	
	
	
	
	
	
	
	
	
	
	
	
	
	
	
	
	
	
	
	
	
	
	
	
	
	
	
	
	
	
	
	
	
	
	
	
	
	
	
	
	
	
	
	
	
	
	
	
	
	
	
	
	
	
	
	
	
	
	
	
	
	
	
	
	
	
	
	
	
	
	
	
	
	
	
	
	
	
	
	
	
	
	
	
	
	
	
	
	
	
	
	
	
	
	
	
	
	
	
	
	
	
	
	
	
	
	
	
	
	
	
	
	
	
	
	
	
	
	
	
	
	
	
	
	
	
	
	
	
	
	
	
	
	
	
	
	
	
	
	
	
	
	
	
	
	
	
	
	
	
	
	
	
	
	
	
	
	
	
	
	
	
	
	
	
	
	
	
	
	
	
	
	
	
	
	
	
	
	
	
	
	
	
	
	
	
	
	
	
	
	
	
	
	
	
	
	
	
	
	
	
	
	
	
	
	
	
	
	
	
	
	
	
	
	
	
	
	
	
	
	
	
	
	
	
	
	
	
	
	
	
	
	
	
	
	
	
	
	
	
	
	
	
	
	
	
	
	
	
	
	
	
	
	
	
	
	
	
	
	
	
	
	
	
	
	
	
	
	
	
	
	
	
	
	
	
	
	
	
	
	
	
	
	
	
	
	
	
	
	
	
	
	
	
	
	
	
	
	
	
	
	
	
	
	
	
	
	
	
	
	
	
	
	
	
	
	
	
	
	
	
	
	
	
	
	
	
	
	
	
	
	
	
	
	
	
	
	
	
	
	
	
	
	
	
	
	
	
	
	
	
	
	
	
	
	
	
	
	
	
	
	
	
	
	
	
	
	
	
	
	
	
	
	
	
	
	
	
	
	
	
	
	
	
	
	
	
	
	
	
	
	
	
	
	
	
	
	
	
	
	
	
	
	
	
	
	
	
	
	
	
	
	
	
	
	
	
	
	
	
	
	
	
	
	
	
	
	
	
	
	
	
	
	
	
	
	
	
	
	
	
	
	
	
	
	
	
	
	
	
	
	
	
	
	
	
	
	
	
	
	
	
	
	
	
	
	
	
	
	
	
	
	
	
	
	
	
	
	
	
	
	
	
	
	
	
	
	
	
	
	
	
	
	
	
	
	
	
	
	
	
	
	
	
	
	
	
	
	
	
	
	
	
	
	
	
	
	
	
	
	
	
	
	
	
	
	
	
	
	
	
	
	
	
	
	
	
	
	
	
	
	
	
	
	
	
	
	
	
	
	
	
	
	
	
	
	
	
	
	
	
	
	
	
	
	
	
	
	
	
	
	
	
	
	
	
	
	
	
	
	
	
	
	
	
	
	
	
	
	
	
	
	
	
	
	
	
	
	
	
	
	
	
	
	
	
	
	
	
	
	
	
	
	
	
	
	
	
	
	
	
	
	
	
	
	
	
	
	
	
	
	
	
	
	
	
	
	
	
	
	
	
	
	
	
	
	
	
	
	
	
	
	
	
	
	
	
	
	
	
	
	
	
	
	
	
	
	
	
	
	
	
	
	
	
	
	
	
	
	
	
	
	
	
	
	
	
	
	
	
	
	
	
	
	
	
	
	
	
	
	
	
	
	
	
	
	
	
	
	
	
	
	
	
	
	
	
	
	
	
	
	
	
	
	
	
	
	
	
	
	
	
	
	
	
	
	
	
	
	
	
	
	
	
	
	
	
	
	
	
	
	
	
	
	
	
	
	
	
	
	
	
	
	
	
	
	
	
	
	
	
	
	
	
	
	
	
	
	
	
	
	
	
	
	
	
	
	
	
	
	
	
	
	
	
	
	
	
	
	
	
	
	
	
	
	
	
	
	
	
	
	
	
	
	
	
	
	
	
	
	
	
	
	
	
	
	
	
	
	
	
	
	
	
	
	
	
	
	
	
	
	
	
	
	
	
	
	
	
	
	
	
	
	
	
	
	
	
	
	
	
	
	
	
	
	
	
	
	
	
	
	
	
	
	
	
	
	
	
	
	
	
	
	
	
	
	
	
	
	
	
	
	
	
	
	
	
	
	
	
	
	
	
	
	
	
	
	
	
	
	
	
	
	
	
	
	
	
	
	
	
	
	
	
	
	
	
	
	
	
	
	
	
	
	
	
	
	
	
	
	
	
	
	
	
	
	
	
	
	
	
	
	
	
	
	
	
	
	
	
	
	
	
	
	
	
	
	
	
	
	
	
	
	
	
	
	
	
	
	
	
	
	
	
	
	
	
	
	
	
	
	
	
	
	
	
	
	
	
	
	
	
	
	
	
	
	
	
	
	
	
	
	
	
	
	
	
	
	
	
	
	
	
	
	
	
	
	
	
	
	
	
	
	
	
	
	
	
	
	
	
	
	
	
	
	
	
	
	
	
	
	
	
	
	
	
	
	
	
	
	
	
	
	
	
	
	
	
	
	
	
	
	
	
	
	
	
	
	
	
	
	
	
	
	
	
	
	
	
	
	
	
	
	
	
	
	
	
	
	
	
	
	
	
	
	
	
	
	
	
	
	
	
	
	
	
	
	
	
	
	
	
	
	
	
	
	
	
	
	
	
	
	
	
	
	
	
	
	
	
	
	
	
	
	
	
	
	
	
	
	
	
	
	
	
	
	
	
	
	
	
	
	
	
	
	
	
	
	
	
	
	
	
	
	
	
	
	
	
	
	
	
	
	
	
	
	
	
	
	
	
	
	
	
	
	
	
	
	
	
	
	
	
	
	
	
	
	
	
	
	
	
	
	
	
	
	
	
	
	
	
	
	
	
	
	
	
	
	
	
	
	
	
	
	
	
	
	
	
	
	
	
	
	
	
	
	
	
	
	
	
	
	
	
	
	
	
	
	
	
	
	
	
	
	
	
	
	
	
	
	
	
	
	
	
	
	
	
	
	
	
	
	
	
	
	
	
	
	
	
	
	
	
	
	
	
	
	
	
	
	
	
	
	
	
	
	
	
	
	
	
	
	
	
	
	
	
	
	
	
	
	
	
	
	
	
	
	
	
	
	
	
	
	
	
	
	
	
	
	
	
	
	
	
	
	
	
	
	
	
	
	
	
	
	
	
	
	
	
	
	
	
	
	
	
	
	
	
	
	
	
	
	
	
	
	
	
	
	
	
	
	
	
	
	
	
	
	
	
	
	
	
	
	
	
	
	
	
	
	
	
	
	
	
	
	
	
	
	
	
	
	
	
	
	
	
	
	
	
	
	
	
	
	
	
	
	
	
	
	
	
	
	
	
	
	
	
	
	
	
	
	
	
	
	
	
	
	
	
	
	
	
	
	
	
	
	
	
	
	
	
	
	
	
	
	
	
	
	
	
	
	
	
	
	
	
	
	
	
	
	
	
	
	
	
	
	
	
	
	
	
	
	
	
	
	
	
	
	
	
	
	
	
	
	
	
	
	
	
	
	
	
	
	
	
	
	
	
	
	
	
	
	
	
	
	
	
	
	
	
	
	
	
	
	
	
	
	
	
	
	
	
	
	
	
	
	
	
	
	
	
	
	
	
	
	
	
	
	
	
	
	
	
	
	
	
	
	
	
	
	
	
	
	
	
	
	
	
	
	
	
	
	
	
	
	
	
	
	
	
	
	
	
	
	
	
	
	
	
	
	
	
	
	
	
	
	
	
	
	
	
	
	
	
	
	
	
	
	
	
	
	
	
	
	
	
	
	
	
	
	
	
	
	
	
	
	
	
	
	
	
	
	
	
	
	
	
	
	
	
	
	
	
	
	
	
	
	
	
	
	
	
	
	
	
	
	
	
	
	
	
	
	
	
	
	
	
	
	
	
	
	
	
	
	
	
	
	
	
	
	
	
	
	
	
	
	
	
	
	
	
	
	
	
	
	
	
	
	
	
	
	
	
	
	
	
	
	
	
	
	
	
	
	
	
	
	
	
	
	
	
	
	
	
	
	
	
	
	
	
	
	
	
	
	
	
	
	
	
	
	
	
	
	
	
	
	
	
	
	
	
	
	
	
	
	
	
	
	
	
	
	
	
	
	
	
	
	
	
	
	
	
	
	
	
	
	
	
	
	
	
	
	
	
	
	
	
	
	
	
	
	
	
	
	
	
	
	
	
	
	
	
	
	
	
	
	
	
	
	
	
	
	
	
	
	
	
	
	
	
	
	
	
	
	
	
	
	
	
	
	
	
	
	
	
	
	
	
	
	
	
	
	
	
	
	
	
	
	
	
	
	
	
	
	
	
	
	
	
	
	
	
	
	
	
	
	
	
	
	
	
	
	
	
	
	
	
	
	
	
	
	
	
	
	
	
	
	
	
	
	
	
	
	
	
	
	
	
	
	
	
	
	
	
	
	
	
	
	
	
	
	
	
	
	
	
	
	
	
	
	
	
	
	
	
	
	
	
	
	
	
	
	
	
	
	
	
	
	
	
	
	
	
	
	
	
	
	
	
	
	
	
	
	
	
	
	
	
	
	
	
	
	
	
	
	
	
	
	
	
	
	
	
	
	
	
	
	
	
	
	
	
	
	
	
	
	
	
	
	
	
	
	
	
	
	
	
	
	
	
	
	
	
	
	
	
	
	
	
	
	
	
	
	
	
	
	
	
	
	
	
	
	
	
	
	
	
	
	
	
	
	
	
	
	
	
	
	
	
	
	
	
	
	
	
	
	
	
	
	
	
	
	
	
	
	
	
	
	
	
	
	
	
	
	
	
	
	
	
	
	
	
	
	
	
	
	
	
	
	
	
	
	
	
	
	
	
	
	
	
	
	
	
	
	
	
	
	
	
	
	
	
	
	
	
	
	
	
	
	
	
	
	
	
	
	
	
	
	
	
	
	
	
	
	
	
	
	
	
	
	
	
	
	
	
	
	
	
	
	
	
	
	
	
	
	
	
	
	
	
	
	
	
	
	
	
	
	
	
	
	
	
	
	
	
	
	
	
	
	
	
	
	
	
	
	
	
	
	
	
	
	
	
	
	
	
	
	
	
	
	
	
	
	
	
	
	
	
	
	
	
	
	
	
	
	
	
	
	
	
	
	
	
	
	
	
	
	
	
	
	
	
	
	
	
	
	
	
	
	
	
	
	
	
	
	
	
	
	
	
	
	
	
	
	
	
	
	
	
	
	
	
	
	
	
	
	
	
	
	
	
	
	
	
	
	
	
	
	
	
	
	
	
	
	
	
	
	
	
	
	
	
	
	
	
	
	
	
	
	
	
	
	
	
	
	
	
	
	
	
	
	
	
	
	
	
	
	
	
	
	
	
	
	
	
	
	
	
	
	
	
	
	
	
	
	
	
	
	
	
	
	
	
	
	
	
	
	
	
	
	
	
	
	
	
	
	
	
	
	
	
	
	
	
	
	
	
	
	
	
	
	
	
	
	
	
	
	
	
	
	
	
	
	
	
	
	
	
	
	
	
	
	
	
	
	
	
	
	
	
	
	
	
	
	
	
	
	
	
	
	
	
	
	
	
	
	
	
	
	
	
	
	
	
	
	
	
	
	
	
	
	
	
	
	
	
	
	
	
	
	
	
	
	
	
	
	
	
	
	
	
	
	
	
	
	
	
	
	
	
	
	
	
	
	
	
	
	
	
	
	
	
	
	
	
	
	
	
	
	
	
	
	
	
	
	
	
	
	
	
	
	
	
	
	
	
	
	
	
	
	
	
	
	
	
	
	
	
	
	
	
	
	
	
	
	
	
	
	
	
	
	
	
	
	
	
	
	
	
	
	
	
	
	
	
	
	
	
	
	
	
	
	
	
	
	
	
	
	
	
	
	
	
	
	
	
	
	
	
	
	
	
	
	
	
	
	
	
	
	
	
	
	
	
	
	
	
	
	
	
	
	
	
	
	
	
	
	
	
	
	
	
	
	
	
	
	
	
	
	
	
	
	
	
	
	
	
	
	
	
	
	
	
	
	
	
	
	
	
	
	
	
	
	
	
	
	
	
	
	
	
	
	
	
	
	
	
	
	
	
	
	
	
	
	
	
	
	
	
	
	
	
	
	
	
	
	
	
	
	
	
	
	
	
	
	
	
	
	
	
	
	
	
	
	
	
	
	
	
	
	
	
	
	
	
	
	
	
	
	
	
	
	
	
	
	
	
	
	
	
	
	
	
	
	
	
	
	
	
	
	
	
	
	
	
	
	
	
	
	
	
	
	
	
	
	
	
	
	
	
	
	
	
	
	
	
	
	
	
	
	
	
	
	
	
	
	
	
	
	
	
	
	
	
	
	
	
	
	
	
	
	
	
	
	
	
	
	
	
	
	
	
	
	
	
	
	
	
	
	
	
	
	
	
	
	
	
	
	
	
	
	
	
	
	
	
	
	
	
	
	
	
	
	
	
	
	
	
	
	
	
	
	
	
	
	
	
	
	
	
	
	
	
	
	
	
	
	
	
	
	
	
	
	
	
	
	
	
	
	
	
	
	
	
	
	
	
	
	
	
	
	
	
	
	
	
	
	
	
	
	
	
	
	
	
	
	
	
	
	
	
	
	
	
	
	
	
	
	
	
	
	
	
	
	
	
	
	
	
	
	
	
	
	
	
	
	
	
	
	
	
	
	
	
	
	
	
	
	
	
	
	
	
	
	
	
	
	
	
	
	
	
	
	
	
	
	
	
	
	
	
	
	
	
	
	
	
	
	
	
	
	
	
	
	
	
	
	
	
	
	
	
	
	
	
	
	
	
	
	
	
	
	
	
	
	
	
	
	
	
	
	
	
	
	
	
	
	
	
	
	
	
	
	
	
	
	
	
	
	
	
	
	
	
	
	
	
	
	
	
	
	
	
	
	
	
	
	
	
	
	
	
	
	
	
	
	
	
	
	
	
	
	
	
	
	
	
	
	
	
	
	
	
	
	
	
	
	
	
	
	
	
	
	
	
	
	
	
	
	
	
	
	
	
	
	
	
	
	
	
	
	
	
	
	
	
	
	
	
	
	
	
	
	
	
	
	
	
	
	
	
	
	
	
	
	
	
	
	
	
	
	
	
	
	
	
	
	
	
	
	
	
	
	
	
	
	
	
	
	
	
	
	
	
	
	
	
	
	
	
	
	
	
	
	
	
	
	
	
	
	
	
	
	
	
	
	
	
	
	
	
	
	
	
	
	
	
	
	
	
	
	
	
	
	
	
	
	
	
	
	
	
	
	
	
	
	
	
	
	
	
	
	
	
	
	
	
	
	
	
	
	
	
	
	
	
	
	
	
	
	
	
	
	
	
	
	
	
	
	
	
	
	
	
	
	
	
	
	
	
	
	
	
	
	
	
	
	
	
	
	
	
	
	
	
	
	
	
	
	
	
	
	
	
	
	
	
	
	
	
	
	
	
	
	
	
	
	
	
	
	
	
	
	
	
	
	
	
	
	
	
	
	
	
	
	
	
	
	
	
	
	
	
	
	
	
	
	
	
	
	
	
	
	
	
	
	
	
	
	
	
	
	
	
	
	
	
	
	
	
	
	
	
	
	
	
	
	
	
	
	
	
	
	
	
	
	
	
	
	
	
	
	
	
	
	
	
	
	
	
	
	
	
	
	
	
	
	
	
	
	
	
	
	
	
	
	
	
	
	
	
	
	
	
	
	
	
	
	
	
	
	
	
	
	
	
	
	
	
	
	
	
	
	
	
	
	
	
	
	
	
	
	
	
	
	
	
	
	
	
	
	
	
	
	
	
	
	
	
	
	
	
	
	
	
	
	
	
	
	
	
	
	
	
	
	
	
	
	
	
	
	
	
	
	
	
	
	
	
	
	
	
	
	
	
	
	
	
	
	
	
	
	
	
	
	
	
	
	
	
	
	
	
	
	
	
	
	
	
	
	
	
	
	
	
	
	
	
	
	
	
	
	
	
	
	
	
	
	
	
	
	
	
	
	
	
	
	
	
	
	
	
	
	
	
	
	
	
	
	
	
	
	
	
	
	
	
	
	
	
	
	
	
	
	
	
	
	
	
	
	
	
	
	
	
	
	
	
	
	
	
	
	
	
	
	
	
	
	
	
	
	
	
	
	
	
	
	
	
	
	
	
	
	
	
	
	
	
	
	
	
	
	
	
	
	
	
	
	
	
	
	
	
	
	
	
	
	
	
	
	
	
	
	
	
	
	
	
	
	
	
	
	
	
	
	
	
	
	
	
	
	
	
	
	
	
	
	
	
	
	
	
	
	
	
	
	
	
	
	
	
	
	
	
	
	
	
	
	
	
	
	
	
	
	
	
	
	
	
	
	
	
	
	
	
	
	
	
	
	
	
	
	
	
	
	
	
	
	
	
	
	
	
	
	
	
	
	
	
	
	
	
	
	
	
	
	
	
	
	
	
	
	
	
	
	
	
	
	
	
	
	
	
	
	
	
	
	
	
	
	
	
	
	
	
	
	
	
	
	
	
	
	
	
	
	
	
	
	
	
	
	
	
	
	
	
	
	
	
	
	
	
	
	
	
	
	
	
	
	
	
	
	
	
	
	
	
	
	
	
	
	
	
	
	
	
	
	
	
	
	
	
	
	
	
	
	
	
	
	
	
	
	
	
	
	
	
	
	
	
	
	
	
	
	
	
	
	
	
	
	
	
	
	
	
	
	
	
	
	
	
	
	
	
	
	
	
	
	
	
	
	
	
	
	
	
	
	
	
	
	
	
	
	
	
	
	
	
	
	
	
	
	
	
	
	
	
	
	
	
	
	
	
	
	
	
	
	
	
	
	
	
	
	
	
	
	
	
	
	
	
	
	
	
	
	
	
	
	
	
	
	
	
	
	
	
	
	
	
	
	
	
	
	
	
	
	
	
	
	
	
	
	
	
	
	
	
	
	
	
	
	
	
	
	
	
	
	
	
	
	
	
	
	
	
	
	
	
	
	
	
	
	
	
	
	
	
	
	
	
	
	
	
	
	
	
	
	
	
	
	
	
	
	
	
	
	
	
	
	
	
	
	
	
	
	
	
	
	
	
	
	
	
	
	
	
	
	
	
	
	
	
	
	
	
	
	
	
	
	
	
	
	
	
	
	
	
	
	
	
	
	
	
	
	
	
	
	
	
	
	
	
	
	
	
	
	
	
	
	
	
	
	
	
	
	
	
	
	
	
	
	
	
	
	
	
	
	
	
	
	
	
	
	
	
	
	
	
	
	
	
	
	
	
	
	
	
	
	
	
	
	
	
	
	
	
	
	
	
	
	
	
	
	
	
	
	
	
	
	
	
	
	
	
	
	
	
	
	
	
	
	
	
	
	
	
	
	
	
	
	
	
	
	
	
	
	
	
	
	
	
	
	
	
	
	
	
	
	
	
	
	
	
	
	
	
	
	
	
	
	
	
	
	
	
	
	
	
	
	
	
	
	
	
	
	
	
	
	
	
	
	
	
	
	
	
	
	
	
	
	
	
	
	
	
	
	
	
	
	
	
	
	
	
	
	
	
	
	
	
	
	
	
	
	
	
	
	
	
	
	
	
	
	
	
	
	
	
	
	
	
	
	
	
	
	
	
	
	
	
	
	
	
	
	
	
	
	
	
	
	
	
	
	
	
	
	
	
	
	
	
	
	
	
	
	
	
	
	
	
	
	
	
	
	
	
	
	
	
	
	
	
	
	
	
	
	
	
	
	
	
	
	
	
	
	
	
	
	
	
	
	
	
	
	
	
	
	
	
	
	
	
	
	
	
	
	
	
	
	
	
	
	
	
	
	
	
	
	
	
	
	
	
	
	
	
	
	
	
	
	
	
	
	
	
	
	
	
	
	
	
	
	
	
	
	
	
	
	
	
	
	
	
	
	
	
	
	
	
	
	
	
	
	
	
	
	
	
	
	
	
	
	
	
	
	
	
	
	
	
	
	
	
	
	
	
	
	
	
	
	
	
	
	
	
	
	
	
	
	
	
	
	
	
	
	
	
	
	
	
	
	
	
	
	
	
	
	
	
	
	
	
	
	
	
	
	
	
	
	
	
	
	
	
	
	
	
	
	
	
	
	
	
	
	
	
	
	
	
	
	
	
	
	
	
	
	
	
	
	
	
	
	
	
	
	
	
	
	
	
	
	
	
	
	
	
	
	
	
	
	
	
	
	
	
	
	
	
	
	
	
	
	
	
	
	
	
	
	
	
	
	
	
	
	
	
	
	
	
	
	
	
	
	
	
	
	
	
	
	
	
	
	
	
	
	
	
	
	
	
	
	
	
	
	
	
	
	
	
	
	
	
	
	
	
	
	
	
	
	
	
	
	
	
	
	
	
	
	
	
	
	
	
	
	
	
	
	
	
	
	
	
	
	
	
	
	
	
	
	
	
	
	
	
	
	
	
	
	
	
	
	
	
	
	
	
	
	
	
	
	
	
	
	
	
	
	
	
	
	
	
	
	
	
	
	
	
	
	
	
	
	
	
	
	
	
	
	
	
	
	
	
	
	
	
	
	
	
	
	
	
	
	
	
	
	
	
	
	
	
	
	
	
	
	
	
	
	
	
	
	
	
	
	
	
	
	
	
	
	
	
	
	
	
	
	
	
	
	
	
	
	
	
	
	
	
	
	
	
	
	
	
	
	
	
	
	
	
	
	
	
	
	
	
	
	
	
	
	
	
	
	
	
	
	
	
	
	
	
	
	
	
	
	
	
	
	
	
	
	
	
	
	
	
	
	
	
	
	
	
	
	
	
	
	
	
	
	
	
	
	
	
	
	
	
	
	
	
	
	
	
	
	
	
	
	
	
	
	
	
	
	
	
	
	
	
	
	
	
	
	
	
	
	
	
	
	
	
	
	
	
	
	
	
	
	
	
	
	
	
	
	
	
	
	
	
	
	
	
	
	
	
	
	
	
	
	
	
	
	
	
	
	
	
	
	
	
	
	
	
	
	
	
	
	
	
	
	
	
	
	
	
	
	
	
	
	
	
	
	
	
	
	
	
	
	
	
	
	
	
	
	
	
	
	
	
	
	
	
	
	
	
	
	
	
	
	
	
	
	
	
	
	
	
	
	
	
	
	
	
	
	
	
	
	
	
	
	
	
	
	
	
	
	
	
	
	
	
	
	
	
	
	
	
	
	
	
	
	
	
	
	
	
	
	
	
	
	
	
	
	
	
	
	
	
	
	
	
	
	
	
	
	
	
	
	
	
	
	
	
	
	
	
	
	
	
	
	
	
	
	
	
	
	
	
	
	
	
	
	
	
	
	
	
	
	
	
	
	
	
	
	
	
	
	
	
	
	
	
	
	
	
	
	
	
	
	
	
	
	
	
	
	
	
	
	
	
	
	
	
	
	
	
	
	
	
	
	
	
	
	
	
	
	
	
	
	
	
	
	
	
	
	
	
	
	
	
	
	
	
	
	
	
	
	
	
	
	
	
	
	
	
	
	
	
	
	
	
	
	
	
	
	
	
	
	
	
	
	
	
	
	
	
	
	
	
	
	
	
	
	
	
	
	
	
	
	
	
	
	
	
	
	
	
	
	
	
	
	
	
	
	
	
	
	
	
	
	
	
	
	
	
	
	
	
	
	
	
	
	
	
	
	
	
	
	
	
	
	
	
	
	
	
	
	
	
	
	
	
	
	
	
	
	
	
	
	
	
	
	
	
	
	
	
	
	
	
	
	
	
	
	
	
	
	
	
	
	
	
	
	
	
	
	
	
	
	
	
	
	
	
	
	
	
	
	
	
	
	
	
	
	
	
	
	
	
	
	
	
	
	
	
	
	
	
	
	
	
	
	
	
	
	
	
	
	
	
	
	
	
	
	
	
	
	
	
	
	
	
	
	
	
	
	
	
	
	
	
	
	
	
	
	
	
	
	
	
	
	
	
	
	
	
	
	
	
	
	
	
	
	
	
	
	
	
	
	
	
	
	
	
	
	
	
	
	
	
	
	
	
	
	
	
	
	
	
	
	
	
	
	
	
	
	
	
	
	
	
	
	
	
	
	
	
	
	
	
	
	
	
	
	
	
	
	
	
	
	
	
	
	
	
	
	
	
	
	
	
	
	
	
	
	
	
	
	
	
	
	
	
	
	
	
	
	
	
	
	
	
	
	
	
	
	
	
	
	
	
	
	
	
	
	
	
	
	
	
	
	
	
	
	
	
	
	
	
	
	
	
	
	
	
	
	
	
	
	
	
	
	
	
	
	
	
	
	
	
	
	
	
	
	
	
	
	
	
	
	
	
	
	
	
	
	
	
	
	
	
	
	
	
	
	
	
	
	
	
	
	
	
	
	
	
	
	
	
	
	
	
	
	
	
	
	
	
	
	
	
	
	
	
	
	
	
	
	
	
	
	
	
	
	
	
	
	
	
	
	
	
	
	
	
	
	
	
	
	
	
	
	
	
	
	
	
	
	
	
	
	
	
	
	
	
	
	
	
	
	
	
	
	
	
	
	
	
	
	
	
	
	
	
	
	
	
	
	
	
	
	
	
	
	
	
	
	
	
	
	
	
	
	
	
	
	
	
	
	
	
	
	
	
	
	
	
	
	
	
	
	
	
	
	
	
	
	
	
	
	
	
	
	
	
	
	
	
	
	
	
	
	
	
	
	
	
	
	
	
	
	
	
	
	
	
	
	
	
	
	
	
	
	
	
	
	
	
	
	
	
	
	
	
	
	
	
	
	
	
	
	
	
	
	
	
	
	
	
	
	
	
	
	
	
	
	
	
	
	
	
	
	
	
	
	
	
	
	
	
	
	
	
	
	
	
	
	
	
	
	
	
	
	
	
	
	
	
	
	
	
	
	
	
	
	
	
	
	
	
	
	
	
	
	
	
	
	
	
	
	
	
	
	
	
	
	
	
	
	
	
	
	
	
	
	
	
	
	
	
	
	
	
	
	
	
	
	
	
	
	
	
	
	
	
	
	
	
	
	
	
	
	
	
	
	
	
	
	
	
	
	
	
	
	
	
	
	
	
	
	
	
	
	
	
	
	
	
	
	
	
	
	
	
	
	
	
	
	
	
	
	
	
	
	
	
	
	
	
	
	
	
	
	
	
	
	
	
	
	
	
	
	
	
	
	
	
	
	
	
	
	
	
	
	
	
	
	
	
	
	
	
	
	
	
	
	
	
	
	
	
	
	
	
	
	
	
	
	
	
	
	
	
	
	
	
	
	
	
	
	
	
	
	
	
	
	
	
	
	
	
	
	
	
	
	
	
	
	
	
	
	
	
	
	
	
	
	
	
	
	
	
	
	
	
	
	
	
	
	
	
	
	
	
	
	
	
	
	
	
	
	
	
	
	
	
	
	
	
	
	
	
	
	
	
	
	
	
	
	
	
	
	
	
	
	
	
	
	
	
	
	
	
	
	
	
	
	
	
	
	
	
	
	
	
	
	
	
	
	
	
	
	
	
	
	
	
	
	
	
	
	
	
	
	
	
	
	
	
	
	
	
	
	
	
	
	
	
	
	
	
	
	
	
	
	
	
	
	
	
	
	
	
	
	
	
	
	
	
	
	
	
	
	
	
	
	
	
	
	
	
	
	
	
	
	
	
	
	
	
	
	
	
	
	
	
	
	
	
	
	
	
	
	
	
	
	
	
	
	
	
	
	
	
	
	
	
	
	
	
	
	
	
	
	
	
	
	
	
	
	
	
	
	
	
	
	
	
	
	
	
	
	
	
	
	
	
	
	
	
	
	
	
	
	
	
	
	
	
	
	
	
	
	
	
	
	
	
	
	
	
	
	
	
	
	
	
	
	
	
	
	
	
	
	
	
	
	
	
	
	
	
	
	
	
	
	
	
	
	
	
	
	
	
	
	
	
	
	
	
	
	
	
	
	
	
	
	
	
	
	
	
	
	
	
	
	
	
	
	
	
	
	
	
	
	
	
	
	
	
	
	
	
	
	
	
	
	
	
	
	
	
	
	
	
	
	
	
	
	
	
	
	
	
	
	
	
	
	
	
	
	
	
	
	
	
	
	
	
	
	
	
	
	
	
	
	
	
	
	
	
	
	
	
	
	
	
	
	
	
	
	
	
	
	
	
	
	
	
	
	
	
	
	
	
	
	
	
	
	
	
	
	
	
	
	
	
	
	
	
	
	
	
	
	
	
	
	
	
	
	
	
	
	
	
	
	
	
	
	
	
	
	
	
	
	
	
	
	
	
	
	
	
	
	
	
	
	
	
	
	
	
	
	
	
	
	
	
	
	
	
	
	
	
	
	
	
	
	
	
	
	
	
	
	
	
	
	
	
	
	
	
	
	
	
	
	
	
	
	
	
	
	
	
	
	
	
	
	
	
	
	
	
	
	
	
	
	
	
	
	
	
	
	
	
	
	
	
	
	
	
	
	
	
	
	
	
	
	
	
	
	
	
	
	
	
	
	
	
	
	
	
	
	
	
	
	
	
	
	
	
	
	
	
	
	
	
	
	
	
	
	
	
	
	
	
	
	
	
	
	
	
	
	
	
	
	
	
	
	
	
	
	
	
	
	
	
	
	
	
	
	
	
	
	
	
	
	
	
	
	
	
	
	
	
	
	
	
	
	
	
	
	
	
	
	
	
	
	
	
	
	
	
	
	
	
	
	
	
	
	
	
	
	
	
	
	
	
	
	
	
	
	
	
	
	
	
	
	
	
	
	
	
	
	
	
	
	
	
	
	
	
	
	
	
	
	
	
	
	
	
	
	
	
	
	
	
	
	
	
	
	
	
	
	
	
	
	
	
	
	
	
	
	
	
	
	
	
	
	
	
	
	
	
	
	
	
	
	
	
	
	
	
	
	
	
	
	
	
	
	
	
	
	
	
	
	
	
	
	
	
	
	
	
	
	
	
	
	
	
	
	
	
	
	
	
	
	
	
	
	
	
	
	
	
	
	
	
	
	
	
	
	
	
	
	
	
	
	
	
	
	
	
	
	
	
	
	
	
	
	
	
	
	
	
	
	
	
	
	
	
	
	
	
	
	
	
	
	
	
	
	
	
	
	
	
	
	
	
	
	
	
	
	
	
	
	
	
	
	
	
	
	
	
	
	
	
	
	
	
	
	
	
	
	
	
	
	
	
	
	
	
	
	
	
	
	
	
	
	
	
	
	
	
	
	
	
	
	
	
	
	
	
	
	
	
	
	
	
	
	
	
	
	
	
	
	
	
	
	
	
	
	
	
	
	
	
	
	
	
	
	
	
	
	
	
	
	
	
	
	
	
	
	
	
	
	
	
	
	
	
	
	
	
	
	
	
	
	
	
	
	
	
	
	
	
	
	
	
	
	
	
	
	
	
	
	
	
	
	
	
	
	
	
	
	
	
	
	
	
	
	
	
	
	
	
	
	
	
	
	
	
	
	
	
	
	
	
	
	
	
	
	
	
	
	
	
	
	
	
	
	
	
	
	
	
	
	
	
	
	
	
	
	
	
	
	
	
	
	
	
	
	
	
	
	
	
	
	
	
	
	
	
	
	
	
	
	
	
	
	
	
	
	
	
	
	
	
	
	
	
	
	
	
	
	
	
	
	
	
	
	
	
	
	
	
	
	
	
	
	
	
	
	
	
	
	
	
	
	
	
	
	
	
	
	
	
	
	
	
	
	
	
	
	
	
	
	
	
	
	
	
	
	
	
	
	
	
	
	
	
	
	
	
	
	
	
	
	
	
	
	
	
	
	
	
	
	
	
	
	
	
	
	
	
	
	
	
	
	
	
	
	
	
	
	
	
	
	
	
	
	
	
	
	
	
	
	
	
	
	
	
	
	
	
	
	
	
	
	
	
	
	
	
	
	
	
	
	
	
	
	
	
	
	
	
	
	
	
	
	
	
	
	
	
	
	
	
	
	
	
	
	
	
	
	
	
	
	
	
	
	
	
	
	
	
	
	
	
	
	
	
	
	
	
	
	
	
	
	
	
	
	
	
	
	
	
	
	
	
	
	
	
	
	
	
	
	
	
	
	
	
	
	
	
	
	
	
	
	
	
	
	
	
	
	
	
	
	
	
	
	
	
	
	
	
	
	
	
	
	
	
	
	
	
	
	
	
	
	
	
	
	
	
	
	
	
	
	
	
	
	
	
	
	
	
	
	
	
	
	
	
	
	
	
	
	
	
	
	
	
	
	
	
	
	
	
	
	
	
	
	
	
	
	
	
	
	
	
	
	
	
	
	
	
	
	
	
	
	
	
	
	
	
	
	
	
	
	
	
	
	
	
	
	
	
	
	
	
	
	
	
	
	
	
	
	
	
	
	
	
	
	
	
	
	
	
	
	
	
	
	
	
	
	
	
	
	
	
	
	
	
	
	
	
	
	
	
	
	
	
	
	
	
	
	
	
	
	
	
	
	
	
	
	
	
	
	
	
	
	
	
	
	
	
	
	
	
	
	
	
	
	
	
	
	
	
	
	
	
	
	
	
	
	
	
	
	
	
	
	
	
	
	
	
	
	
	
	
	
	
	
	
	
	
	
	
	
	
	
	
	
	
	
	
	
	
	
	
	
	
	
	
	
	
	
	
	
	
	
	
	
	
	
	
	
	
	
	
	
	
	
	
	
	
	
	
	
	
	
	
	
	
	
	
	
	
	
	
	
	
	
	
	
	
	
	
	
	
	
	
	
	
	
	
	
	
	
	
	
	
	
	
	
	
	
	
	
	
	
	
	
	
	
	
	
	
	
	
	
	
	
	
	
	
	
	
	
	
	
	
	
	
	
	
	
	
	
	
	
	
	
	
	
	
	
	
	
	
	
	
	
	
	
	
	
	
	
	
	
	
	
	
	
	
	
	
	
	
	
	
	
	
	
	
	
	
	
	
	
	
	
	
	
	
	
	
	
	
	
	
	
	
	
	
	
	
	
	
	
	
	
	
	
	
	
	
	
	
	
	
	
	
	
	
	
	
	
	
	
	
	
	
	
	
	
	
	
	
	
	
	
	
	
	
	
	
	
	
	
	
	
	
	
	
	
	
	
	
	
	
	
	
	
	
	
	
	
	
	
	
	
	
	
	
	
	
	
	
	
	
	
	
	
	
	
	
	
	
	
	
	
	
	
	
	
	
	
	
	
	
	
	
	
	
	
	
	
	
	
	
	
	
	
	
	
	
	
	
	
	
	
	
	
	
	
	
	
	
	
	
	
	
	
	
	
	
	
	
	
	
	
	
	
	
	
	
	
	
	
	
	
	
	
	
	
	
	
	
	
	
	
	
	
	
	
	
	
	
	
	
	
	
	
	
	
	
	
	
	
	
	
	
	
	
	
	
	
	
	
	
	
	
	
	
	
	
	
	
	
	
	
	
	
	
	
	
	
	
	
	
	
	
	
	
	
	
	
	
	
	
	
	
	
	
	
	
	
	
	
	
	
	
	
	
	
	
	
	
	
	
	
	
	
	
	
	
	
	
	
	
	
	
	
	
	
	
	
	
	
	
	
	
	
	
	
	
	
	
	
	
	
	
	
	
	
	
	
	
	
	
	
	
	
	
	
	
	
	
	
	
	
	
	
	
	
	
	
	
	
	
	
	
	
	
	
	
	
	
	
	
	
	
	
	
	
	
	
	
	
	
	
	
	
	
	
	
	
	
	
	
	
	
	
	
	
	
	
	
	
	
	
	
	
	
	
	
	
	
	
	
	
	
	
	
	
	
	
	
	
	
	
	
	
	
	
	
	
	
	
	
	
	
	
	
	
	
	
	
	
	
	
	
	
	
	
	
	
	
	
	
	
	
	
	
	
	
	
	
	
	
	
	
	
	
	
	
	
	
	
	
	
	
	
	
	
	
	
	
	
	
	
	
	
	
	
	
	
	
	
	
	
	
	
	
	
	
	
	
	
	
	
	
	
	
	
	
	
	
	
	
	
	
	
	
	
	
	
	
	
	
	
	
	
	
	
	
	
	
	
	
	
	
	
	
	
	
	
	
	
	
	
	
	
	
	
	
	
	
	
	
	
	
	
	
	
	
	
	
	
	
	
	
	
	
	
	
	
	
	
	
	
	
	
	
	
	
	
	
	
	
	
	
	
	
	
	
	
	
	
	
	
	
	
	
	
	
	
	
	
	
	
	
	
	
	
	
	
	
	
	
	
	
	
	
	
	
	
	
	
	
	
	
	
	
	
	
	
	
	
	
	
	
	
	
	
	
	
	
	
	
	
	
	
	
	
	
	
	
	
	
	
	
	
	
	
	
	
	
	
	
	
	
	
	
	
	
	
	
	
	
	
	
	
	
	
	
	
	
	
	
	
	
	
	
	
	
	
	
	
	
	
	
	
	
	
	
	
	
	
	
	
	
	
	
	
	
	
	
	
	
	
	
	
	
	
	
	
	
	
	
	
	
	
	
	
	
	
	
	
	
	
	
	
	
	
	
	
	
	
	
	
	
	
	
	
	
	
	
	
	
	
	
	
	
	
	
	
	
	
	
	
	
	
	
	
	
	
	
	
	
	
	
	
	
	
	
	
	
	
	
	
	
	
	
	
	
	
	
	
	
	
	
	
	
	
	
	
	
	
	
	
	
	
	
	
	
	
	
	
	
	
	
	
	
	
	
	
	
	
	
	
	
	
	
	
	
	
	
	
	
	
	
	
	
	
	
	
	
	
	
	
	
	
	
	
	
	
	
	
	
	
	
	
	
	
	
	
	
	
	
	
	
	
	
	
	
	
	
	
	
	
	
	
	
	
	
	
	
	
	
	
	
	
	
	
	
	
	
	
	
	
	
	
	
	
	
	
	
	
	
	
	
	
	
	
	
	
	
	
	
	
	
	
	
	
	
	
	
	
	
	
	
	
	
	
	
	
	
	
	
	
	
	
	
	
	
	
	
	
	
	
	
	
	
	
	
	
	
	
	
	
	
	
	
	
	
	
	
	
	
	
	
	
	
	
	
	
	
	
	
	
	
	
	
	
	
	
	
	
	
	
	
	
	
	
	
	
	
	
	
	
	
	
	
	
	
	
	
	
	
	
	
	
	
	
	
	
	
	
	
	
	
	
	
	
	
	
	
	
	
	
	
	
	
	
	
	
	
	
	
	
	
	
	
	
	
	
	
	
	
	
	
	
	
	
	
	
	
	
	
	
	
	
	
	
	
	
	
	
	
	
	
	
	
	
	
	
	
	
	
	
	
	
	
	
	
	
	
	
	
	
	
	
	
	
	
	
	
	
	
	
	
	
	
	
	
	
	
	
	
	
	
	
	
	
	
	
	
	
	
	
	
	
	
	
	
	
	
	
	
	
	
	
	
	
	
	
	
	
	
	
	
	
	
	
	
	
	
	
	
	
	
	
	
	
	
	
	
	
	
	
	
	
	
	
	
	
	
	
	
	
	
	
	
	
	
	
	
	
	
	
	
	
	
	
	
	
	
	
	
	
	
	
	
	
	
	
	
	
	
	
	
	
	
	
	
	
	
	
	
	
	
	
	
	
	
	
	
	
	
	
	
	
	
	
	
	
	
	
	
	
	
	
	
	
	
	
	
	
	
	
	
	
	
	
	
	
	
	
	
	
	
	
	
	
	
	
	
	
	
	
	
	
	
	
	
	
	
	
	
	
	
	
	
	
	
	
	
	
	
	
	
	
	
	
	
	
	
	
	
	
	
	
	
	
	
	
	
	
	
	
	
	
	
	
	
	
	
	
	
	
	
	
	
	
	
	
	
	
	
	
	
	
	
	
	
	
	
	
	
	
	
	
	
	
	
	
	
	
	
	
	
	
	
	
	
	
	
	
	
	
	
	
	
	
	
	
	
	
	
	
	
	
	
	
	
	
	
	
	
	
	
	
	
	
	
	
	
	
	
	
	
	
	
	
	
	
	
	
	
	
	
	
	
	
	
	
	
	
	
	
	
	
	
	
	
	
	
	
	
	
	
	
	
	
	
	
	
	
	
	
	
	
	
	
	
	
	
	
	
	
	
	
	
	
	
	
	
	
	
	
	
	
	
	
	
	
	
	
	
	
	
	
	
	
	
	
	
	
	
	
	
	
	
	
	
	
	
	
	
	
	
	
	
	
	
	
	
	
	
	
	
	
	
	
	
	
	
	
	
	
	
	
	
	
	
	
	
	
	
	
	
	
	
	
	
	
	
	
	
	
	
	
	
	
	
	
	
	
	
	
	
	
	
	
	
	
	
	
	
	
	
	
	
	
	
	
	
	
	
	
	
	
	
	
	
	
	
	
	
	
	
	
	
	
	
	
	
	
	
	
	
	
	
	
	
	
	
	
	
	
	
	
	
	
	
	
	
	
	
	
	
	
	
	
	
	
	
	
	
	
	
	
	
	
	
	
	
	
	
	
	
	
	
	
	
	
	
	
	
	
	
	
	
	
	
	
	
	
	
	
	
	
	
	
	
	
	
	
	
	
	
	
	
	
	
	
	
	
	
	
	
	
	
	
	
	
	
	
	
	
	
	
	
	
	
	
	
	
	
	
	
	
	
	
	
	
	
	
	
	
	
	
	
	
	
	
	
	
	
	
	
	
	
	
	
	
	
	
	
	
	
	
	
	
	
	
	
	
	
	
	
	
	
	
	
	
	
	
	
	
	
	
	
	
	
	
	
	
	
	
	
	
	
	
	
	
	
	
	
	
	
	
	
	
	
	
	
	
	
	
	
	
	
	
	
	
	
	
	
	
	
	
	
	
	
	
	
	
	
	
	
	
	
	
	
	
	
	
	
	
	
	
	
	
	
	
	
	
	
	
	
	
	
	
	
	
	
	
	
	
	
	
	
	
	
	
	
	
	
	
	
	
	
	
	
	
	
	
	
	
	
	
	
	
	
	
	
	
	
	
	
	
	
	
	
	
	
	
	
	
	
	
	
	
	
	
	
	
	
	
	
	
	
	
	
	
	
	
	
	
	
	
	
	
	
	
	
	
	
	
	
	
	
	
	
	
	
	
	
	
	
	
	
	
	
	
	
	
	
	
	
	
	
	
	
	
	
	
	
	
	
	
	
	
	
	
	
	
	
	
	
	
	
	
	
	
	
	
	
	
	
	
	
	
	
	
	
	
	
	
	
	
	
	
	
	
	
	
	
	
	
	
	
	
	
	
	
	
	
	
	
	
	
	
	
	
	
	
	
	
	
	
	
	
	
	
	
	
	
	
	
	
	
	
	
	
	
	
	
	
	
	
	
	
	
	
	
	
	
	
	
	
	
	
	
	
	
	
	
	
	
	
	
	
	
	
	
	
	
	
	
	
	
	
	
	
	
	
	
	
	
	
	
	
	
	
	
	
	
	
	
	
	
	
	
	
	
	
	
	
	
	
	
	
	
	
	
	
	
	
	
	
	
	
	
	
	
	
	
	
	
	
	
	
	
	
	
	
	
	
	
	
	
	
	
	
	
	
	
	
	
	
	
	
	
	
	
	
	
	
	
	
	
	
	
	
	
	
	
	
	
	
	
	
	
	
	
	
	
	
	
	
	
	
	
	
	
	
	
	
	
	
	
	
	
	
	
	
	
	
	
	
	
	
	
	
	
	
	
	
	
	
	
	
	
	
	
	
	
	
	
	
	
	
	
	
	
	
	
	
	
	
	
	
	
	
	
	
	
	
	
	
	
	
	
	
	
	
	
	
	
	
	
	
	
	
	
	
	
	
	
	
	
	
	
	
	
	
	
	
	
	
	
	
	
	
	
	
	
	
	
	
	
	
	
	
	
	
	
	
	
	
	
	
	
	
	
	
	
	
	
	
	
	
	
	
	
	
	
	
	
	
	
	
	
	
	
	
	
	
	
	
	
	
	
	
	
	
	
	
	
	
	
	
	
	
	
	
	
	
	
	
	
	
	
	
	
	
	
	
	
	
	
	
	
	
	
	
	
	
	
	
	
	
	
	
	
	
	
	
	
	
	
	
	
	
	
	
	
	
	
	
	
	
	
	
	
	
	
	
	
	
	
	
	
	
	
	
	
	
	
	
	
	
	
	
	
	
	
	
	
	
	
	
	
	
	
	
	
	
	
	
	
	
	
	
	
	
	
	
	
	
	
	
	
	
	
	
	
	
	
	
	
	
	
	
	
	
	
	
	
	
	
	
	
	
	
	
	
	
	
	
	
	
	
	
	
	
	
	
	
	
	
	
	
	
	
	
	
	
	
	
	
	
	
	
	
	
	
	
	
	
	
	
	
	
	
	
	
	
	
	
	
	
	
	
	
	
	
	
	
	
	
	
	
	
	
	
	
	
	
	
	
	
	
	
	
	
	
	
	
	
	
	
	
	
	
	
	
	
	
	
	
	
	
	
	
	
	
	
	
	
	
	
	
	
	
	
	
	
	
	
	
	
	
	
	
	
	
	
	
	
	
	
	
	
	
	
	
	
	
	
	
	
	
	
	
	
	
	
	
	
	
	
	
	
	
	
	
	
	
	
	
	
	
	
	
	
	
	
	
	
	
	
	
	
	
	
	
	
	
	
	
	
	
	
	
	
	
	
	
	
	
	
	
	
	
	
	
	
	
	
	
	
	
	
	
	
	
	
	
	
	
	
	
	
	
	
	
	
	
	
	
	
	
	
	
	
	
	
	
	
	
	
	
	
	
	
	
	
	
	
	
	
	
	
	
	
	
	
	
	
	
	
	
	
	
	
	
	
	
	
	
	
	
	
	
	
	
	
	
	
	
	
	
	
	
	
	
	
	
	
	
	
	
	
	
	
	
	
	
	
	
	
	
	
	
	
	
	
	
	
	
	
	
	
	
	
	
	
	
	
	
	
	
	
	
	
	
	
	
	
	
	
	
	
	
	
	
	
	
	
	
	
	
	
	
	
	
	
	
	
	
	
	
	
	
	
	
	
	
	
	
	
	
	
	
	
	
	
	
	
	
	
	
	
	
	
	
	
	
	
	
	
	
	
	
	
	
	
	
	
	
	
	
	
	
	
	
	
	
	
	
	
	
	
	
	
	
	
	
	
	
	
	
	
	
	
	
	
	
	
	
	
	
	
	
	
	
	
	
	
	
	
	
	
	
	
	
	
	
	
	
	
	
	
	
	
	
	
	
	
	
	
	
	
	
	
	
	
	
	
	
	
	
	
	
	
	
	
	
	
	
	
	
	
	
	
	
	
	
	
	
	
	
	
	
	
	
	
	
	
	
	
	
	
	
	
	
	
	
	
	
	
	
	
	
	
	
	
	
	
	
	
	
	
	
	
	
	
	
	
	
	
	
	
	
	
	
	
	
	
	
	
	
	
	
	
	
	
	
	
	
	
	
	
	
	
	
	
	
	
	
	
	
	
	
	
	
	
	
	
	
	
	
	
	
	
	
	
	
	
	
	
	
	
	
	
	
	
	
	
	
	
	
	
	
	
	
	
	
	
	
	
	
	
	
	
	
	
	
	
	
	
	
	
	
	
	
	
	
	
	
	
	
	
	
	
	
	
	
	
	
	
	
	
	
	
	
	
	
	
	
	
	
	
	
	
	
	
	
	
	
	
	
	
	
	
	
	
	
	
	
	
	
	
	
	
	
	
	
	
	
	
	
	
	
	
	
	
	
	
	
	
	
	
	
	
	
	
	
	
	
	
	
	
	
	
	
	
	
	
	
	
	
	
	
	
	
	
	
	
	
	
	
	
	
	
	
	
	
	
	
	
	
	
	
	
	
	
	
	
	
	
	
	
	
	
	
	
	
	
	
	
	
	
	
	
	
	
	
	
	
	
	
	
	
	
	
	
	
	
	
	
	
	
	
	
	
	
	
	
	
	
	
	
	
	
	
	
	
	
	
	
	
	
	
	
	
	
	
	
	
	
	
	
	
	
	
	
	
	
	
	
	
	
	
	
	
	
	
	
	
	
	
	
	
	
	
	
	
	
	
	
	
	
	
	
	
	
	
	
	
	
	
	
	
	
	
	
	
	
	
	
	
	
	
	
	
	
	
	
	
	
	
	
	
	
	
	
	
	
	
	
	
	
	
	
	
	
	
	
	
	
	
	
	
	
	
	
	
	
	
	
	
	
	
	
	
	
	
	
	
	
	
	
	
	
	
	
	
	
	
	
	
	
	
	
	
	
	
	
	
	
	
	
	
	
	
	
	
	
	
	
	
	
	
	
	
	
	
	
	
	
	
	
	
	
	
	
	
	
	
	
	
	
	
	
	
	
	
	
	
	
	
	
	
	
	
	
	
	
	
	
	
	
	
	
	
	
	
	
	
	
	
	
	
	
	
	
	
	
	
	
	
	
	
	
	
	
	
	
	
	
	
	
	
	
	
	
	
	
	
	
	
	
	
	
	
	
	
	
	
	
	
	
	
	
	
	
	
	
	
	
	
	
	
	
	
	
	
	
	
	
	
	
	
	
	
	
	
	
	
	
	
	
	
	
	
	
	
	
	
	
	
	
	
	
	
	
	
	
	
	
	
	
	
	
	
	
	
	
	
	
	
	
	
	
	
	
	
	
	
	
	
	
	
	
	
	
	
	
	
	
	
	
	
	
	
	
	
	
	
	
	
	
	
	
	
	
	
	
	
	
	
	
	
	
	
	
	
	
	
	
	
	
	
	
	
	
	
	
	
	
	
	
	
	
	
	
	
	
	
	
	
	
	
	
	
	
	
	
	
	
	
	
	
	
	
	
	
	
	
	
	
	
	
	
	
	
	
	
	
	
	
	
	
	
	
	
	
	
	
	
	
	
	
	
	
	
	
	
	
	
	
	
	
	
	
	
	
	
	
	
	
	
	
	
	
	
	
	
	
	
	
	
	
	
	
	
	
	
	
	
	
	
	
	
	
	
	
	
	
	
	
	
	
	
	
	
	
	
	
	
	
	
	
	
	
	
	
	
	
	
	
	
	
	
	
	
	
	
	
	
	
	
	
	
	
	
	
	
	
	
	
	
	
	
	
	
	
	
	
	
	
	
	
	
	
	
	
	
	
	
	
	
	
	
	
	
	
	
	
	
	
	
	
	
	
	
	
	
	
	
	
	
	
	
	
	
	
	
	
	
	
	
	
	
	
	
	
	
	
	
	
	
	
	
	
	
	
	
	
	
	
	
	
	
	
	
	
	
	
	
	
	
	
	
	
	
	
	
	
	
	
	
	
	
	
	
	
	
	
	
	
	
	
	
	
	
	
	
	
	
	
	
	
	
	
	
	
	
	
	
	
	
	
	
	
	
	
	
	
	
	
	
	
	
	
	
	
	
	
	
	
	
	
	
	
	
	
	
	
	
	
	
	
	
	
	
	
	
	
	
	
	
	
	
	
	
	
	
	
	
	
	
	
	
	
	
	
	
	
	
	
	
	
	
	
	
	
	
	
	
	
	
	
	
	
	
	
	
	
	
	
	
	
	
	
	
	
	
	
	
	
	
	
	
	
	
	
	
	
	
	
	
	
	
	
	
	
	
	
	
	
	
	
	
	
	
	
	
	
	
	
	
	
	
	
	
	
	
	
	
	
	
	
	
	
	
	
	
	
	
	
	
	
	
	
	
	
	
	
	
	
	
	
	
	
	
	
	
	
	
	
	
	
	
	
	
	
	
	
	
	
	
	
	
	
	
	
	
	
	
	
	
	
	
	
	
	
	
	
	
	
	
	
	
	
	
	
	
	
	
	
	
	
	
	
	
	
	
	
	
	
	
	
	
	
	
	
	
	
	
	
	
	
	
	
	
	
	
	
	
	
	
	
	
	
	
	
	
	
	
	
	
	
	
	
	
	
	
	
	
	
	
	
	
	
	
	
	
	
	
	
	
	
	
	
	
	
	
	
	
	
	
	
	
	
	
	
	
	
	
	
	
	
	
	
	
	
	
	
	
	
	
	
	
	
	
	
	
	
	
	
	
	
	
	
	
	
	
	
	
	
	
	
	
	
	
	
	
	
	
	
	
	
	
	
	
	
	
	
	
	
	
	
	
	
	
	
	
	
	
	
	
	
	
	
	
	
	
	
	
	
	
	
	
	
	
	
	
	
	
	
	
	
	
	
	
	
	
	
	
	
	
	
	
	
	
	
	
	
	
	
	
	
	
	
	
	
	
	
	
	
	
	
	
	
	
	
	
	
	
	
	
	
	
	
	
	
	
	
	
	
	
	
	
	
	
	
	
	
	
	
	
	
	
	
	
	
	
	
	
	
	
	
	
	
	
	
	
	
	
	
	
	
	
	
	
	
	
	
	
	
	
	
	
	
	
	
	
	
	
	
	
	
	
	
	
	
	
	
	
	
	
	
	
	
	
	
	
	
	
	
	
	
	
	
	
	
	
	
	
	
	
	
	
	
	
	
	
	
	
	
	
	
	
	
	
	
	
	
	
	
	
	
	
	
	
	
	
	
	
	
	
	
	
	
	
	
	
	
	
	
	
	
	
	
	
	
	
	
	
	
	
	
	
	
	
	
	
	
	
	
	
	
	
	
	
	
	
	
	
	
	
	
	
	
	
	
	
	
	
	
	
	
	
	
	
	
	
	
	
	
	
	
	
	
	
	
	
	
	
	
	
	
	
	
	
	
	
	
	
	
	
	
	
	
	
	
	
	
	
	
	
	
	
	
	
	
	
	
	
	
	
	
	
	
	
	
	
	
	
	
	
	
	
	
	
	
	
	
	
	
	
	
	
	
	
	
	
	
	
	
	
	
	
	
	
	
	
	
	
	
	
	
	
	
	
	
	
	
	
	
	
	
	
	
	
	
	
	
	
	
	
	
	
	
	
	
	
	
	
	
	
	
	
	
	
	
	
	
	
	
	
	
	
	
	
	
	
	
	
	
	
	
	
	
	
	
	
	
	
	
	
	
	
	
	
	
	
	
	
	
	
	
	
	
	
	
	
	
	
	
	
	
	
	
	
	
	
	
	
	
	
	
	
	
	
	
	
	
	
	
	
	
	
	
	
	
	
	
	
	
	
	
	
	
	
	
	
	
	
	
	
	
	
	
	
	
	
	
	
	
	
	
	
	
	
	
	
	
	
	
	
	
	
	
	
	
	
	
	
	
	
	
	
	
	
	
	
	
	
	
	
	
	
	
	
	
	
	
	
	
	
	
	
	
	
	
	
	
	
	
	
	
	
	
	
	
	
	
	
	
	
	
	
	
	
	
	
	
	
	
	
	
	
	
	
	
	
	
	
	
	
	
	
	
	
	
	
	
	
	
	
	
	
	
	
	
	
	
	
	
	
	
	
	
	
	
	
	
	
	
	
	
	
	
	
	
	
	
	
	
	
	
	
	
	
	
	
	
	
	
	
	
	
	
	
	
	
	
	
	
	
	
	
	
	
	
	
	
	
	
	
	
	
	
	
	
	
	
	
	
	
	
	
	
	
	
	
	
	
	
	
	
	
	
	
	
	
	
	
	
	
	
	
	
	
	
	
	
	
	
	
	
	
	
	
	
	
	
	
	
	
	
	
	
	
	
	
	
	
	
	
	
	
	
	
	
	
	
	
	
	
	
	
	
	
	
	
	
	
	
	
	
	
	
	
	
	
	
	
	
	
	
	
	
	
	
	
	
	
	
	
	
	
	
	
	
	
	
	
	
	
	
	
	
	
	
	
	
	
	
	
	
	
	
	
	
	
	
	
	
	
	
	
	
	
	
	
	
	
	
	
	
	
	
	
	
	
	
	
	
	
	
	
	
	
	
	
	
	
	
	
	
	
	
	
	
	
	
	
	
	
	
	
	
	
	
	
	
	
	
	
	
	
	
	
	
	
	
	
	
	
	
	
	
	
	
	
	
	
	
	
	
	
	
	
	
	
	
	
	
	
	
	
	
	
	
	
	
	
	
	
	
	
	
	
	
	
	
	
	
	
	
	
	
	
	
	
	
	
	
	
	
	
	
	
	
	
	
	
	
	
	
	
	
	
	
	
	
	
	
	
	
	
	
	
	
	
	
	
	
	
	
	
	
	
	
	
	
	
	
	
	
	
	
	
	
	
	
	
	
	
	
	
	
	
	
	
	
	
	
	
	
	
	
	
	
	
	
	
	
	
	
	
	
	
	
	
	
	
	
	
	
	
	
	
	
	
	
	
	
	
	
	
	
	
	
	
	
	
	
	
	
	
	
	
	
	
	
	
	
	
	
	
	
	
	
	
	
	
	
	
	
	
	
	
	
	
	
	
	
	
	
	
	
	
	
	
	
	
	
	
	
	
	
	
	
	
	
	
	
	
	
	
	
	
	
	
	
	
	
	
	
	
	
	
	
	
	
	
	
	
	
	
	
	
	
	
	
	
	
	
	
	
	
	
	
	
	
	
	
	
	
	
	
	
	
	
	
	
	
	
	
	
	
	
	
	
	
	
	
	
	
	
	
	
	
	
	
	
	
	
	
	
	
	
	
	
	
	
	
	
	
	
	
	
	
	
	
	
	
	
	
	
	
	
	
	
	
	
	
	
	
	
	
	
	
	
	
	
	
	
	
	
	
	
	
	
	
	
	
	
	
	
	
	
	
	
	
	
	
	
	
	
	
	
	
	
	
	
	
	
	
	
	
	
	
	
	
	
	
	
	
	
	
	
	
	
	
	
	
	
	
	
	
	
	
	
	
	
	
	
	
	
	
	
	
	
	
	
	
	
	
	
	
	
	
	
	
	
	
	
	
	
	
	
	
	
	
	
	
	
	
	
	
	
	
	
	
	
	
	
	
	
	
	
	
	
	
	
	
	
	
	
	
	
	
	
	
	
	
	
	
	
	
	
	
	
	
	
	
	
	
	
	
	
	
	
	
	
	
	
	
	
	
	
	
	
	
	
	
	
	
	
	
	
	
	
	
	
	
	
	
	
	
	
	
	
	
	
	
	
	
	
	
	
	
	
	
	
	
	
	
	
	
	
	
	
	
	
	
	
	
	
	
	
	
	
	
	
	
	
	
	
	
	
	
	
	
	
	
	
	
	
	
	
	
	
	
	
	
	
	
	
	
	
	
	
	
	
	
	
	
	
	
	
	
	
	
	
	
	
	
	
	
	
	
	
	
	
	
	
	
	
	
	
	
	
	
	
	
	
	
	
	
	
	
	
	
	
	
	
	
	
	
	
	
	
	
	
	
	
	
	
	
	
	
	
	
	
	
	
	
	
	
	
	
	
	
	
	
	
	
	
	
	
	
	
	
	
	
	
	
	
	
	
	
	
	
	
	
	
	
	
	
	
	
	
	
	
	
	
	
	
	
	
	
	
	
	
	
	
	
	
	
	
	
	
	
	
	
	
	
	
	
	
	
	
	
	
	
	
	
	
	
	
	
	
	
	
	
	
	
	
	
	
	
	
	
	
	
	
	
	
	
	
	
	
	
	
	
	
	
	
	
	
	
	
	
	
	
	
	
	
	
	
	
	
	
	
	
	
	
	
	
	
	
	
	
	
	
	
	
	
	
	
	
	
	
	
	
	
	
	
	
	
	
	
	
	
	
	
	
	
	
	
	
	
	
	
	
	
	
	
	
	
	
	
	
	
	
	
	
	
	
	
	
	
	
	
	
	
	
	
	
	
	
	
	
	
	
	
	
	
	
	
	
	
	
	
	
	
	
	
	
	
	
	
	
	
	
	
	
	
	
	
	
	
	
	
	
	
	
	
	
	
	
	
	
	
	
	
	
	
	
	
	
	
	
	
	
	
	
	
	
	
	
	
	
	
	
	
	
	
	
	
	
	
	
	
	
	
	
	
	
	
	
	
	
	
	
	
	
	
	
	
	
	
	
	
	
	
	
	
	
	
	
	
	
	
	
	
	
	
	
	
	
	
	
	
	
	
	
	
	
	
	
	
	
	
	
	
	
	
	
	
	
	
	
	
	
	
	
	
	
	
	
	
	
	
	
	
	
	
	
	
	
	
	
	
	
	
	
	
	
	
	
	
	
	
	
	
	
	
	
	
	
	
	
	
	
	
	
	
	
	
	
	
	
	
	
	
	
	
	
	
	
	
	
	
	
	
	
	
	
	
	
	
	
	
	
	
	
	
	
	
	
	
	
	
	
	
	
	
	
	
	
	
	
	
	
	
	
	
	
	
	
	
	
	
	
	
	
	
	
	
	
	
	
	
	
	
	
	
	
	
	
	
	
	
	
	
	
	
	
	
	
	
	
	
	
	
	
	
	
	
	
	
	
	
	
	
	
	
	
	
	
	
	
	
	
	
	
	
	
	
	
	
	
	
	
	
	
	
	
	
	
	
	
	
	
	
	
	
	
	
	
	
	
	
	
	
	
	
	
	
	
	
	
	
	
	
	
	
	
	
	
	
	
	
	
	
	
	
	
	
	
	
	
	
	
	
	
	
	
	
	
	
	
	
	
	
	
	
	
	
	
	
	
	
	
	
	
	
	
	
	
	
	
	
	
	
	
	
	
	
	
	
	
	
	
	
	
	
	
	
	
	
	
	
	
	
	
	
	
	
	
	
	
	
	
	
	
	
	
	
	
	
	
	
	
	
	
	
	
	
	
	
	
	
	
	
	
	
	
	
	
	
	
	
	
	
	
	
	
	
	
	
	
	
	
	
	
	
	
	
	
	
	
	
	
	
	
	
	
	
	
	
	
	
	
	
	
	
	
	
	
	
	
	
	
	
	
	
	
	
	
	
	
	
	
	
	
	
	
	
	
	
	
	
	
	
	
	
	
	
	
	
	
	
	
	
	
	
	
	
	
	
	
	
	
	
	
	
	
	
	
	
	
	
	
	
	
	
	
	
	
	
	
	
	
	
	
	
	
	
	
	
	
	
	
	
	
	
	
	
	
	
	
	
	
	
	
	
	
	
	
	
	
	
	
	
	
	
	
	
	
	
	
	
	
	
	
	
	
	
	
	
	
	
	
	
	
	
	
	
	
	
	
	
	
	
	
	
	
	
	
	
	
	
	
	
	
	
	
	
	
	
	
	
	
	
	
	
	
	
	
	
	
	
	
	
	
	
	
	
	
	
	
	
	
	
	
	
	
	
	
	
	
	
	
	
	
	
	
	
	
	
	
	
	
	
	
	
	
	
	
	
	
	
	
	
	
	
	
	
	
	
	
	
	
	
	
	
	
	
	
	
	
	
	
	
	
	
	
	
	
	
	
	
	
	
	
	
	
	
	
	
	
	
	
	
	
	
	
	
	
	
	
	
	
	
	
	
	
	
	
	
	
	
	
	
	
	
	
	
	
	
	
	
	
	
	
	
	
	
	
	
	
	
	
	
	
	
	
	
	
	
	
	
	
	
	
	
	
	
	
	
	
	
	
	
	
	
	
	
	
	
	
	
	
	
	
	
	
	
	
	
	
	
	
	
	
	
	
	
	
	
	
	
	
	
	
	
	
	
	
	
	
	
	
	
	
	
	
	
	
	
	
	
	
	
	
	
	
	
	
	
	
	
	
	
	
	
	
	
	
	
	
	
	
	
	
	
	
	
	
	
	
	
	
	
	
	
	
	
	
	
	
	
	
	
	
	
	
	
	
	
	
	
	
	
	
	
	
	
	
	
	
	
	
	
	
	
	
	
	
	
	
	
	
	
	
	
	
	
	
	
	
	
	
	
	
	
	
	
	
	
	
	
	
	
	
	
	
	
	
	
	
	
	
	
	
	
	
	
	
	
	
	
	
	
	
	
	
	
	
	
	
	
	
	
	
	
	
	
	
	
	
	
	
	
	
	
	
	
	
	
	
	
	
	
	
	
	
	
	
	
	
	
	
	
	
	
	
	
	
	
	
	
	
	
	
	
	
	
	
	
	
	
	
	
	
	
	
	
	
	
	
	
	
	
	
	
	
	
	
	
	
	
	
	
	
	
	
	
	
	
	
	
	
	
	
	
	
	
	
	
	
	
	
	
	
	
	
	
	
	
	
	
	
	
	
	
	
	
	
	
	
	
	
	
	
	
	
	
	
	
	
	
	
	
	
	
	
	
	
	
	
	
	
	
	
	
	
	
	
	
	
	
	
	
	
	
	
	
	
	
	
	
	
	
	
	
	
	
	
	
	
	
	
	
	
	
	
	
	
	
	
	
	
	
	
	
	
	
	
	
	
	
	
	
	
	
	
	
	
	
	
	
	
	
	
	
	
	
	
	
	
	
	
	
	
	
	
	
	
	
	
	
	
	
	
	
	
	
	
	
	
	
	
	
	
	
	
	
	
	
	
	
	
	
	
	
	
	
	
	
	
	
	
	
	
	
	
	
	
	
	
	
	
	
	
	
	
	
	
	
	
	
	
	
	
	
	
	
	
	
	
	
	
	
	
	
	
	
	
	
	
	
	
	
	
	
	
	
	
	
	
	
	
	
	
	
	
	
	
	
	
	
	
	
	
	
	
	
	
	
	
	
	
	
	
	
	
	
	
	
	
	
	
	
	
	
	
	
	
	
	
	
	
	
	
	
	
	
	
	
	
	
	
	
	
	
	
	
	
	
	
	
	
	
	
	
	
	
	
	
	
	
	
	
	
	
	
	
	
	
	
	
	
	
	
	
	
	
	
	
	
	
	
	
	
	
	
	
	
	
	
	
	
	
	
	
	
	
	
	
	
	
	
	
	
	
	
	
	
	
	
	
	
	
	
	
	
	
	
	
	
	
	
	
	
	
	
	
	
	
	
	
	
	
	
	
	
	
	
	
	
	
	
	
	
	
	
	
	
	
	
	
	
	
	
	
	
	
	
	
	
	
	
	
	
	
	
	
	
	
	
	
	
	
	
	
	
	
	
	
	
	
	
	
	
	
	
	
	
	
	
	
	
	
	
	
	
	
	
	
	
	
	
	
	
	
	
	
	
	
	
	
	
	
	
	
	
	
	
	
	
	
	
	
	
	
	
	
	
	
	
	
	
	
	
	
	
	
	
	
	
	
	
	
	
	
	
	
	
	
	
	
	
	
	
	
	
	
	
	
	
	
	
	
	
	
	
	
	
	
	
	
	
	
	
	
	
	
	
	
	
	
	
	
	
	
	
	
	
	
	
	
	
	
	
	
	
	
	
	
	
	
	
	
	
	
	
	
	
	
	
	
	
	
	
	
	
	
	
	
	
	
	
	
	
	
	
	
	
	
	
	
	
	
	
	
	
	
	
	
	
	
	
	
	
	
	
	
	
	
	
	
	
	
	
	
	
	
	
	
	
	
	
	
	
	
	
	
	
	
	
	
	
	
	
	
	
	
	
	
	
	
	
	
	
	
	
	
	
	
	
	
	
	
	
	
	
	
	
	
	
	
	
	
	
	
	
	
	
	
	
	
	
	
	
	
	
	
	
	
	
	
	
	
	
	
	
	
	
	
	
	
	
	
	
	
	
	
	
	
	
	
	
	
	
	
	
	
	
	
	
	
	
	
	
	
	
	
	
	
	
	
	
	
	
	
	
	
	
	
	
	
	
	
	
	
	
	
	
	
	
	
	
	
	
	
	
	
	
	
	
	
	
	
	
	
	
	
	
	
	
	
	
	
	
	
	
	
	
	
	
	
	
	
	
	
	
	
	
	
	
	
	
	
	
	
	
	
	
	
	
	
	
	
	
	
	
	
	
	
	
	
	
	
	
	
	
	
	
	
	
	
	
	
	
	
	
	
	
	
	
	
	
	
	
	
	
	
	
	
	
	
	
	
	
	
	
	
	
	
	
	
	
	
	
	
	
	
	
	
	
	
	
	
	
	
	
	
	
	
	
	
	
	
	
	
	
	
	
	
	
	
	
	
	
	
	
	
	
	
	
	
	
	
	
	
	
	
	
	
	
	
	
	
	
	
	
	
	
	
	
	
	
	
	
	
	
	
	
	
	
	
	
	
	
	
	
	
	
	
	
	
	
	
	
	
	
	
	
	
	
	
	
	
	
	
	
	
	
	
	
	
	
	
	
	
	
	
	
	
	
	
	
	
	
	
	
	
	
	
	
	
	
	
	
	
	
	
	
	
	
	
	
	
	
	
	
	
	
	
	
	
	
	
	
	
	
	
	
	
	
	
	
	
	
	
	
	
	
	
	
	
	
	
	
	
	
	
	
	
	
	
	
	
	
	
	
	
	
	
	
	
	
	
	
	
	
	
	
	
	
	
	
	
	
	
	
	
	
	
	
	
	
	
	
	
	
	
	
	
	
	
	
	
	
	
	
	
	
	
	
	
	
	
	
	
	
	
	
	
	
	
	
	
	
	
	
	
	
	
	
	
	
	
	
	
	
	
	
	
	
	
	
	
	
	
	
	
	
	
	
	
	
	
	
	
	
	
	
	
	
	
	
	
	
	
	
	
	
	
	
	
	
	
	
	
	
	
	
	
	
	
	
	
	
	
	
	
	
	
	
	
	
	
	
	
	
	
	
	
	
	
	
	
	
	
	
	
	
	
	
	
	
	
	
	
	
	
	
	
	
	
	
	
	
	
	
	
	
	
	
	
	
	
	
	
	
	
	
	
	
	
	
	
	
	
	
	
	
	
	
	
	
	
	
	
	
	
	
	
	
	
	
	
	
	
	
	
	
	
	
	
	
	
	
	
	
	
	
	
	
	
	
	
	
	
	
	
	
	
	
	
	
	
	
	
	
	
	
	
	
	
	
	
	
	
	
	
	
	
	
	
	
	
	
	
	
	
	
	
	
	
	
	
	
	
	
	
	
	
	
	
	
	
	
	
	
	
	
	
	
	
	
	
	
	
	
	
	
	
	
	
	
	
	
	
	
	
	
	
	
	
	
	
	
	
	
	
	
	
	
	
	
	
	
	
	
	
	
	
	
	
	
	
	
	
	
	
	
	
	
	
	
	
	
	
	
	
	
	
	
	
	
	
	
	
	
	
	
	
	
	
	
	
	
	
	
	
	
	
	
	
	
	
	
	
	
	
	
	
	
	
	
	
	
	
	
	
	
	
	
	
	
	
	
	
	
	
	
	
	
	
	
	
	
	
	
	
	
	
	
	
	
	
	
	
	
	
	
	
	
	
	
	
	
	
	
	
	
	
	
	
	
	
	
	
	
	
	
	
	
	
	
	
	
	
	
	
	
	
	
	
	
	
	
	
	
	
	
	
	
	
	
	
	
	
	
	
	
	
	
	
	
	
	
	
	
	
	
	
	
	
	
	
	
	
	
	
	
	
	
	
	
	
	
	
	
	
	
	
	
	
	
	
	
	
	
	
	
	
	
	
	
	
	
	
	
	
	
	
	
	
	
	
	
	
	
	
	
	
	
	
	
	
	
	
	
	
	
	
	
	
	
	
	
	
	
	
	
	
	
	
	
	
	
	
	
	
	
	
	
	
	
	
	
	
	
	
	
	
	
	
	
	
	
	
	
	
	
	
	
	
	
	
	
	
	
	
	
	
	
	
	
	
	
	
	
	
	
	
	
	
	
	
	
	
	
	
	
	
	
	
	
	
	
	
	
	
	
	
	
	
	
	
	
	
	
	
	
	
	
	
	
	
	
	
	
	
	
	
	
	
	
	
	
	
	
	
	
	
	
	
	
	
	
	
	
	
	
	
	
	
	
	
	
	
	
	
	
	
	
	
	
	
	
	
	
	
	
	
	
	
	
	
	
	
	
	
	
	
	
	
	
	
	
	
	
	
	
	
	
	
	
	
	
	
	
	
	
	
	
	
	
	
	
	
	
	
	
	
	
	
	
	
	
	
	
	
	
	
	
	
	
	
	
	
	
	
	
	
	
	
	
	
	
	
	
	
	
	
	
	
	
	
	
	
	
	
	
	
	
	
	
	
	
	
	
	
	
	
	
	
	
	
	
	
	
	
	
	
	
	
	
	
	
	
	
	
	
	
	
	
	
	
	
	
	
	
	
	
	
	
	
	
	
	
	
	
	
	
	
	
	
	
	
	
	
	
	
	
	
	
	
	
	
	
	
	
	
	
	
	
	
	
	
	
	
	
	
	
	
	
	
	
	
	
	
	
	
	
	
	
	
	
	
	
	
	
	
	
	
	
	
	
	
	
	
	
	
	
	
	
	
	
	
	
	
	
	
	
	
	
	
	
	
	
	
	
	
	
	
	
	
	
	
	
	
	
	
	
	
	
	
	
	
	
	
	
	
	
	
	
	
	
	
	
	
	
	
	
	
	
	
	
	
	
	
	
	
	
	
	
	
	
	
	
	
	
	
	
	
	
	
	
	
	
	
	
	
	
	
	
	
	
	
	
	
	
	
	
	
	
	
	
	
	
	
	
	
	
	
	
	
	
	
	
	
	
	
	
	
	
	
	
	
	
	
	
	
	
	
	
	
	
	
	
	
	
	
	
	
	
	
	
	
	
	
	
	
	
	
	
	
	
	
	
	
	
	
	
	
	
	
	
	
	
	
	
	
	
	
	
	
	
	
	
	
	
	
	
	
	
	
	
	
	
	
	
	
	
	
	
	
	
	
	
	
	
	
	
	
	
	
	
	
	
	
	
	
	
	
	
	
	
	
	
	
	
	
	
	
	
	
	
	
	
	
	
	
	
	
	
	
	
	
	
	
	
	
	
	
	
	
	
	
	
	
	
	
	
	
	
	
	
	
	
	
	
	
	
	
	
	
	
	
	
	
	
	
	
	
	
	
	
	
	
	
	
	
	
	
	
	
	
	
	
	
	
	
	
	
	
	
	
	
	
	
	
	
	
	
	
	
	
	
	
	
	
	
	
	
	
	
	
	
	
	
	
	
	
	
	
	
	
	
	
	
	
	
	
	
	
	
	
	
	
	
	
	
	
	
	
	
	
	
	
	
	
	
	
	
	
	
	
	
	
	
	
	
	
	
	
	
	
	
	
	
	
	
	
	
	
	
	
	
	
	
	
	
	
	
	
	
	
	
	
	
	
	
	
	
	
	
	
	
	
	
	
	
	
	
	
	
	
	
	
	
	
	
	
	
	
	
	
	
	
	
	
	
	
	
	
	
	
	
	
	
	
	
	
	
	
	
	
	
	
	
	
	
	
	
	
	
	
	
	
	
	
	
	
	
	
	
	
	
	
	
	
	
	
	
	
	
	
	
	
	
	
	
	
	
	
	
	
	
	
	
	
	
	
	
	
	
	
	
	
	
	
	
	
	
	
	
	
	
	
	
	
	
	
	
	
	
	
	
	
	
	
	
	
	
	
	
	
	
	
	
	
	
	
	
	
	
	
	
	
	
	
	
	
	
	
	
	
	
	
	
	
	
	
	
	
	
	
	
	
	
	
	
	
	
	
	
	
	
	
	
	
	
	
	
	
	
	
	
	
	
	
	
	
	
	
	
	
	
	
	
	
	
	
	
	
	
	
	
	
	
	
	
	
	
	
	
	
	
	
	
	
	
	
	
	
	
	
	
	
	
	
	
	
	
	
	
	
	
	
	
	
	
	
	
	
	
	
	
	
	
	
	
	
	
	
	
	
	
	
	
	
	
	
	
	
	
	
	
	
	
	
	
	
	
	
	
	
	
	
	
	
	
	
	
	
	
	
	
	
	
	
	
	
	
	
	
	
	
	
	
	
	
	
	
	
	
	
	
	
	
	
	
	
	
	
	
	
	
	
	
	
	
	
	
	
	
	
	
	
	
	
	
	
	
	
	
	
	
	
	
	
	
	
	
	
	
	
	
	
	
	
	
	
	
	
	
	
	
	
	
	
	
	
	
	
	
	
	
	
	
	
	
	
	
	
	
	
	
	
	
	
	
	
	
	
	
	
	
	
	
	
	
	
	
	
	
	
	
	
	
	
	
	
	
	
	
	
	
	
	
	
	
	
	
	
	
	
	
	
	
	
	
	
	
	
	
	
	
	
	
	
	
	
	
	
	
	
	
	
	
	
	
	
	
	
	
	
	
	
	
	
	
	
	
	
	
	
	
	
	
	
	
	
	
	
	
	
	
	
	
	
	
	
	
	
	
	
	
	
	
	
	
	
	
	
	
	
	
	
	
	
	
	
	
	
	
	
	
	
	
	
	
	
	
	
	
	
	
	
	
	
	
	
	
	
	
	
	
	
	
	
	
	
	
	
	
	
	
	
	
	
	
	
	
	
	
	
	
	
	
	
	
	
	
	
	
	
	
	
	
	
	
	
	
	
	
	
	
	
	
	
	
	
	
	
	
	
	
	
	
	
	
	
	
	
	
	
	
	
	
	
	
	
	
	
	
	
	
	
	
	
	
	
	
	
	
	
	
	
	
	
	
	
	
	
	
	
	
	
	
	
	
	
	
	
	
	
	
	
	
	
	
	
	
	
	
	
	
	
	
	
	
	
	
	
	
	
	
	
	
	
	
	
	
	
	
	
	
	
	
	
	
	
	
	
	
	
	
	
	
	
	
	
	
	
	
	
	
	
	
	
	
	
	
	
	
	
	
	
	
	
	
	
	
	
	
	
	
	
	
	
	
	
	
	
	
	
	
	
	
	
	
	
	
	
	
	
	
	
	
	
	
	
	
	
	
	
	
	
	
	
	
	
	
	
	
	
	
	
	
	
	
	
	
	
	
	
	
	
	
	
	
	
	
	
	
	
	
	
	
	
	
	
	
	
	
	
	
	
	
	
	
	
	
	
	
	
	
	
	
	
	
	
	
	
	
	
	
	
	
	
	
	
	
	
	
	
	
	
	
	
	
	
	
	
	
	
	
	
	
	
	
	
	
	
	
	
	
	
	
	
	
	
	
	
	
	
	
	
	
	
	
	
	
	
	
	
	
	
	
	
	
	
	
	
	
	
	
	
	
	
	
	
	
	
	
	
	
	
	
	
	
	
	
	
	
	
	
	
	
	
	
	
	
	
	
	
	
	
	
	
	
	
	
	
	
	
	
	
	
	
	
	
	
	
	
	
	
	
	
	
	
	
	
	
	
	
	
	
	
	
	
	
	
	
	
	
	
	
	
	
	
	
	
	
	
	
	
	
	
	
	
	
	
	
	
	
	
	
	
	
	
	
	
	
	
	
	
	
	
	
	
	
	
	
	
	
	
	
	
	
	
	
	
	
	
	
	
	
	
	
	
	
	
	
	
	
	
	
	
	
	
	
	
	
	
	
	
	
	
	
	
	
	
	
	
	
	
	
	
	
	
	
	
	
	
	
	
	
	
	
	
	
	
	
	
	
	
	
	
	
	
	
	
	
	
	
	
	
	
	
	
	
	
	
	
	
	
	
	
	
	
	
	
	
	
	
	
	
	
	
	
	
	
	
	
	
	
	
	
	
	
	
	
	
	
	
	
	
	
	
	
	
	
	
	
	
	
	
	
	
	
	
	
	
	
	
	
	
	
	
	
	
	
	
	
	
	
	
	
	
	
	
	
	
	
	
	
	
	
	
	
	
	
	
	
	
	
	
	
	
	
	
	
	
	
	
	
	
	
	
	
	
	
	
	
	
	
	
	
	
	
	
	
	
	
	
	
	
	
	
	
	
	
	
	
	
	
	
	
	
	
	
	
	
	
	
	
	
	
	
	
	
	
	
	
	
	
	
	
	
	
	
	
	
	
	
	
	
	
	
	
	
	
	
	
	
	
	
	
	
	
	
	
	
	
	
	
	
	
	
	
	
	
	
	
	
	
	
	
	
	
	
	
	
	
	
	
	
	
	
	
	
	
	
	
	
	
	
	
	
	
	
	
	
	
	
	
	
	
	
	
	
	
	
	
	
	
	
	
	
	
	
	
	
	
	
	
	
	
	
	
	
	
	
	
	
	
	
	
	
	
	
	
	
	
	
	
	
	
	
	
	
	
	
	
	
	
	
	
	
	
	
	
	
	
	
	
	
	
	
	
	
	
	
	
	
	
	
	
	
	
	
	
	
	
	
	
	
	
	
	
	
	
	
	
	
	
	
	
	
	
	
	
	
	
	
	
	
	
	
	
	
	
	
	
	
	
	
	
	
	
	
	
	
	
	
	
	
	
	
	
	
	
	
	
	
	
	
	
	
	
	
	
	
	
	
	
	
	
	
	
	
	
	
	
	
	
	
	
	
	
	
	
	
	
	
	
	
	
	
	
	
	
	
	
	
	
	
	
	
	
	
	
	
	
	
	
	
	
	
	
	
	
	
	
	
	
	
	
	
	
	
	
	
	
	
	
	
	
	
	
	
	
	
	
	
	
	
	
	
	
	
	
	
	
	
	
	
	
	
	
	
	
	
	
	
	
	
	
	
	
	
	
	
	
	
	
	
	
	
	
	
	
	
	
	
	
	
	
	
	
	
	
	
	
	
	
	
	
	
	
	
	
	
	
	
	
	
	
	
	
	
	
	
	
	
	
	
	
	
	
	
	
	
	
	
	
	
	
	
	
	
	
	
	
	
	
	
	
	
	
	
	
	
	
	
	
	
	
	
	
	
	
	
	
	
	
	
	
	
	
	
	
	
	
	
	
	
	
	
	
	
	
	
	
	
	
	
	
	
	
	
	
	
	
	
	
	
	
	
	
	
	
	
	
	
	
	
	
	
	
	
	
	
	
	
	
	
	
	
	
	
	
	
	
	
	
	
	
	
	
	
	
	
	
	
	
	
	
	
	
	
	
	
	
	
	
	
	
	
	
	
	
	
	
	
	
	
	
	
	
	
	
	
	
	
	
	
	
	
	
	
	
	
	
	
	
	
	
	
	
	
	
	
	
	
	
	
	
	
	
	
	
	
	
	
	
	
	
	
	
	
	
	
	
	
	
	
	
	
	
	
	
	
	
	
	
	
	
	
	
	
	
	
	
	
	
	
	
	
	
	
	
	
	
	
	
	
	
	
	
	
	
	
	
	
	
	
	
	
	
	
	
	
	
	
	
	
	
	
	
	
	
	
	
	
	
	
	
	
	
	
	
	
	
	
	
	
	
	
	
	
	
	
	
	
	
	
	
	
	
	
	
	
	
	
	
	
	
	
	
	
	
	
	
	
	
	
	
	
	
	
	
	
	
	
	
	
	
	
	
	
	
	
	
	
	
	
	
	
	
	
	
	
	
	
	
	
	
	
	
	
	
	
	
	
	
	
	
	
	
	
	
	
	
	
	
	
	
	
	
	
	
	
	
	
	
	
	
	
	
	
	
	
	
	
	
	
	
	
	
	
	
	
	
	
	
	
	
	
	
	
	
	
	
	
	
	
	
	
	
	
	
	
	
	
	
	
	
	
	
	
	
	
	
	
	
	
	
	
	
	
	
	
	
	
	
	
	
	
	
	
	
	
	
	
	
	
	
	
	
	
	
	
	
	
	
	
	
	
	
	
	
	
	
	
	
	
	
	
	
	
	
	
	
	
	
	
	
	
	
	
	
	
	
	
	
	
	
	
	
	
	
	
	
	
	
	
	
	
	
	
	
	
	
	
	
	
	
	
	
	
	
	
	
	
	
	
	
	
	
	
	
	
	
	
	
	
	
	
	
	
	
	
	
	
	
	
	
	
	
	
	
	
	
	
	
	
	
	
	
	
	
	
	
	
	
	
	
	
	
	
	
	
	
	
	
	
	
	
	
	
	
	
	
	
	
	
	
	
	
	
	
	
	
	
	
	
	
	
	
	
	
	
	
	
	
	
	
	
	
	
	
	
	
	
	
	
	
	
	
	
	
	
	
	
	
	
	
	
	
	
	
	
	
	
	
	
	
	
	
	
	
	
	
	
	
	
	
	
	
	
	
	
	
	
	
	
	
	
	
	
	
	
	
	
	
	
	
	
	
	
	
	
	
	
	
	
	
	
	
	
	
	
	
	
	
	
	
	
	
	
	
	
	
	
	
	
	
	
	
	
	
	
	
	
	
	
	
	
	
	
	
	
	
	
	
	
	
	
	
	
	
	
	
	
	
	
	
	
	
	
	
	
	
	
	
	
	
	
	
	
	
	
	
	
	
	
	
	
	
	
	
	
	
	
	
	
	
	
	
	
	
	
	
	
	
	
	
	
	
	
	
	
	
	
	
	
	
	
	
	
	
	
	
	
	
	
	
	
	
	
	
	
	
	
	
	
	
	
	
	
	
	
	
	
	
	
	
	
	
	
	
	
	
	
	
	
	
	
	
	
	
	
	
	
	
	
	
	
	
	
	
	
	
	
	
	
	
	
	
	
	
	
	
	
	
	
	
	
	
	
	
	
	
	
	
	
	
	
	
	
	
	
	
	
	
	
	
	
	
	
	
	
	
	
	
	
	
	
	
	
	
	
	
	
	
	
	
	
	
	
	
	
	
	
	
	
	
	
	
	
	
	
	
	
	
	
	
	
	
	
	
	
	
	
	
	
	
	
	
	
	
	
	
	
	
	
	
	
	
	
	
	
	
	
	
	
	
	
	
	
	
	
	
	
	
	
	
	
	
	
	
	
	
	
	
	
	
	
	
	
	
	
	
	
	
	
	
	
	
	
	
	
	
	
	
	
	
	
	
	
	
	
	
	
	
	
	
	
	
	
	
	
	
	
	
	
	
	
	
	
	
	
	
	
	
	
	
	
	
	
	
	
	
	
	
	
	
	
	
	
	
	
	
	
	
	
	
	
	
	
	
	
	
	
	
	
	
	
	
	
	
	
	
	
	
	
	
	
	
	
	
	
	
	
	
	
	
	
	
	
	
	
	
	
	
	
	
	
	
	
	
	
	
	
	
	
	
	
	
	
	
	
	
	
	
	
	
	
	
	
	
	
	
	
	
	
	
	
	
	
	
	
	
	
	
	
	
	
	
	
	
	
	
	
	
	
	
	
	
	
	
	
	
	
	
	
	
	
	
	
	
	
	
	
	
	
	
	
	
	
	
	
	
	
	
	
	
	
	
	
	
	
	
	
	
	
	
	
	
	
	
	
	
	
	
	
	
	
	
	
	
	
	
	
	
	
	
	
	
	
	
	
	
	
	
	
	
	
	
	
	
	
	
	
	
	
	
	
	
	
	
	
	
	
	
	
	
	
	
	
	
	
	
	
	
	
	
	
	
	
	
	
	
	
	
	
	
	
	
	
	
	
	
	
	
	
	
	
	
	
	
	
	
	
	
	
	
	
	
	
	
	
	
	
	
	
	
	
	
	
	
	
	
	
	
	
	
	
	
	
	
	
	
	
	
	
	
	
	
	
	
	
	
	
	
	
	
	
	
	
	
	
	
	
	
	
	
	
	
	
	
	
	
	
	
	
	
	
	
	
	
	
	
	
	
	
	
	
	
	
	
	
	
	
	
	
	
	
	
	
	
	
	
	
	
	
	
	
	
	
	
	
	
	
	
	
	
	
	
	
	
	
	
	
	
	
	
	
	
	
	
	
	
	
	
	
	
	
	
	
	
	
	
	
	
	
	
	
	
	
	
	
	
	
	
	
	
	
	
	
	
	
	
	
	
	
	
	
	
	
	
	
	
	
	
	
	
	
	
	
	
	
	
	
	
	
	
	
	
	
	
	
	
	
	
	
	
	
	
	
	
	
	
	
	
	
	
	
	
	
	
	
	
	
	
	
	
	
	
	
	
	
	
	
	
	
	
	
	
	
	
	
	
	
	
	
	
	
	
	
	
	
	
	
	
	
	
	
	
	
	
	
	
	
	
	
	
	
	
	
	
	
	
	
	
	
	
	
	
	
	
	
	
	
	
	
	
	
	
	
	
	
	
	
	
	
	
	
	
	
	
	
	
	
	
	
	
	
	
	
	
	
	
	
	
	
	
	
	
	
	
	
	
	
	
	
	
	
	
	
	
	
	
	
	
	
	
	
	
	
	
	
	
	
	
	
	
	
	
	
	
	
	
	
	
	
	
	
	
	
	
	
	
	
	
	
	
	
	
	
	
	
	
	
	
	
	
	
	
	
	
	
	
	
	
	
	
	
	
	
	
	
	
	
	
	
	
	
	
	
	
	
	
	
	
	
	
	
	
	
	
	
	
	
	
	
	
	
	
	
	
	
	
	
	
	
	
	
	
	
	
	
	
	
	
	
	
	
	
	
	
	
	
	
	
	
	
	
	
	
	
	
	
	
	
	
	
	
	
	
	
	
	
	
	
	
	
	
	
	
	
	
	
	
	
	
	
	
	
	
	
	
	
	
	
	
	
	
	
	
	
	
	
	
	
	
	
	
	
	
	
	
	
	
	
	
	
	
	
	
	
	
	
	
	
	
	
	
	
	
	
	
	
	
	
	
	
	
	
	
	
	
	
	
	
	
	
	
	
	
	
	
	
	
	
	
	
	
	
	
	
	
	
	
	
	
	
	
	
	
	
	
	
	
	
	
	
	
	
	
	
	
	
	
	
	
	
	
	
	
	
	
	
	
	
	
	
	
	
	
	
	
	
	
	
	
	
	
	
	
	
	
	
	
	
	
	
	
	
	
	
	
	
	
	
	
	
	
	
	
	
	
	
	
	
	
	
	
	
	
	
	
	
	
	
	
	
	
	
	
	
	
	
	
	
	
	
	
	
	
	
	
	
	
	
	
	
	
	
	
	
	
	
	
	
	
	
	
	
	
	
	
	
	
	
	
	
	
	
	
	
	
	
	
	
	
	
	
	
	
	
	
	
	
	
	
	
	
	
	
	
	
	
	
	
	
	
	
	
	
	
	
	
	
	
	
	
	
	
	
	
	
	
	
	
	
	
	
	
	
	
	
	
	
	
	
	
	
	
	
	
	
	
	
	
	
	
	
	
	
	
	
	
	
	
	
	
	
	
	
	
	
	
	
	
	
	
	
	
	
	
	
	
	
	
	
	
	
	
	
	
	
	
	
	
	
	
	
	
	
	
	
	
	
	
	
	
	
	
	
	
	
	
	
	
	
	
	
	
	
	
	
	
	
	
	
	
	
	
	
	
	
	
	
	
	
	
	
	
	
	
	
	
	
	
	
	
	
	
	
	
	
	
	
	
	
	
	
	
	
	
	
	
	
	
	
	
	
	
	
	
	
	
	
	
	
	
	
	
	
	
	
	
	
	
	
	
	
	
	
	
	
	
	
	
	
	
	
	
	
	
	
	
	
	
	
	
	
	
	
	
	
	
	
	
	
	
	
	
	
	
	
	
	
	
	
	
	
	
	
	
	
	
	
	
	
	
	
	
	
	
	
	
	
	
	
	
	
	
	
	
	
	
	
	
	
	
	
	
	
	
	
	
	
	
	
	
	
	
	
	
	
	
	
	
	
	
	
	
	
	
	
	
	
	
	
	
	
	
	
	
	
	
	
	
	
	
	
	
	
	
	
	
	
	
	
	
	
	
	
	
	
	
	
	
	
	
	
	
	
	
	
	
	
	
	
	
	
	
	
	
	
	
	
	
	
	
	
	
	
	
	
	
	
	
	
	
	
	
	
	
	
	
	
	
	
	
	
	
	
	
	
	
	
	
	
	
	
	
	
	
	
	
	
	
	
	
	
	
	
	
	
	
	
	
	
	
	
	
	
	
	
	
	
	
	
	
	
	
	
	
	
	
	
	
	
	
	
	
	
	
	
	
	
	
	
	
	
	
	
	
	
	
	
	
	
	
	
	
	
	
	
	
	
	
	
	
	
	
	
	
	
	
	
	
	
	
	
	
	
	
	
	
	
	
	
	
	
	
	
	
	
	
	
	
	
	
	
	
	
	
	
	
	
	
	
	
	
	
	
	
	
	
	
	
	
	
	
	
	
	
	
	
	
	
	
	
	
	
	
	
	
	
	
	
	
	
	
	
	
	
	
	
	
	
	
	
	
	
	
	
	
	
	
	
	
	
	
	
	
	
	
	
	
	
	
	
	
	
	
	
	
	
	
	
	
	
	
	
	
	
	
	
	
	
	
	
	
	
	
	
	
	
	
	
	
	
	
	
	
	
	
	
	
	
	
	
	
	
	
	
	
	
	
	
	
	
	
	
	
	
	
	
	
	
	
	
	
	
	
	
	
	
	
	
	
	
	
	
	
	
	
	
	
	
	
	
	
	
	
	
	
	
	
	
	
	
	
	
	
	
	
	
	
	
	
	
	
	
	
	
	
	
	
	
	
	
	
	
	
	
	
	
	
	
	
	
	
	
	
	
	
	
	
	
	
	
	
	
	
	
	
	
	
	
	
	
	
	
	
	
	
	
	
	
	
	
	
	
	
	
	
	
	
	
	
	
	
	
	
	
	
	
	
	
	
	
	
	
	
	
	
	
	
	
	
	
	
	
	
	
	
	
	
	
	
	
	
	
	
	
	
	
	
	
	
	
	
	
	
	
	
	
	
	
	
	
	
	
	
	
	
	
	
	
	
	
	
	
	
	
	
	
	
	
	
	
	
	
	
	
	
	
	
	
	
	
	
	
	
	
	
	
	
	
	
	
	
	
	
	
	
	
	
	
	
	
	
	
	
	
	
	
	
	
	
	
	
	
	
	
	
	
	
	
	
	
	
	
	
	
	
	
	
	
	
	
	
	
	
	
	
	
	
	
	
	
	
	
	
	
	
	
	
	
	
	
	
	
	
	
	
	
	
	
	
	
	
	
	
	
	
	
	
	
	
	
	
	
	
	
	
	
	
	
	
	
	
	
	
	
	
	
	
	
	
	
	
	
	
	
	
	
	
	
	
	
	
	
	
	
	
	
	
	
	
	
	
	
	
	
	
	
	
	
	
	
	
	
	
	
	
	
	
	
	
	
	
	
	
	
	
	
	
	
	
	
	
	
	
	
	
	
	
	
	
	
	
	
	
	
	
	
	
	
	
	
	
	
	
	
	
	
	
	
	
	
	
	
	
	
	
	
	
	
	
	
	
	
	
	
	
	
	
	
	
	
	
	
	
	
	
	
	
	
	
	
	
	
	
	
	
	
	
	
	
	
	
	
	
	
	
	
	
	
	
	
	
	
	
	
	
	
	
	
	
	
	
	
	
	
	
	
	
	
	
	
	
	
	
	
	
	
	
	
	
	
	
	
	
	
	
	
	
	
	
	
	
	
	
	
	
	
	
	
	
	
	
	
	
	
	
	
	
	
	
	
	
	
	
	
	
	
	
	
	
	
	
	
	
	
	
	
	
	
	
	
	
	
	
	
	
	
	
	
	
	
	
	
	
	
	
	
	
	
	
	
	
	
	
	
	
	
	
	
	
	
	
	
	
	
	
	
	
	
	
	
	
	
	
	
	
	
	
	
	
	
	
	
	
	
	
	
	
	
	
	
	
	
	
	
	
	
	
	
	
	
	
	
	
	
	
	
	
	
	
	
	
	
	
	
	
	
	
	
	
	
	
	
	
	
	
	
	
	
	
	
	
	
	
	
	
	
	
	
	
	
	
	
	
	
	
	
	
	
	
	
	
	
	
	
	
	
	
	
	
	
	
	
	
	
	
	
	
	
	
	
	
	
	
	
	
	
	
	
	
	
	
	
	
	
	
	
	
	
	
	
	
	
	
	
	
	
	
	
	
	
	
	
	
	
	
	
	
	
	
	
	
	
	
	
	
	
	
	
	
	
	
	
	
	
	
	
	
	
	
	
	
	
	
	
	
	
	
	
	
	
	
	
	
	
	
	
	
	
	
	
	
	
	
	
	
	
	
	
	
	
	
	
	
	
	
	
	
	
	
	
	
	
	
	
	
	
	
	
	
	
	
	
	
	
	
	
	
	
	
	
	
	
	
	
	
	
	
	
	
	
	
	
	
	
	
	
	
	
	
	
	
	
	
	
	
	
	
	
	
	
	
	
	
	
	
	
	
	
	
	
	
	
	
	
	
	
	
	
	
	
	
	
	
	
	
	
	
	
	
	
	
	
	
	
	
	
	
	
	
	
	
	
	
	
	
	
	
	
	
	
	
	
	
	
	
	
	
	
	
	
	
	
	
	
	
	
	
	
	
	
	
	
	
	
	
	
	
	
	
	
	
	
	
	
	
	
	
	
	
	
	
	
	
	
	
	
	
	
	
	
	
	
	
	
	
	
	
	
	
	
	
	
	
	
	
	
	
	
	
	
	
	
	
	
	
	
	
	
	
	
	
	
	
	
	
	
	
	
	
	
	
	
	
	
	
	
	
	
	
	
	
	
	
	
	
	
	
	
	
	
	
	
	
	
	
	
	
	
	
	
	
	
	
	
	
	
	
	
	
	
	
	
	
	
	
	
	
	
	
	
	
	
	
	
	
	
	
	
	
	
	
	
	
	
	
	
	
	
	
	
	
	
	
	
	
	
	
	
	
	
	
	
	
	
	
	
	
	
	
	
	
	
	
	
	
	
	
	
	
	
	
	
	
	
	
	
	
	
	
	
	
	
	
	
	
	
	
	
	
	
	
	
	
	
	
	
	
	
	
	
	
	
	
	
	
	
	
	
	
	
	
	
	
	
	
	
	
	
	
	
	
	
	
	
	
	
	
	
	
	
	
	
	
	
	
	
	
	
	
	
	
	
	
	
	
	
	
	
	
	
	
	
	
	
	
	
	
	
	
	
	
	
	
	
	
	
	
	
	
	
	
	
	
	
	
	
	
	
	
	
	
	
	
	
	
	
	
	
	
	
	
	
	
	
	
	
	
	
	
	
	
	
	
	
	
	
	
	
	
	
	
	
	
	
	
	
	
	
	
	
	
	
	
	
	
	
	
	
	
	
	
	
	
	
	
	
	
	
	
	
	
	
	
	
	
	
	
	
	
	
	
	
	
	
	
	
	
	
	
	
	
	
	
	
	
	
	
	
	
	
	
	
	
	
	
	
	
	
	
	
	
	
	
	
	
	
	
	
	
	
	
	
	
	
	
	
	
	
	
	
	
	
	
	
	
	
	
	
	
	
	
	
	
	
	
	
	
	
	
	
	
	
	
	
	
	
	
	
	
	
	
	
	
	
	
	
	
	
	
	
	
	
	
	
	
	
	
	
	
	
	
	
	
	
	
	
	
	
	
	
	
	
	
	
	
	
	
	
	
	
	
	
	
	
	
	
	
	
	
	
	
	
	
	
	
	
	
	
	
	
	
	
	
	
	
	
	
	
	
	
	
	
	
	
	
	
	
	
	
	
	
	
	
	
	
	
	
	
	
	
	
	
	
	
	
	
	
	
	
	
	
	
	
	
	
	
	
	
	
	
	
	
	
	
	
	
	
	
	
	
	
	
	
	
	
	
	
	
	
	
	
	
	
	
	
	
	
	
	
	
	
	
	
	
	
	
	
	
	
	
	
	
	
	
	
	
	
	
	
	
	
	
	
	
	
	
	
	
	
	
	
	
	
	
	
	
	
	
	
	
	
	
	
	
	
	
	
	
	
	
	
	
	
	
	
	
	
	
	
	
	
	
	
	
	
	
	
	
	
	
	
	
	
	
	
	
	
	
	
	
	
	
	
	
	
	
	
	
	
	
	
	
	
	
	
	
	
	
	
	
	
	
	
	
	
	
	
	
	
	
	
	
	
	
	
	
	
	
	
	
	
	
	
	
	
	
	
	
	
	
	
	
	
	
	
	
	
	
	
	
	
	
	
	
	
	
	
	
	
	
	
	
	
	
	
	
	
	
	
	
	
	
	
	
	
	
	
	
	
	
	
	
	
	
	
	
	
	
	
	
	
	
	
	
	
	
	
	
	
	
	
	
	
	
	
	
	
	
	
	
	
	
	
	
	
	
	
	
	
	
	
	
	
	
	
	
	
	
	
	
	
	
	
	
	
	
	
	
	
	
	
	
	
	
	
	
	
	
	
	
	
	
	
	
	
	
	
	
	
	
	
	
	
	
	
	
	
	
	
	
	
	
	
	
	
	
	
	
	
	
	
	
	
	
	
	
	
	
	
	
	
	
	
	
	
	
	
	
	
	
	
	
	
	
	
	
	
	
	
	
	
	
	
	
	
	
	
	
	
	
	
	
	
	
	
	
	
	
	
	
	
	
	
	
	
	
	
	
	
	
	
	
	
	
	
	
	
	
	
	
	
	
	
	
	
	
	
	
	
	
	
	
	
	
	
	
	
	
	
	
	
	
	
	
	
	
	
	
	
	
	
	
	
	
	
	
	
	
	
	
	
	
	
	
	
	
	
	
	
	
	
	
	
	
	
	
	
	
	
	
	
	
	
	
	
	
	
	
	
	
	
	
	
	
	
	
	
	
	
	
	
	
	
	
	
	
	
	
	
	
	
	
	
	
	
	
	
	
	
	
	
	
	
	
	
	
	
	
	
	
	
	
	
	
	
	
	
	
	
	
	
	
	
	
	
	
	
	
	
	
	
	
	
	
	
	
	
	
	
	
	
	
	
	
	
	
	
	
	
	
	
	
	
	
	
	
	
	
	
	
	
	
	
	
	
	
	
	
	
	
	
	
	
	
	
	
	
	
	
	
	
	
	
	
	
	
	
	
	
	
	
	
	
	
	
	
	
	
	
	
	
	
	
	
	
	
	
	
	
	
	
	
	
	
	
	
	
	
	
	
	
	
	
	
	
	
	
	
	
	
	
	
	
	
	
	
	
	
	
	
	
	
	
	
	
	
	
	
	
	
	
	
	
	
	
	
	
	
	
	
	
	
	
	
	
	
	
	
	
	
	
	
	
	
	
	
	
	
	
	
	
	
	
	
	
	
	
	
	
	
	
	
	
	
	
	
	
	
	
	
	
	
	
	
	
	
	
	
	
	
	
	
	
	
	
	
	
	
	
	
	
	
	
	
	
	
	
	
	
	
	
	
	
	
	
	
	
	
	
	
	
	
	
	
	
	
	
	
	
	
	
	
	
	
	
	
	
	
	
	
	
	
	
	
	
	
	
	
	
	
	
	
	
	
	
	
	
	
	
	
	
	
	
	
	
	
	
	
	
	
	
	
	
	
	
	
	
	
	
	
	
	
	
	
	
	
	
	
	
	
	
	
	
	
	
	
	
	
	
	
	
	
	
	
	
	
	
	
	
	
	
	
	
	
	
	
	
	
	
	
	
	
	
	
	
	
	
	
	
	
	
	
	
	
	
	
	
	
	
	
	
	
	
	
	
	
	
	
	
	
	
	
	
	
	
	
	
	
	
	
	
	
	
	
	
	
	
	
	
	
	
	
	
	
	
	
	
	
	
	
	
	
	
	
	
	
	
	
	
	
	
	
	
	
	
	
	
	
	
	
	
	
	
	
	
	
	
	
	
	
	
	
	
	
	
	
	
	
	
	
	
	
	
	
	
	
	
	
	
	
	
	
	
	
	
	
	
	
	
	
	
	
	
	
	
	
	
	
	
	
	
	
	
	
	
	
	
	
	
	
	
	
	
	
	
	
	
	
	
	
	
	
	
	
	
	
	
	
	
	
	
	
	
	
	
	
	
	
	
	
	
	
	
	
	
	
	
	
	
	
	
	
	
	
	
	
	
	
	
	
	
	
	
	
	
	
	
	
	
	
	
	
	
	
	
	
	
	
	
	
	
	
	
	
	
	
	
	
	
	
	
	
	
	
	
	
	
	
	
	
	
	
	
	
	
	
	
	
	
	
	
	
	
	
	
	
	
	
	
	
	
	
	
	
	
	
	
	
	
	
	
	
	
	
	
	
	
	
	
	
	
	
	
	
	
	
	
	
	
	
	
	
	
	
	
	
	
	
	
	
	
	
	
	
	
	
	
	
	
	
	
	
	
	
	
	
	
	
	
	
	
	
	
	
	
	
	
	
	
	
	
	
	
	
	
	
	
	
	
	
	
	
	
	
	
	
	
	
	
	
	
	
	
	
	
	
	
	
	
	
	
	
	
	
	
	
	
	
	
	
	
	
	
	
	
	
	
	
	
	
	
	
	
	
	
	
	
	
	
	
	
	
	
	
	
	
	
	
	
	
	
	
	
	
	
	
	
	
	
	
	
	
	
	
	
	
	
	
	
	
	
	
	
	
	
	
	
	
	
	
	
	
	
	
	
	
	
	
	
	
	
	
	
	
	
	
	
	
	
	
	
	
	
	
	
	
	
	
	
	
	
	
	
	
	
	
	
	
	
	
	
	
	
	
	
	
	
	
	
	
	
	
	
	
	
	
	
	
	
	
	
	
	
	
	
	
	
	
	
	
	
	
	
	
	
	
	
	
	
	
	
	
	
	
	
	
	
	
	
	
	
	
	
	
	
	
	
	
	
	
	
	
	
	
	
	
	
	
	
	
	
	
	
	
	
	
	
	
	
	
	
	
	
	
	
	
	
	
	
	
	
	
	
	
	
	
	
	
	
	
	
	
	
	
	
	
	
	
	
	
	
	
	
	
	
	
	
	
	
	
	
	
	
	
	
	
	
	
	
	
	
	
	
	
	
	
	
	
	
	
	
	
	
	
	
	
	
	
	
	
	
	
	
	
	
	
	
	
	
	
	
	
	
	
	
	
	
	
	
	
	
	
	
	
	
	
	
	
	
	
	
	
	
	
	
	
	
	
	
	
	
	
	
	
	
	
	
	
	
	
	
	
	
	
	
	
	
	
	
	
	
	
	
	
	
	
	
	
	
	
	
	
	
	
	
	
	
	
	
	
	
	
	
	
	
	
	
	
	
	
	
	
	
	
	
	
	
	
	
	
	
	
	
	
	
	
	
	
	
	
	
	
	
	
	
	
	
	
	
	
	
	
	
	
	
	
	
	
	
	
	
	
	
	
	
	
	
	
	
	
	
	
	
	
	
	
	
	
	
	
	
	
	
	
	
	
	
	
	
	
	
	
	
	
	
	
	
	
	
	
	
	
	
	
	
	
	
	
	
	
	
	
	
	
	
	
	
	
	
	
	
	
	
	
	
	
	
	
	
	
	
	
	
	
	
	
	
	
	
	
	
	
	
	
	
	
	
	
	
	
	
	
	
	
	
	
	
	
	
	
	
	
	
	
	
	
	
	
	
	
	
	
	
	
	
	
	
	
	
	
	
	
	
	
	
	
	
	
	
	
	
	
	
	
	
	
	
	
	
	
	
	
	
	
	
	
	
	
	
	
	
	
	
	
	
	
	
	
	
	
	
	
	
	
	
	
	
	
	
	
	
	
	
	
	
	
	
	
	
	
	
	
	
	
	
	
	
	
	
	
	
	
	
	
	
	
	
	
	
	
	
	
	
	
	
	
	
	
	
	
	
	
	
	
	
	
	
	
	
	
	
	
	
	
	
	
	
	
	
	
	
	
	
	
	
	
	
	
	
	
	
	
	
	
	
	
	
	
	
	
	
	
	
	
	
	
	
	
	
	
	
	
	
	
	
	
	
	
	
	
	
	
	
	
	
	
	
	
	
	
	
	
	
	
	
	
	
	
	
	
	
	
	
	
	
	
	
	
	
	
	
	
	
	
	
	
	
	
	
	
	
	
	
	
	
	
	
	
	
	
	
	
	
	
	
	
	
	
	
	
	
	
	
	
	
	
	
	
	
	
	
	
	
	
	
	
	
	
	
	
	
	
	
	
	
	
	
	
	
	
	
	
	
	
	
	
	
	
	
	
	
	
	
	
	
	
	
	
	
	
	
	
	
	
	
	
	
	
	
	
	
	
	
	
	
	
	
	
	
	
	
	
	
	
	
	
	
	
	
	
	
	
	
	
	
	
	
	
	
	
	
	
	
	
	
	
	
	
	
	
	
	
	
	
	
	
	
	
	
	
	
	
	
	
	
	
	
	
	
	
	
	
	
	
	
	
	
	
	
	
	
	
	
	
	
	
	
	
	
	
	
	
	
	
	
	
	
	
	
	
	
	
	
	
	
	
	
	
	
	
	
	
	
	
	
	
	
	
	
	
	
	
	
	
	
	
	
	
	
	
	
	
	
	
	
	
	
	
	
	
	
	
	
	
	
	
	
	
	
	
	
	
	
	
	
	
	
	
	
	
	
	
	
	
	
	
	
	
	
	
	
	
	
	
	
	
	
	
	
	
	
	
	
	
	
	
	
	
	
	
	
	
	
	
	
	
	
	
	
	
	
	
	
	
	
	
	
	
	
	
	
	
	
	
	
	
	
	
	
	
	
	
	
	
	
	
	
	
	
	
	
	
	
	
	
	
	
	
	
	
	
	
	
	
	
	
	
	
	
	
	
	
	
	
	
	
	
	
	
	
	
	
	
	
	
	
	
	
	
	
	
	
	
	
	
	
	
	
	
	
	
	
	
	
	
	
	
	
	
	
	
	
	
	
	
	
	
	
	
	
	
	
	
	
	
	
	
	
	
	
	
	
	
	
	
	
	
	
	
	
	
	
	
	
	
	
	
	
	
	
	
	
	
	
	
	
	
	
	
	
	
	
	
	
	
	
	
	
	
	
	
	
	
	
	
	
	
	
	
	
	
	
	
	
	
	
	
	
	
	
	
	
	
	
	
	
	
	
	
	
	
	
	
	
	
	
	
	
	
	
	
	
	
	
	
	
	
	
	
	
	
	
	
	
	
	
	
	
	
	
	
	
	
	
	
	
	
	
	
	
	
	
	
	
	
	
	
	
	
	
	
	
	
	
	
	
	
	
	
	
	
	
	
	
	
	
	
	
	
	
	
	
	
	
	
	
	
	
	
	
	
	
	
	
	
	
	
	
	
	
	
	
	
	
	
	
	
	
	
	
	
	
	
	
	
	
	
	
	
	
	
	
	
	
	
	
	
	
	
	
	
	
	
	
	
	
	
	
	
	
	
	
	
	
	
	
	
	
	
	
	
	
	
	
	
	
	
	
	
	
	
	
	
	
	
	
	
	
	
	
	
	
	
	
	
	
	
	
	
	
	
	
	
	
	
	
	
	
	
	
	
	
	
	
	
	
	
	
	
	
	
	
	
	
	
	
	
	
	
	
	
	
	
	
	
	
	
	
	
	
	
	
	
	
	
	
	
	
	
	
	
	
	
	
	
	
	
	
	
	
	
	
	
	
	
	
	
	
	
	
	
	
	
	
	
	
	
	
	
	
	
	
	
	
	
	
	
	
	
	
	
	
	
	
	
	
	
	
	
	
	
	
	
	
	
	
	
	
	
	
	
	
	
	
	
	
	
	
	
	
	
	
	
	
	
	
	
	
	
	
	
	
	
	
	
	
	
	
	
	
	
	
	
	
	
	
	
	
	
	
	
	
	
	
	
	
	
	
	
	
	
	
	
	
	
	
	
	
	
	
	
	
	
	
	
	
	
	
	
	
	
	
	
	
	
	
	
	
	
	
	
	
	
	
	
	
	
	
	
	
	
	
	
	
	
	
	
	
	
	
	
	
	
	
	
	
	
	
	
	
	
	
	
	
	
	
	
	
	
	
	
	
	
	
	
	
	
	
	
	
	
	
	
	
	
	
	
	
	
	
	
	
	
	
	
	
	
	
	
	
	
	
	
	
	
	
	
	
	
	
	
	
	
	
	
	
	
	
	
	
	
	
	
	
	
	
	
	
	
	
	
	
	
	
	
	
	
	
	
	
	
	
	
	
	
	
	
	
	
	
	
	
	
	
	
	
	
	
	
	
	
	
	
	
	
	
	
	
	
	
	
	
	
	
	
	
	
	
	
	
	
	
	
	
	
	
	
	
	
	
	
	
	
	
	
	
	
	
	
	
	
	
	
	
	
	
	
	
	
	
	
	
	
	
	
	
	
	
	
	
	
	
	
	
	
	
	
	
	
	
	
	
	
	
	
	
	
	
	
	
	
	
	
	
	
	
	
	
	
	
	
	
	
	
	
	
	
	
	
	
	
	
	
	
	
	
	
	
	
	
	
	
	
	
	
	
	
	
	
	
	
	
	
	
	
	
	
	
	
	
	
	
	
	
	
	
	
	
	
	
	
	
	
	
	
	
	
	
	
	
	
	
	
	
	
	
	
	
	
	
	
	
	
	
	
	
	
	
	
	
	
	
	
	
	
	
	
	
	
	
	
	
	
	
	
	
	
	
	
	
	
	
	
	
	
	
	
	
	
	
	
	
	
	
	
	
	
	
	
	
	
	
	
	
	
	
	
	
	
	
	
	
	
	
	
	
	
	
	
	
	
	
	
	
	
	
	
	
	
	
	
	
	
	
	
	
	
	
	
	
	
	
	
	
	
	
	
	
	
	
	
	
	
	
	
	
	
	
	
	
	
	
	
	
	
	
	
	
	
	
	
	
	
	
	
	
	
	
	
	
	
	
	
	
	
	
	
	
	
	
	
	
	
	
	
	
	
	
	
	
	
	
	
	
	
	
	
	
	
	
	
	
	
	
	
	
	
	
	
	
	
	
	
	
	
	
	
	
	
	
	
	
	
	
	
	
	
	
	
	
	
	
	
	
	
	
	
	
	
	
	
	
	
	
	
	
	
	
	
	
	
	
	
	
	
	
	
	
	
	
	
	
	
	
	
	
	
	
	
	
	
	
	
	
	
	
	
	
	
	
	
	
	
	
	
	
	
	
	
	
	
	
	
	
	
	
	
	
	
	
	
	
	
	
	
	
	
	
	
	
	
	
	
	
	
	
	
	
	
	
	
	
	
	
	
	
	
	
	
	
	
	
	
	
	
	
	
	
	
	
	
	
	
	
	
	
	
	
	
	
	
	
	
	
	
	
	
	
	
	
	
	
	
	
	
	
	
	
	
	
	
	
	
	
	
	
	
	
	
	
	
	
	
	
	
	
	
	
	
	
	
	
	
	
	
	
	
	
	
	
	
	
	
	
	
	
	
	
	
	
	
	
	
	
	
	
	
	
	
	
	
	
	
	
	
	
	
	
	
	
	
	
	
	
	
	
	
	
	
	
	
	
	
	
	
	
	
	
	
	
	
	
	
	
	
	
	
	
	
	
	
	
	
	
	
	
	
	
	
	
	
	
	
	
	
	
	
	
	
	
	
	
	
	
	
	
	
	
	
	
	
	
	
	
	
	
	
	
	
	
	
	
	
	
	
	
	
	
	
	
	
	
	
	
	
	
	
	
	
	
	
	
	
	
	
	
	
	
	
	
	
	
	
	
	
	
	
	
	
	
	
	
	
	
	
	
	
	
	
	
	
	
	
	
	
	
	
	
	
	
	
	
	
	
	
	
	
	
	
	
	
	
	
	
	
	
	
	
	
	
	
	
	
	
	
	
	
	
	
	
	
	
	
	
	
	
	
	
	
	
	
	
	
	
	
	
	
	
	
	
	
	
	
	
	
	
	
	
	
	
	
	
	
	
	
	
	
	
	
	
	
	
	
	
	
	
	
	
	
	
	
	
	
	
	
	
	
	
	
	
	
	
	
	
	
	
	
	
	
	
	
	
	
	
	
	
	
	
	
	
	
	
	
	
	
	
	
	
	
	
	
	
	
	
	
	
	
	
	
	
	
	
	
	
	
	
	
	
	
	
	
	
	
	
	
	
	
	
	
	
	
	
	
	
	
	
	
	
	
	
	
	
	
	
	
	
	
	
	
	
	
	
	
	
	
	
	
	
	
	
	
	
	
	
	
	
	
	
	
	
	
	
	
	
	
	
	
	
	
	
	
	
	
	
	
	
	
	
	
	
	
	
	
	
	
	
	
	
	
	
	
	
	
	
	
	
	
	
	
	
	
	
	
	
	
	
	
	
	
	
	
	
	
	
	
	
	
	
	
	
	
	
	
	
	
	
	
	
	
	
	
	
	
	
	
	
	
	
	
	
	
	
	
	
	
	
	
	
	
	
	
	
	
	
	
	
	
	
	
	
	
	
	
	
	
	
	
	
	
	
	
	
	
	
	
	
	
	
	
	
	
	
	
	
	
	
	
	
	
	
	
	
	
	
	
	
	
	
	
	
	
	
	
	
	
	
	
	
	
	
	
	
	
	
	
	
	
	
	
	
	
	
	
	
	
	
	
	
	
	
	
	
	
	
	
	
	
	
	
	
	
	
	
	
	
	
	
	
	
	
	
	
	
	
	
	
	
	
	
	
	
	
	
	
	
	
	
	
	
	
	
	
	
	
	
	
	
	
	
	
	
	
	
	
	
	
	
	
	
	
	
	
	
	
	
	
	
	
	
	
	
	
	
	
	
	
	
	
	
	
	
	
	
	
	
	
	
	
	
	
	
	
	
	
	
	
	
	
	
	
	
	
	
	
	
	
	
	
	
	
	
	
	
	
	
	
	
	
	
	
	
	
	
	
	
	
	
	
	
	
	
	
	
	
	
	
	
	
	
	
	
	
	
	
	
	
	
	
	
	
	
	
	
	
	
	
	
	
	
	
	
	
	
	
	
	
	
	
	
	
	
	
	
	
	
	
	
	
	
	
	
	
	
	
	
	
	
	
	
	
	
	
	
	
	
	
	
	
	
	
	
	
	
	
	
	
	
	
	
	
	
	
	
	
	
	
	
	
	
	
	
	
	
	
	
	
	
	
	
	
	
	
	
	
	
	
	
	
	
	
	
	
	
	
	
	
	
	
	
	
	
	
	
	
	
	
	
	
	
	
	
	
	
	
	
	
	
	
	
	
	
	
	
	
	
	
	
	
	
	
	
	
	
	
	
	
	
	
	
	
	
	
	
	
	
	
	
	
	
	
	
	
	
	
	
	
	
	
	
	
	
	
	
	
	
	
	
	
	
	
	
	
	
	
	
	
	
	
	
	
	
	
	
	
	
	
	
	
	
	
	
	
	
	
	
	
	
	
	
	
	
	
	
	
	
	
	
	
	
	
	
	
	
	
	
	
	
	
	
	
	
	
	
	
	
	
	
	
	
	
	
	
	
	
	
	
	
	
	
	
	
	
	
	
	
	
	
	
	
	
	
	
	
	
	
	
	
	
	
	
	
	
	
	
	
	
	
	
	
	
	
	
	
	
	
	
	
	
	
	
	
	
	
	
	
	
	
	
	
	
	
	
	
	
	
	
	
	
	
	
	
	
	
	
	
	
	
	
	
	
	
	
	
	
	
	
	
	
	
	
	
	
	
	
	
	
	
	
	
	
	
	
	
	
	
	
	
	
	
	
	
	
	
	
	
	
	
	
	
	
	
	
	
	
	
	
	
	
	
	
	
	
	
	
	
	
	
	
	
	
	
	
	
	
	
	
	
	
	
	
	
	
	
	
	
	
	
	
	
	
	
	
	
	
	
	
	
	
	
	
	
	
	
	
	
	
	
	
	
	
	
	
	
	
	
	
	
	
	
	
	
	
	
	
	
	
	
	
	
	
	
	
	
	
	
	
	
	
	
	
	
	
	
	
	
	
	
	
	
	
	
	
	
	
	
	
	
	
	
	
	
	
	
	
	
	
	
	
	
	
	
	
	
	
	
	
	
	
	
	
	
	
	
	
	
	
	
	
	
	
	
	
	
	
	
	
	
	
	
	
	
	
	
	
	
	
	
	
	
	
	
	
	
	
	
	
	
	
	
	
	
	
	
	
	
	
	
	
	
	
	
	
	
	
	
	
	
	
	
	
	
	
	
	
	
	
	
	
	
	
	
	
	
	
	
	
	
	
	
	
	
	
	
	
	
	
	
	
	
	
	
	
	
	
	
	
	
	
	
	
	
	
	
	
	
	
	
	
	
	
	
	
	
	
	
	
	
	
	
	
	
	
	
	
	
	
	
	
	
	
	
	
	
	
	
	
	
	
	
	
	
	
	
	
	
	
	
	
	
	
	
	
	
	
	
	
	
	
	
	
	
	
	
	
	
	
	
	
	
	
	
	
	
	
	
	
	
	
	
	
	
	
	
	
	
	
	
	
	
	
	
	
	
	
	
	
	
	
	
	
	
	
	
	
	
	
	
	
	
	
	
	
	
	
	
	
	
	
	
	
	
	
	
	
	
	
	
	
	
	
	
	
	
	
	
	
	
	
	
	
	
	
	
	
	
	
	
	
	
	
	
	
	
	
	
	
	
	
	
	
	
	
	
	
	
	
	
	
	
	
	
	
	
	
	
	
	
	
	
	
	
	
	
	
	
	
	
	
	
	
	
	
	
	
	
	
	
	
	
	
	
	
	
	
	
	
	
	
	
	
	
	
	
	
	
	
	
	
	
	
	
	
	
	
	
	
	
	
	
	
	
	
	
	
	
	
	
	
	
	
	
	
	
	
	
	
	
	
	
	
	
	
	
	
	
	
	
	
	
	
	
	
	
	
	
	
	
	
	
	
	
	
	
	
	
	
	
	
	
	
	
	
	
	
	
	
	
	
	
	
	
	
	
	
	
	
	
	
	
	
	
	
	
	
	
	
	
	
	
	
	
	
	
	
	
	
	
	
	
	
	
	
	
	
	
	
	
	
	
	
	
	
	
	
	
	
	
	
	
	
	
	
	
	
	
	
	
	
	
	
	
	
	
	
	
	
	
	
	
	
	
	
	
	
	
	
	
	
	
	
	
	
	
	
	
	
	
	
	
	
	
	
	
	
	
	
	
	
	
	
	
	
	
	
	
	
	
	
	
	
	
	
	
	
	
	
	
	
	
	
	
	
	
	
	
	
	
	
	
	
	
	
	
	
	
	
	
	
	
	
	
	
	
	
	
	
	
	
	
	
	
	
	
	
	
	
	
	
	
	
	
	
	
	
	
	
	
	
	
	
	
	
	
	
	
	
	
	
	
	
	
	
	
	
	
	
	
	
	
	
	
	
	
	
	
	
	
	
	
	
	
	
	
	
	
	
	
	
	
	
	
	
	
	
	
	
	
	
	
	
	
	
	
	
	
	
	
	
	
	
	
	
	
	
	
	
	
	
	
	
	
	
	
	
	
	
	
	
	
	
	
	
	
	
	
	
	
	
	
	
	
	
	
	
	
	
	
	
	
	
	
	
	
	
	
	
	
	
	
	
	
	
	
	
	
	
	
	
	
	
	
	
	
	
	
	
	
	
	
	
	
	
	
	
	
	
	
	
	
	
	
	
	
	
	
	
	
	
	
	
	
	
	
	
	
	
	
	
	
	
	
	
	
	
	
	
	
	
	
	
	
	
	
	
	
	
	
	
	
	
	
	
	
	
	
	
	
	
	
	
	
	
	
	
	
	
	
	
	
	
	
	
	
	
	
	
	
	
	
	
	
	
	
	
	
	
	
	
	
	
	
	
	
	
	
	
	
	
	
	
	
	
	
	
	
	
	
	
	
	
	
	
	
	
	
	
	
	
	
	
	
	
	
	
	
	
	
	
	
	
	
	
	
	
	
	
	
	
	
	
	
	
	
	
	
	
	
	
	
	
	
	
	
	
	
	
	
	
	
	
	
	
	
	
	
	
	
	
	
	
	
	
	
	
	
	
	
	
	
	
	
	
	
	
	
	
	
	
	
	
	
	
	
	
	
	
	
	
	
	
	
	
	
	
	
	
	
	
	
	
	
	
	
	
	
	
	
	
	
	
	
	
	
	
	
	
	
	
	
	
	
	
	
	
	
	
	
	
	
	
	
	
	
	
	
	
	
	
	
	
	
	
	
	
	
	
	
	
	
	
	
	
	
	
	
	
	
	
	
	
	
	
	
	
	
	
	
	
	
	
	
	
	
	
	
	
	
	
	
	
	
	
	
	
	
	
	
	
	
	
	
	
	
	
	
	
	
	
	
	
	
	
	
	
	
	
	
	
	
	
	
	
	
	
	
	
	
	
	
	
	
	
	
	
	
	
	
	
	
	
	
	
	
	
	
	
	
	
	
	
	
	
	
	
	
	
	
	
	
	
	
	
	
	
	
	
	
	
	
	
	
	
	
	
	
	
	
	
	
	
	
	
	
	
	
	
	
	
	
	
	
	
	
	
	
	
	
	
	
	
	
	
	
	
	
	
	
	
	
	
	
	
	
	
	
	
	
	
	
	
	
	
	
	
	
	
	
	
	
	
	
	
	
	
	
	
	
	
	
	
	
	
	
	
	
	
	
	
	
	
	
	
	
	
	
	
	
	
	
	
	
	
	
	
	
	
	
	
	
	
	
	
	
	
	
	
	
	
	
	
	
	
	
	
	
	
	
	
	
	
	
	
	
	
	
	
	
	
	
	
	
	
	
	
	
	
	
	
	
	
	
	
	
	
	
	
	
	
	
	
	
	
	
	
	
	
	
	
	
	
	
	
	
	
	
	
	
	
	
	
	
	
	
	
	
	
	
	
	
	
	
	
	
	
	
	
	
	
	
	
	
	
	
	
	
	
	
	
	
	
	
	
	
	
	
	
	
	
	
	
	
	
	
	
	
	
	
	
	
	
	
	
	
	
	
	
	
	
	
	
	
	
	
	
	
	
	
	
	
	
	
	
	
	
	
	
	
	
	
	
	
	
	
	
	
	
	
	
	
	
	
	
	
	
	
	
	
	
	
	
	
	
	
	
	
	
	
	
	
	
	
	
	
	
	
	
	
	
	
	
	
	
	
	
	
	
	
	
	
	
	
	
	
	
	
	
	
	
	
	
	
	
	
	
	
	
	
	
	
	
	
	
	
	
	
	
	
	
	
	
	
	
	
	
	
	
	
	
	
	
	
	
	
	
	
	
	
	
	
	
	
	
	
	
	
	
	
	
	
	
	
	
	
	
	
	
	
	
	
	
	
	
	
	
	
	
	
	
	
	
	
	
	
	
	
	
	
	
	
	
	
	
	
	
	
	
	
	
	
	
	
	
	
	
	
	
	
	
	
	
	
	
	
	
	
	
	
	
	
	
	
	
	
	
	
	
	
	
	
	
	
	
	
	
	
	
	
	
	
	
	
	
	
	
	
	
	
	
	
	
	
	
	
	
	
	
	
	
	
	
	
	
	
	
	
	
	
	
	
	
	
	
	
	
	
	
	
	
	
	
	
	
	
	
	
	
	
	
	
	
	
	
	
	
	
	
	
	
	
	
	
	
	
	
	
	
	
	
	
	
	
	
	
	
	
	
	
	
	
	
	
	
	
	
	
	
	
	
	
	
	
	
	
	
	
	
	
	
	
	
	
	
	
	
	
	
	
	
	
	
	
	
	
	
	
	
	
	
	
	
	
	
	
	
	
	
	
	
	
	
	
	
	
	
	
	
	
	
	
	
	
	
	
	
	
	
	
	
	
	
	
	
	
	
	
	
	
	
	
	
	
	
	
	
	
	
	
	
	
	
	
	
	
	
	
	
	
	
	
	
	
	
	
	
	
	
	
	
	
	
	
	
	
	
	
	
	
	
	
	
	
	
	
	
	
	
	
	
	
	
	
	
	
	
	
	
	
	
	
	
	
	
	
	
	
	
	
	
	
	
	
	
	
	
	
	
	
	
	
	
	
	
	
	
	
	
	
	
	
	
	
	
	
	
	
	
	
	
	
	
	
	
	
	
	
	
	
	
	
	
	
	
	
	
	
	
	
	
	
	
	
	
	
	
	
	
	
	
	
	
	
	
	
	
	
	
	
	
	
	
	
	
	
	
	
	
	
	
	
	
	
	
	
	
	
	
	
	
	
	
	
	
	
	
	
	
	
	
	
	
	
	
	
	
	
	
	
	
	
	
	
	
	
	
	
	
	
	
	
	
	
	
	
	
	
	
	
	
	
	
	
	
	
	
	
	
	
	
	
	
	
	
	
	
	
	
	
	
	
	
	
	
	
	
	
	
	
	
	
	
	
	
	
	
	
	
	
	
	
	
	
	
	
	
	
	
	
	
	
	
	
	
	
	
	
	
	
	
	
	
	
	
	
	
	
	
	
	
	
	
	
	
	
	
	
	
	
	
	
	
	
	
	
	
	
	
	
	
	
	
	
	
	
	
	
	
	
	
	
	
	
	
	
	
	
	
	
	
	
	
	
	
	
	
	
	
	
	
	
	
	
	
	
	
	
	
	
	
	
	
	
	
	
	
	
	
	
	
	
	
	
	
	
	
	
	
	
	
	
	
	
	
	
	
	
	
	
	
	
	
	
	
	
	
	
	
	
	
	
	
	
	
	
	
	
	
	
	
	
	
	
	
	
	
	
	
	
	
	
	
	
	
	
	
	
	
	
	
	
	
	
	
	
	
	
	
	
	
	
	
	
	
	
	
	
	
	
	
	
	
	
	
	
	
	
	
	
	
	
	
	
	
	
	
	
	
	
	
	
	
	
	
	
	
	
	
	
	
	
	
	
	
	
	
	
	
	
	
	
	
	
	
	
	
	
	
	
	
	
	
	
	
	
	
	
	
	
	
	
	
	
	
	
	
	
	
	
	
	
	
	
	
	
	
	
	
	
	
	
	
	
	
	
	
	
	
	
	
	
	
	
	
	
	
	
	
	
	
	
	
	
	
	
	
	
	
	
	
	
	
	
	
	
	
	
	
	
	
	
	
	
	
	
	
	
	
	
	
	
	
	
	
	
	
	
	
	
	
	
	
	
	
	
	
	
	
	
	
	
	
	
	
	
	
	
	
	
	
	
	
	
	
	
	
	
	
	
	
	
	
	
	
	
	
	
	
	
	
	
	
	
	
	
	
	
	
	
	
	
	
	
	
	
	
	
	
	
	
	
	
	
	
	
	
	
	
	
	
	
	
	
	
	
	
	
	
	
	
	
	
	
	
	
	
	
	
	
	
	
	
	
	
	
	
	
	
	
	
	
	
	
	
	
	
	
	
	
	
	
	
	
	
	
	
	
	
	
	
	
	
	
	
	
	
	
	
	
	
	
	
	
	
	
	
	
	
	
	
	
	
	
	
	
	
	
	
	
	
	
	
	
	
	
	
	
	
	
	
	
	
	
	
	
	
	
	
	
	
	
	
	
	
	
	
	
	
	
	
	
	
	
	
	
	
	
	
	
	
	
	
	
	
	
	
	
	
	
	
	
	
	
	
	
	
	
	
	
	
	
	
	
	
	
	
	
	
	
	
	
	
	
	
	
	
	
	
	
	
	
	
	
	
	
	
	
	
	
	
	
	
	
	
	
	
	
	
	
	
	
	
	
	
	
	
	
	
	
	
	
	
	
	
	
	
	
	
	
	
	
	
	
	
	
	
	
	
	
	
	
	
	
	
	
	
	
	
	
	
	
	
	
	
	
	
	
	
	
	
	
	
	
	
	
	
	
	
	
	
	
	
	
	
	
	
	
	
	
	
	
	
	
	
	
	
	
	
	
	
	
	
	
	
	
	
	
	
	
	
	
	
	
	
	
	
	
	
	
	
	
	
	
	
	
	
	
	
	
	
	
	
	
	
	
	
	
	
	
	
	
	
	
	
	
	
	
	
	
	
	
	
	
	
	
	
	
	
	
	
	
	
	
	
	
	
	
	
	
	
	
	
	
	
	
	
	
	
	
	
	
	
	
	
	
	
	
	
	
	
	
	
	
	
	
	
	
	
	
	
	
	
	
	
	
	
	
	
	
	
	
	
	
	
	
	
	
	
	
	
	
	
	
	
	
	
	
	
	
	
	
	
	
	
	
	
	
	
	
	
	
	
	
	
	
	
	
	
	
	
	
	
	
	
	
	
	
	
	
	
	
	
	
	
	
	
	
	
	
	
	
	
	
	
	
	
	
	
	
	
	
	
	
	
	
	
	
	
	
	
	
	
	
	
	
	
	
	
	
	
	
	
	
	
	
	
	
	
	
	
	
	
	
	
	
	
	
	
	
	
	
	
	
	
	
	
	
	
	
	
	
	
	
	
	
	
	
	
	
	
	
	
	
	
	
	
	
	
	
	
	
	
	
	
	
	
	
	
	
	
	
	
	
	
	
	
	
	
	
	
	
	
	
	
	
	
	
	
	
	
	
	
	
	
	
	
	
	
	
	
	
	
	
	
	
	
	
	
	
	
	
	
	
	
	
	
	
	
	
	
	
	
	
	
	
	
	
	
	
	
	
	
	
	
	
	
	
	
	
	
	
	
	
	
	
	
	
	
	
	
	
	
	
	
	
	
	
	
	
	
	
	
	
	
	
	
	
	
	
	
	
	
	
	
	
	
	
	
	
	
	
	
	
	
	
	
	
	
	
	
	
	
	
	
	
	
	
	
	
	
	
	
	
	
	
	
	
	
	
	
	
	
	
	
	
	
	
	
	
	
	
	
	
	
	
	
	
	
	
	
	
	
	
	
	
	
	
	
	
	
	
	
	
	
	
	
	
	
	
	
	
	
	
	
	
	
	
	
	
	
	
	
	
	
	
	
	
	
	
	
	
	
	
	
	
	
	
	
	
	
	
	
	
	
	
	
	
	
	
	
	
	
	
	
	
	
	
	
	
	
	
	
	
	
	
	
	
	
	
	
	
	
	
	
	
	
	
	
	
	
	
	
	
	
	
	
	
	
	
	
	
	
	
	
	
	
	
	
	
	
	
	
	
	
	
	
	
	
	
	
	
	
	
	
	
	
	
	
	
	
	
	
	
	
	
	
	
	
	
	
	
	
	
	
	
	
	
	
	
	
	
	
	
	
	
	
	
	
	
	
	
	
	
	
	
	
	
	
	
	
	
	
	
	
	
	
	
	
	
	
	
	
	
	
	
	
	
	
	
	
	
	
	
	
	
	
	
	
	
	
	
	
	
	
	
	
	
	
	
	
	
	
	
	
	
	
	
	
	
	
	
	
	
	
	
	
	
	
	
	
	
	
	
	
	
	
	
	
	
	
	
	
	
	
	
	
	
	
	
	
	
	
	
	
	
	
	
	
	
	
	
	
	
	
	
	
	
	
	
	
	
	
	
	
	
	
	
	
	
	
	
	
	
	
	
	
	
	
	
	
	
	
	
	
	
	
	
	
	
	
	
	
	
	
	
	
	
	
	
	
	
	
	
	
	
	
	
	
	
	
	
	
	
	
	
	
	
	
	
	
	
	
	
	
	
	
	
	
	
	
	
	
	
	
	
	
	
	
	
	
	
	
	
	
	
	
	
	
	
	
	
	
	
	
	
	
	
	
	
	
	
	
	
	
	
	
	
	
	
	
	
	
	
	
	
	
	
	
	
	
	
	
	
	
	
	
	
	
	
	
	
	
	
	
	
	
	
	
	
	
	
	
	
	
	
	
	
	
	
	
	
	
	
	
	
	
	
	
	
	
	
	
	
	
	
	
	
	
	
	
	
	
	
	
	
	
	
	
	
	
	
	
	
	
	
	
	
	
	
	
	
	
	
	
	
	
	
	
	
	
	
	
	
	
	
	
	
	
	
	
	
	
	
	
	
	
	
	
	
	
	
	
	
	
	
	
	
	
	
	
	
	
	
	
	
	
	
	
	
	
	
	
	
	
	
	
	
	
	
	
	
	
	
	
	
	
	
	
	
	
	
	
	
	
	
	
	
	
	
	
	
	
	
	
	
	
	
	
	
	
	
	
	
	
	
	
	
	
	
	
	
	
	
	
	
	
	
	
	
	
	
	
	
	
	
	
	
	
	
	
	
	
	
	
	
	
	
	
	
	
	
	
	
	
	
	
	
	
	
	
	
	
	
	
	
	
	
	
	
	
	
	
	
	
	
	
	
	
	
	
	
	
	
	
	
	
	
	
	
	
	
	
	
	
	
	
	
	
	
	
	
	
	
	
	
	
	
	
	
	
	
	
	
	
	
	
	
	
	
	
	
	
	
	
	
	
	
	
	
	
	
	
	
	
	
	
	
	
	
	
	
	
	
	
	
	
	
	
	
	
	
	
	
	
	
	
	
	
	
	
	
	
	
	
	
	
	
	
	
	
	
	
	
	
	
	
	
	
	
	
	
	
	
	
	
	
	
	
	
	
	
	
	
	
	
	
	
	
	
	
	
	
	
	
	
	
	
	
	
	
	
	
	
	
	
	
	
	
	
	
	
	
	
	
	
	
	
	
	
	
	
	
	
	
	
	
	
	
	
	
	
	
	
	
	
	
	
	
	
	
	
	
	
	
	
	
	
	
	
	
	
	
	
	
	
	
	
	
	
	
	
	
	
	
	
	
	
	
	
	
	
	
	
	
	
	
	
	
	
	
	
	
	
	
	
	
	
	
	
	
	
	
	
	
	
	
	
	
	
	
	
	
	
	
	
	
	
	
	
	
	
	
	
	
	
	
	
	
	
	
	
	
	
	
	
	
	
	
	
	
	
	
	
	
	
	
	
	
	
	
	
	
	
	
	
	
	
	
	
	
	
	
	
	
	
	
	
	
	
	
	
	
	
	
	
	
	
	
	
	
	
	
	
	
	
	
	
	
	
	
	
	
	
	
	
	
	
	
	
	
	
	
	
	
	
	
	
	
	
	
	
	
	
	
	
	
	
	
	
	
	
	
	
	
	
	
	
	
	
	
	
	
	
	
	
	
	
	
	
	
	
	
	
	
	
	
	
	
	
	
	
	
	
	
	
	
	
	
	
	
	
	
	
	
	
	
	
	
	
	
	
	
	
	
	
	
	
	
	
	
	
	
	
	
	
	
	
	
	
	
	
	
	
	
	
	
	
	
	
	
	
	
	
	
	
	
	
	
	
	
	
	
	
	
	
	
	
	
	
	
	
	
	
	
	
	
	
	
	
	
	
	
	
	
	
	
	
	
	
	
	
	
	
	
	
	
	
	
	
	
	
	
	
	
	
	
	
	
	
	
	
	
	
	
	
	
	
	
	
	
	
	
	
	
	
	
	
	
	
	
	
	
	
	
	
	
	
	
	
	
	
	
	
	
	
	
	
	
	
	
	
	
	
	
	
	
	
	
	
	
	
	
	
	
	
	
	
	
	
	
	
	
	
	
	
	
	
	
	
	
	
	
	
	
	
	
	
	
	
	
	
	
	
	
	
	
	
	
	
	
	
	
	
	
	
	
	
	
	
	
	
	
	
	
	
	
	
	
	
	
	
	
	
	
	
	
	
	
	
	
	
	
	
	
	
	
	
	
	
	
	
	
	
	
	
	
	
	
	
	
	
	
	
	
	
	
	
	
	
	
	
	
	
	
	
	
	
	
	
	
	
	
	
	
	
	
	
	
	
	
	
	
	
	
	
	
	
	
	
	
	
	
	
	
	
	
	
	
	
	
	
	
	
	
	
	
	
	
	
	
	
	
	
	
	
	
	
	
	
	
	
	
	
	
	
	
	
	
	
	
	
	
	
	
	
	
	
	
	
	
	
	
	
	
	
	
	
	
	
	
	
	
	
	
	
	
	
	
	
	
	
	
	
	
	
	
	
	
	
	
	
	
	
	
	
	
	
	
	
	
	
	
	
	
	
	
	
	
	
	
	
	
	
	
	
	
	
	
	
	
	
	
	
	
	
	
	
	
	
	
	
	
	
	
	
	
	
	
	
	
	
	
	
	
	
	
	
	
	
	
	
	
	
	
	
	
	
	
	
	
	
	
	
	
	
	
	
	
	
	
	
	
	
	
	
	
	
	
	
	
	
	
	
	
	
	
	
	
	
	
	
	
	
	
	
	
	
	
	
	
	
	
	
	
	
	
	
	
	
	
	
	
	
	
	
	
	
	
	
	
	
	
	
	
	
	
	
	
	
	
	
	
	
	
	
	
	
	
	
	
	
	
	
	
	
	
	
	
	
	
	
	
	
	
	
	
	
	
	
	
	
	
	
	
	
	
	
	
	
	
	
	
	
	
	
	
	
	
	
	
	
	
	
	
	
	
	
	
	
	
	
	
	
	
	
	
	
	
	
	
	
	
	
	
	
	
	
	
	
	
	
	
	
	
	
	
	
	
	
	
	
	
	
