domain	
postecan-colis.net	
securityauthenticator.com	
etran-1078.info	
etran-10788.info	
interactmycraref095172.com	
hse-covid-services.com	
et-claimtransfer-canadawebcad.com	
online-access-365.com	
authannual.club	
rbc-confirm.com	
offence-vancouver.city	
customs-anpost-roi.com	
bel-mobile.org	
allocations-canada.top	
canada-allocation.top	
apps-transaction.info-secured.com	
rbcmobile.info-secured.com	
rbcpurchase.info-secured.com	
royal.bank.info-secured.com	
ca.allocation-canada.top	
interac.allocation-canada.top	
qctracking-dhl249593.com	
trackingqc-dhl492923.com	
nzpost-personal.com	
qc.canada-allocation.top	
ca.canada-allocation.top	
qc.canada-allocations.top	
ca.canada-allocations.top	
interac.canada-allocations.top	
qc.allocations-canada.top	
ca.allocations-canada.top	
interac.allocations-canada.top	
interac.canada-allocation.top	
postcana0110.com	
canadapost-parcel-status-eta.com	
allocation-canada.top	
canadapost-package-status-eta.com	
canadapost-tracking-can.com	
applehelp-online.com	
qc.allocation-canada.top	
mobillitybellupdate2023.info	
tracking9211149-dhlqc.com	
termssuncorp-au.com	
canada-allocations.top	
tracking9521155-qcdhl.com	
canadapost-canadapost.com	
ref-arcgov1.info	
www.taxref-interac.com	
lnteracdeposit.ca	
myrefcra.info	
westpac-helpdeskonline.com	
pendinginteract-etransfer2.com	
uberreimbursement.com	
thebellmobile.com	
infopostescanada.com	
executive-rewards-coupons.ca	
crtc-rogers-compensation.com	
auspost.parcelhub-alerts.com	
updateparcel-079659.ca	
canadapostparceltracking.ca	
parcel-schedule.shop	
horaire-post.live	
etran-0512.info	
etran-05122.info	
fundscanadahelp.com	
personalmy-anz.online	
updatedhlreschedule-992883.info	
updatebnz.info	
rescheduledhlparcel.com	
bendigo-security-checks.com	
parcelpostcan.com	
my-billoverpay.com	
thebellmobile.info	
vancouver-violation.city	
review-account-status-au.org	
canadapostparcelreschedule.ca	
canadaposttrackingservices.ca	
canadapostreschedule.ca	
canadapostparcelstatus.ca	
tel-onlinehelpsbs.info	
colisposte-relivraison.net	
livraisonposte-modifier.net	
datelivraison-poste.net	
relivraison-qc-colis.net	
livraison-postcan.net	
cadref2023.com	
onlinebnz.me	
shield-anz.info	
services-ato-gov.org	
date-livraisonreporter.net	
climate-incentive.ca	
commbank-alerts.us.to	
raiff-veri.online	
tx-issuing-gst.info	
canrev-agency.online	
bawagpsk-at.click	
eflow-onlineservice.com	
boiaccess.com	
secured365-banking.com	
anpost-onlinedeliverys-support.com	
eflow-payonlineservice.com	
rbc-auth.com	
1001etran-ca.online	
parcelcustomfeedelivery.com	
an-postdelivery-fees.com	
tukea-fi.com	
op.tukea-fi.com	
post-canada-delivery.com	
etran-4008.info	
etran-40088.info	
rogersverification.com	
cp-reschedule.info	
canada-post-tracking-statuseta.com	
secure01s-bene1its.com	
access-online-365.com	
revolut-department.com	
eflow-online-services.com	
smartcheckupform.com	
coupon-executive-reward.ca	
anpost.fees-settlements.com	
bmo.authid-m.com	
td-accountverification.com	
et-pending-claimdepositcanada.com	
canadapostreschedule.info	
eflow-paysecure.com	
annual-rebates.link	
ca-tdweb-trust100.com	
nabbank.technicalsupportresources.com	
costcowholesalesupport.co	
et-onlineweb-trustlogincanada.com	
canadapost-services-packagesupport.com	
etran-sfer973028.online	
ab-securebnft.info	
secure-helpab.info	
virement-qc-hydro.com	
rbcan-secure.info	
www.rbcan-secure.info	
auspost-updates.com	
apple-wallet-verify.com	
confirmer-prime.online	
easywebbank.com	
www-authentific-rbcroyal.xyz	
confirmer-prime.store	
prime-modifier.online	
dhlca.updateparcel-079659.ca	
1001etran-info.com	
reward-executive-coupon.ca	
executive-reward-coupons.ca	
reward-executive-coupons.ca	
executive-reward-member.ca	
myonline-anz.online	
boiaccessoo.online	
chmc-benef-ont.info	
www.can-rev.services	
can-rev.services	
cadrevagencysup.xyz	
cra.cadrevagencysup.xyz	
canadapost365.myftp.biz	
my-gov-au1.com	
accd.mouv.des.jardins.confirm-details-client93737.com	
acces.d.confirm-details-client93737.com	
des.jardins.confirm-details-client93737.com	
mouv.web.desj.ardins.confirm-details-client93737.com	
cadhl-tracking29455341.com	
dhlca-tracking2911341.com	
1bmoauthsignin.com	
ib-nab-au.net	
ib-nab-au.me	
bendigo-secured-help.com	
www.ib-nab-au.me	
www.ib-nab-au.net	
reschdule-canadapost.info	
canadapost-reschedule-fee.com	
my.update-user-portal.net	
rogers-payme-nt.cc	
delivery-schedule.shop	
shedule-parcel.shop	
mobility-rebate.ca	
anzshield.com	
post-cad.com	
canada.post-cad.com	
amzc-authrsession.com	
purolatordelivery.info	
bendigo-e-banking.com	
cooperativeuk-signin.com	
postcana00102.com	
support-secure-revolut.com	
anpost-online-fees.com	
secure48s-benef1s.online	
rev-sendreviewcancel.com	
anpost-redelivery-department.com	
www.lhv.ee.smartid-sisene.info	
a1telexhacker.ptr1.ru	
canadapost.delivery-schedule.com	
postcanada.delivery-schedule.com	
postcan.delivery-schedule.com	
canpost.delivery-schedule.com	
cp.delivery-schedule.com	
canadapost-en.delivery-schedule.com	
canadapost.deliveryerror-en.com	
postcan.deliveryerror-en.com	
canpost.deliveryerror-en.com	
cp.deliveryerror-en.com	
postcanada.deliveryerror-en.com	
canadapost.pending-delivery.com	
postcan.pending-delivery.com	
canadapost-en.pending-delivery.com	
canpost.pending-delivery.com	
postcanada.pending-delivery.com	
post1ca-32ha.ddns.net	
eflow-paymentonline.com	
ontarioservices.info	
post-paymentonline.com	
op-rahoittaa.com	
federalmoneydeposit.com	
infopostcanadatracks.com	
revolut-user-login.com	
etran-4140.info	
canpost-reschedule.info	
www.bawag.at.psk-web.cfd	
rescheduleintel-cpcanda247-gov.com	
rucksendung-post-at.com	
canadapostxpress.com	
support-online-revolut.com	
canada-post-trackingeta-ca.com	
postca-team.org	
canada-post-trackingeta-can.com	
info-posts.com	
canadapost-trackingeta-ca.com	
canadapost-trackingeta.com	
accessboi.com	
feecustomcharge.com	
review-details-online.com	
part.bancosantander.es-login.info	
accd-web.mouv-desjardin.auth-6wr2d.com	
accd-mouv.client-des.jardins.auth-6wr2d.com	
accesd.web-desjardins.auth-6wr2d.com	
interac-benifit-ontario.ca	
chmc-benefit.com	
fidoreturnm.site	
delichange-ca.live	
volksbank-sicherheitskontrolle.com	
deposit.lnteract-alerts.com	
parcel-reschedule.ca	
365-access.com	
invoicing-adjustment.ca	
an-post-12.com	
credit-solidarite-qc.website	
bellovrchrge.net	
cpost-ref-online.com	
affordabilityactionplan.albertagov.ca	
authrbc-royalbank.com	
amazon.aws-bill.com	
an-post-payservice.com	
city-hall-sms.city	
avis-postecan.com	
postecan-alert.com	
allied-secure-details.online	
interacthelpline.com	
emtonline.ca	
aidontariotrillium.org	
ontariotrilliumaid.org	
www.housing-benefit.homes	
housing-benefit.homes	
telus.m-paybill.com	
pymnt-subfailed.ca	
nettflix-membershipupdate.com	
inetc1office344.com	
1infoupdate-mynflx.com	
secureinteractlink.com	
10001inv.ink	
mobilebnz.xyz	
reoveryrelief.com	
www.l-ntrac-redeem.online	
bendigo-clientpage-auth.com	
rescheule-canadianpost.com	
shedule-delivery.shop	
parcel-delivery.shop	
integouv.org	
account-login-security.org	
voxwfpach.com	
cppos012323.com	
anpost-charges-ie.com	
totta.pendente-conta.com	
suppnozama.com	
online.atbform.com	
totta.pt-conta-pendente.com	
revolut-customer-support.com	
online-support-revolut.com	
webcanada-100interactrust.com	
eflow-service.com	
coscobiiiing.com	
online-365-support.com	
myeasyweb.site	
anpostcourier-importfee.com	
anpost-parcel-department.com	
cr-canada.online	
anpost-redelivery-roi.com	
secure-eflow.com	
reschedule-canadapost.link	
netpaymentnow.com	
revenue-services-ie.com	
etran-7720.info	
postcanada-account.com	
etran-77200.info	
get-backinfo.com	
verifizieren-deine-vrkonto.de	
financialmoneydeposit.com	
activate-applecontactless.online	
online-secure-revolut.com	
an-post-update.com	
service-rogers.com	
www.servicecan-taxref.com	
www.canadaphelp.tech	
interactmycraref0472952.com	
rogersupport.com	
royal-update.com	
secure54s-c1aim.online	
online-new-access.com	
secure87s-c1aim.online	
cpposccan01-23.com	
refund.deposits2cure15bell.com	
1nt2rac.deposits2cure15bell.com	
deposits2cure15bell.com	
mydelay-canadapost.com	
anpostcouriersupport.com	
et-onlinedeposit-webcanada.com	
canadapost.parcel-hold.ca	
anpost-delivery.info	
1001-claimdepositca-canadaweb.com	
a-interac.ca	
reschedule-nzposts.com	
gov-272994.com	
myrefarc.info	
canadapost.courier-fee.ca	
onlinewebpay.com	
aus-postals-au.com	
ra-services.online	
cadsecref2023.com	
wholesale-membership-online.com	
private-annual-wholesale-coupon.ca	
asb-nz-support.com	
mobiledepositqc.ca	
canadapost-mydelivery-fees.info	
atb.member-financial.com	
postescanada-colis.com	
canadapost-mydelivery.info	
postal-updates.com	
my.secure-user-update.net	
myauthbmo.com	
canada.postal-updates.com	
cancad2023.com	
anz-app.online	
an-post-redelivery.com	
cadpost-reschedule.ca	
aus-mygovservices.com	
atb.policy-confirm.com	
bendigos-au.com	
anpostparcel-importfee.com	
secure-paytoll.com	
etweb-crainterac-catrust-100.com	
anpost.duty-fee-helpdesk.com	
c-interac.ca	
depositmoneyservice.com	
barcsecured.ddns.net	
gouv-inf-agence.com	
auth45s-c1aim.online	
revlew-dash.ns02.info	
sants-app.com	
revolut-onlineauth.com	
freeprimesubscription.ca	
atb.terms-sevice-reset.com	
postalcanada.ca	
revenue-ca.ddns.net	
td.app-webid.com	
canpostservice.info	
cvcadref2023.com	
commbank-update-au.com	
app-sants.com	
cadpostdelivery.com	
an-post-fee-service.com	
ns67.domaincontrol.com	
desjardins.online.	
161.35.14.56	
interac-gc.ca	
bell.disbursedcareturn.com	
canada.postal-update.com	
postal-update.com	
bdgau.com	
revenue.assessments-ca.com	
e-tran4409.info	
e-tran44099.info	
lntrec-secure.cc	
anpost.deliver353ie.com	
canp2023ref.com	
mygov-au-online.com	
bendigo-web03-login.com	
lnteracdeposit.shop	
an-post-fee-services.com	
login-myaccount-auth.org	
cpreschedule-canadaintern-247ca.com	
bell.mobilepayment-ca.com	
amazn-reschedule.ca	
mycomm.secure-helpdesk.com	
interactransfert.net	
my-costco.info	
my.user-client-portal.com	
etr-sh.info	
interac.com.etr-sh.info	
login-myaccount-auth-gov.org	
bell.mobilitytransferca.com	
linked-services-myaccount-gov.com	
100lnteracweb-trustca.com	
ca-100lnteractrust-web.com	
bell-refserv.info	
et-100-lnteracwebca.com	
revolut-user-support.com	
pareclfeecustomcharge.com	
parcelfeecustomcharge.com	
rbs-auth03.com	
login-td.ca	
net37flixsup1.ddns.net	
rbc-secu05.my03.com	
canadapost-packagedelivery-help.com	
royal-mail-uk.com	
rewards-costcowholesalecanada.com	
etca-0057.ca	
e-tran6032.info	
e-tran60322.info	
yi985n.com	
lnteract.yi985n.com	
net-flix1su.ddns.net	
overno-cli49323tax.ca	
delivposcan34s.ca	
hydroserprovide.ca	
hydroclientprovider.com	
tafesproviders.ca	
over7taxcancharge.ca	
netflix-security.info	
home-heat-incentive.xyz	
an.post-money-support.com	
membrecostco.com	
net12flixsu.ddns.net	
track-canadapost.com	
anpost-custom-package.com	
auth56s-benef1s.online	
anpostparcelsfee.com	
moneydepositservices.com	
tx-supplier-rebate.info	
canada-postaiservice.site	
canada-postaiservice.site	
amazonn-12781.online	
parcelcustomfeecharge.com	
bell-1-ca.com	
10001e-tr.ca	
fido-returnn-m.site	
renew-online-appleid.com	
mygov-unsupported-acesss.com	
wholesale-rwd.xyz	
suncorp-alert.inpac.com.au	
redeliver-canada-post.com	
secure-process-lloydsbank.link	
omicron-covid19-pcr-irish.com	
customer-supportarea12.info	
bendigobank-au-update.com	
mobilityaccountupdamanual2023.com	
intelracc01-23.com	
loginbnz.info	
scotiaonlines-auth.com	
resolvehelp.tech	
myaccount-cost.co	
abucds-wintl.store	
bendigo-ebanking-au.com	
e-tran4109.info	
e-tran41099.info	
t-23plus.com	
mycomm-dashboard-verify-live.com	
scotia-bank-verify29876.misecure.com	
review-myaccount-login.org	
redelivery-canadapostservice.ca	
canadapost-parcelstatus.ca	
meridian-resetlivemcv-canada.com	
contactless-epay.com	
climate-actionssincentive-payment-gov.com	
abcdefghijk.world	
rewards-costco.com	
rbs-online3.com	
parcelcustomchargefee.com	
revolut-help-services.com	
interac4531.ca	
commbank-alerts.dr.id.au	
commbank-alerts.ruok.org	
eflow-pay-online.com	
anpost-online-services.com	
urgent-online3.com	
eflow-online-pay.com	
portchargefeedelivery.com	
nbgdigital.net	
totta.pendente-pt.com	
anpost-supportonline.com	
carrier-crtc.serveirc.com	
revenue-tax-ireland.com	
bell.ca-mobilereturn.com	
bendigo-alert.info	
totta.pendente-reveja.com	
packagespostcanada.ca	
interactmycraref04669350.com	
support-anpost-online.com	
canadapostpackage.top	
canadapost-schedule.com	
deposit-qc.ca	
secure-rev-ie.com	
eflow-confirm.com	
anpostparceldeliveryfee.com	
eflowpay-online.com	
bmocanada-resetlivemcv-canada.com	
bell.returndepositca.com	
portchargedeliveryfee.com	
return.ca-centersupport.com	
ca-centersupport.com	
updatepostal.com	
canada.updatepostal.com	
www.postexpress.ca	
qc.postexpress.ca	
ontario-benefit.ca	
bell.confirm-details-client93737.com	
bell.mobility.confirm-details-client93737.com	
mobility.confirm-details-client93737.com	
onebill.confirm-details-client93737.com	
onebill.mobility.confirm-details-client93737.com	
canada-post.shop	
cra-etinterac100-webtrust.com	
rbc-connect.com	
canadapost-secure.com	
revenue-access-ie.com	
etca-qc002.ca	
txcan-services.info	
financialinstitutiondeposit.com	
inflation-relief.com	
aggiornare-nexipay-it.com	
gigadatsolutions.net	
bmo.m-access1.com	
cadpost-office.com	
anpost-customs-payments.com	
secure-details.org	
mobileqcdepots.ca	
mobilityservicentre.com	
bell.mobilityreturncenter.com	
members-coupons-reward.ca	
member-executive-rewards-coupons.ca	
reward-member-coupon.ca	
bell.secureadmincenter.com	
pcopt-serv8.xyz	
bell.admindeposit.com	
bell.clientreturncenter.com	
bell.secureonlineca.com	
e-tran9452.info	
e-tran94522.info	
tracknzpackrequest.com	
canadapostshipping.ca	
wholesale-member-coupon-claim.ca	
verificationca.com	
bell.verificationca.com	
avyqtl-ref.xyz	
www.re-fundsamazon.com	
re-fundsamazon.com	
amaz-can.com	
services-online-co-au.com	
comm-au.info	
bendigo-ebanking-secure.com	
amazon-verify.info	
amazon-verify.online	
amazon-verify.pw	
httphttprogsec1.site	
license-vancouver.net	
mypostonline.org	
bell.intrca.net	
intrac.intrca.net	
post-can-reschedule.info	
packagereschedule-993884.com	
www.deposit1funds.com	
moblehelpservice2023.com	
my.client-page-user.com	
trfhrh.com	
secure45-benef1s.online	
totta.conta-confirme.com	
restore-revo-ie.com	
commbank-alerts.inpac.com.au	
an-post-deliverycharge.com	
eflowonlinepayment.com	
totta.confirme-conta.com	
custom-pay-ie.website	
revenue-taxations-ie.com	
anpost-deliveryparcelfee.com	
online-revolut.com	
online-fee-payment.com	
www.pcoptimum-serv8.info	
postoffice-custom.com	
jarjesta-op.online	
postalupdates.com	
canada.postalupdates.com	
portparcelchargefee.com	
remmitance-open24.app	
post-customfees.com	
postescanada-tracking.ca	
redirectwebtd.net	
scotlacan-phoneaierts.com	
scotlamobilephone-aierts.com	
scotlacanadaphone-aierts.com	
online-tollpayment.com	
renewapay.org	
amzaoon1362fibe.ca	
unpaid-billbel.ca	
scotiabank-authentications.com	
anpost-parcel-delivery.com	
customshelps.tech	
personalbanking-bankofireland.com	
revenue-tax-ie.com	
revenue-account-ie.com	
canadapost-mydeliverystatus.info	
gigadat-funds.com	
remboursement-hydroquebec.net	
www.remboursement-hydroquebec.net	
delivery-postcanada.net	
redelivery-canadapostservices.ca	
td-agree-terms.info	
au.post.mypdelivery.org	
mypdelivery.org	
reference-77382.com	
transfer-93002.com	
myphelp.org	
canadasrecoveryrelief.ca	
2122-txreturn.info	
e-tran1194.info	
e-tran11944.info	
myaccount-revenue.com	
societe-d.quebec	
bendigo.eb01.org	
aib-verified-ie.com	
sfer-clientid0972.com	
finance.quebec.sfer-clientid0972.com	
gouv.qc.tran.sfer-clientid0972.com	
quebec.tran.sfer-clientid0972.com	
revenu.qc.sfer-clientid0972.com	
bmo.m-id1.com	
fido-return-mbility.site	
postupdatenewredelivery.com	
www.myprime-page.com	
myprime-page.com	
bendigosymantecs.info	
anpost.alerts-packagehub.com	
auspost-track.dr.id.au	
auspost-track.owl-post.net	
chase.maccus.net	
boa.maccus.net	
termsandcondition.net	
amazn.maccus.net	
clbcbanking.com	
deposit.intrca.net	
nzpostservices.com	
package-can-post-reschedule.info	
lnterac-overviewfreedom.com	
amzn-fr.quebec	
westpac-securityupdate.com	
comm-netb-portal.com	
cba.netverify-helpdesk.com	
costco.wholesale-reward.com	
dns-sl.info	
bell-etransfer.dns-sl.info	
intedispo.online	
postecanschedule.com	
depo.intreca.net	
chse.acc-us.net	
boa.acc-us.net	
commbank-alert.australia.ai	
secure34s-a1berta.online	
bmo.easy1-auth.ca	
mybell-bell.org	
an.post-track353.link	
secure-santander.com	
www.servca-return.com	
dhlqc.trackingid1934441.com	
qcdhl.trackingid193446141.com	
dhl.trackingqc1932841.com	
dhl.trackingqc19355414.com	
update-postpackages.com	
courier-schedule.com	
anpostdelivery-customsfee.com	
secure-comm-verification-portal.com	
e-tran4811.info	
e-tran48111.info	
postal-ag-at.com	
totta.pt-confirme.com	
1001-login-et-claimcanadaweb.com	
sants-access.com	
secure02s-a1berta.online	
primeorderscanada.com	
anpost-parcelcustoms.com	
et-interacweb001.com	
mobileptsb.com	
canadapost.postes-pay.ca	
profile-securite.com	
acces.d.profile-securite.com	
accesd.profile-securite.com	
caisse.des.jardins.profile-securite.com	
desjardins.profile-securite.com	
postecan-colis.com	
tell-acces.gives	
canadareliefunds.ca	
postecan01-secure.com	
totta.confirme-reveja.com	
anpost-charge-update.com	
re-govqc.online	
reattempt-deliv.com	
www.pcoptimum-acct1.info	
interactpayment.net	
mail-postcan-reschedule.info	
interac.com.dns-sl.info	
mybellacc-credit.com	
confirm-secure-wallet.com	
parcelportchargefee.com	
dutyfee-payment-ie.com	
efowmobile.com	
interactmycraref06832051.com	
amazon-secure1.com	
bmoauthaccess.re	
secure-post-tracking.com	
filing-interim.info	
member-cash-back-rewards.ca	
anpost-service-test.com	
www.e-transfer.pw	
postecan.ca	
www.costumershelp.tech	
auth-bendigobank-au.com	
mobiups-due.com	
interac.com.dpt-tr.info	
dpt-tr.info	
prevention-surety.info	
govtpayment.ca	
amazon-verify-page.online	
www.amazon-verify-page.online	
canadapost-support11.info	
asb-nz.help	
cra.services	
e-tran8810.info	
e-tran88100.info	
package-canada-post.com	
ref-authtva.com	
clients-internet-login.org	
noticeca-c00349.com	
secured.clientwideupdate.com	
clientwideupdate.com	
reviewfreedomobile.com	
tdgreenbanking.com	
bell.authorizedisbursement.com	
deliverycanada.ca	
my.user-clients-portal.com	
bell.caserverreturn.com	
due-complication-com-au.cc	
parcelnote-4490.com	
myreturns-com-au.cc	
telus.myweb-app.com	
www.customer1support.info	
customer1support.info	
postcaddelivery.com	
bendigo-online-verify.com	
rogersrefunds.com	
app-clientel.com	
myservices-login-unath.com	
amazn.acc-us.net	
secure-mylogin-comm.org	
nabbank.emrg.com.au	
users-client-page.com	
my.users-client-page.com	
secure-my-account.org	
anpost-customs-fees.com	
trackparcel-ie.com	
anpost.trackparcel-ie.com	
online-tollpayments.com	
manage-mygov.online	
anpost.servicehub-alerts.com	
post-custompayment.com	
anpostdelivery-customscharge.com	
banking.ddns.net	
secure-auth-reset.com	
ubereatsref7094.com	
raiff-check.click	
candapost-postescanada.info	
cig-action.com	
scotia-resetslivescv-canadas.com	
barc-authentic.sytes.net	
secured-space.ddns.net	
parcel-package.shop	
secure37s-a1berta.site	
www.postexpert.ca	
can.postexpert.ca	
qc.postexpert.ca	
e-tran0361.info	
e-tran03611.info	
cad-updatingcenterca.com	
secure03s-a1berta.online	
my-lnterct.info	
canpostal.ca	
packages-info.com	
anpost-custom-fee.com	
myrefcra-online.info	
anpost-deliverycustomsfee.com	
op-fi.alerts-servicehub.com	
www.pcoptimum-activat1.info	
online-secu097mn-access.ns02.info	
bell.mobilereturnca.com	
bell.mobilitycustomer.com	
secure-delivery-payment.com	
canadapost-packagerelease.com	
revenu-canada.ca	
eflow-toll-services.com	
comm2bank24.info	
paymentinterac.com	
canadatrusteasyweb.com	
anpostdeliverycare.com	
filtx-return.pro	
easyw-alb.com	
bmo.myweb-app.com	
interruptionservicesdelay.com	
canadrecoveryfunds.ca	
deliv-reschedule-postoffice.info	
ecragrantsca.live	
mytelus-crtc.serveirc.com	
canpostshipping.info	
nab.net-alert.com.au	
anz.net-alert.com.au	
intercetranfer.online	
support-refund.com	
mytaxway.live	
redelivery-postaus.com	
unsupported-uber-access.com	
inflationrelief.ca	
support-billings.com	
solution-alberta.sbs	
reschedule-canadapostservices.ca	
redeliverycanadapost-services.ca	
e-tran3398.info	
e-tran33988.info	
info-confirmed.com	
royal.bank.info-confirmed.com	
royalbank-portal.info-confirmed.com	
royalbank-security.info-confirmed.com	
mymedicare-au.cc	
cadpostdeliver.com	
commonwealth-login.online	
enterac-pending.com	
return-m-fido.site	
cibc-online-help.com	
member-reward-executive.ca	
member-rewards-executive.ca	
reward-executive-members.ca	
reward-members.ca	
reward-member-executive.ca	
member-coupon-executive-reward.ca	
canadaposton.com	
auspost-custom-fee.com	
mygovaustralia.online	
www.mygovaustralia.online	
www.prime-member-supp0rt.icu	
applepay-review.online	
anzpayee-review.info	
aus-mypostal-com-au.cc	
canadapost-office.ca	
affordaplan-ab.info	
ing-banking.net-alert.com.au	
etransferdirectbenefit.com	
www.xpress-post.com	
qc.xpress-post.com	
ca.xpress-post.com	
customer-trackingdelivery.com	
housing-rebate.ca	
wallet-terms.com	
policyupdate.net	
ca-post.intreca.net	
retour-revenu.ca	
billing-neftlix.com	
mypostaus.org	
mypostau.org	
can-revenue2022.com	
my.users-pages-portal.com	
auth-onlinesecure-westpacib-au.com	
anpostdelivery-feecharge.com	
postoffice-onlinesupport.com	
an.postdelays.com	
online-eflowtollpayment.com	
anpost-packagecustoms.com	
aibsecure-online.com	
an.postdelays.com/secure	
totta.pt-confirmar.com	
apay-renew.com	
renew-appleid-online.com	
infopackages.com	
online-eflowtoll.com	
anpost-depot-fees.com	
zitiqn.online	
interactmycraref0124503.com	
amazonconfirmca.info	
secure-anpost-fees.com	
emend.report	
aidefido.com	
anpost.servicedelayteam.com	
fido-return-cl.site	
canadarecoveryrelief-funds.ca	
security-authenticator.com	
sants-app.co	
amzn.servicedelayteam.com	
post-customservice.com	
canada.postupdate-notif.com	
shipservicesunavailable1.com	
directetransferbenefit.com	
canada-postpackagessupport.ca	
bell.ca-disbursement.com	
servicesrequirementupda1.com	
bell.accountreturnlogin.com	
10001emt.ink	
canadarecoveryrelieffunds.ca	
reference-88593.com	
eflow-web-services.com	
dutypay-fee.com	
anpost.track-parcelhub.com	
bell-team.xyz	
canadapost-support18.info	
reference-77291.com	
carecoveryrelieffunds.ca	
interac-ontario.ca	
invsec-rbcacc.online	
customs-trackingdelivery.com	
auspost-custom-delivery.com	
virementinterac.com	
e-tran0441.info	
e-tran04411.info	
bellmobiltyrefund-info.online	
authentification.2-td.com	
calculatoreturn-ca.live	
etintract.info	
greenbankingemt.ca	
mobiauspostonline.com	
rogers.payaccess-id.com	
etca-0048.info	
myaccount-security-internet-login.org	
auspost-redeliver.info	
hse.covid-19-alerts.com	
parceltracking-ie.com	
anpost.parceltracking-ie.com	
e-t.etca-0048.info	
aupost-online.com	
www.package-reschedule.shop	
package-reschedule.shop	
complications-due-com-au.cc	
autodeposit.etca-0048.info	
reward-member-coupons.ca	
manage-executive-reward.ca	
coupon-executive-rewards.ca	
executive-member-coupon-rewards.ca	
my-services-login-unath.com	
bc-hydro.online	
reactivate-apay.com	
neftlixmobile.site	
infowireless-sms.net	
info-canpost-delivery.net	
orderstatus.help	
webshiptrack.com	
infoshiptrack.com	
lnfopostal.com	
webadressupdate.com	
webtrackpostai.com	
online-tollservice.com	
secure-accessreview.com	
op-tarkistaa.com	
my.app-pay-reconnect.net	
tx-rated-exempt.info	
onlinemobiopen24.com	
totta.conta-confirmar.com	
anpostmoney-mobile.com	
bell-interac-pending.com	
holding-post-canada.com	
n-fli-update.site	
secure4-anz-online.com	
metamask-securityupdate.com	
postecad20.info	
customs-delivery-anpost.com	
info-belmobillite.ca	
canadapostreroute.com	
e-tran4536.info	
e-tran45366.info	
affordalbertaplan.info	
www.affordalbertaplan.info	
amorder.tech	
interacverifid.com	
infosecureorg.com	
1001-et-claimdeposit-canada01.com	
canpostexpress.com	
ggsdp.site	
gov-energy-claim.com	
abaffordabilityactionplan.info	
www.abaffordabilityactionplan.info	
amzon.ggsdp.site	
canhelpdept.live	
qualified-compensation.info	
mobile-365online.com	
confirmboimobile.com	
intreca.net	
e-10001int.info	
bell.securereturnservice.com	
autosaqc.com	
rogersbillings.com	
telusmobile.pw	
bell.ca-returntransfer.com.	
hydro-one.net	
interactmycraref0788549.com	
www.telusmobile.pw	
rbcmalfunctionssupport.xyz	
upgrdemobile.com	
amazon-refund.info	
canadapost.verificationca.com	
canadapost-reviewinterac.com	
hub-sl.info	
interac.com.hub-sl.info	
canadapost-resch-mydelivery.info	
review-authenticate-au.com	
bell.careturntransfer.com	
bell.ca-returntransfer.com	
reactivate-apayonline.com	
atb.policyvisa.com	
activation-help.com	
mygov.activation-help.com	
benefit-wholesale.click	
member-benefit.click	
lnteracdeposit.info	
intractrnsfr.com	
au-claim-ato.com	
pay-recoveryrelief.ca	
aut0chrgsum.com	
my.com-cancel-payment.net	
e-tran2209.info	
e-tran22099.info	
netflixrebates.ca	
transfer-33992.com	
postescanadaquebec.com	
prcl-can-sgw034.com	
cp0984sgw1.com	
www.costumerservice.online	
reminder-canada.info	
www.cost-member45462.services	
cost-member45462.services	
rewards.cost-member45462.services	
schedule-yourdelivery.com	
commbank-secruity4-login.net	
verify-myaccount-auth-gov.org	
myserviceab.com	
resolve-alberta.net	
westpaclogin.app	
secure4-anz-online.com/azu	
secure-interac.net	
canada-post-iink.site	
commbank.net-alert.com.au	
westpac.net-alert.com.au	
anazon-link.store	
suncorp.net-alert.com.au	
my-gov-aus-update.com	
authrbc-royalbank.co	
accweb-mouv-desjardins.com	
mypostshipment.org	
commonwealth-secure4login.net	
review-comm.com	
servicecanada.online	
emtacceptonline.com	
candapost.info	
comm-alert.ddns.net	
commbank.netalerts.com.au	
postoffice-support.com	
authenticate-security.com	
e-tran5512.info	
e-tran55122.info	
secureinteraconline.com	
postal-canada.ca	
www.postcan-reschdeul1.info	
amend-missed-package.com	
op.suojattu-info.com	
anpostcustoms-deliveryfee.com	
ca.lnf0auth.info	
bankidmobil.com	
bell.mobilitydisbursed.com	
bell.mobilityappreturn.com	
op-fi.suojattu-tarkistus.com	
secure4cba.com	
ghjdsavkagthauvyfhafhgsa.com	
fido-return-inc-m.site	
accountau.online	
returnabi1ity-secure.life	
he1p-p1ansecure.info	
afforda-p1ana-b.top	
fuelf00dn-b.info	
www-rbc-authen1-onlne-ca.xyz	
nz-post-payments.com	
www.serviceca-tax.com	
xn-amzon-1jc.com	
e-tran4529.info	
e-tran45299.info	
hse-webportal.com	
100-webtrust-interactca1.com	
netflixverifylive.com	
taxgov.info	
whole-sale.info	
tdonline.click	
member-executive-coupon-rewards.ca	
commonwealthbanklogin.com	
aust-postals-au.com	
transfer-40029.com	
aupacktracerfilereq.com	
www.goc-inflation-compensation.com	
mobihelp.tech	
fundsbenefitstransfer.com	
fundsbenefitstransfers.com	
netflixverify.live	
ns1.vultr.com	
heudufjv.com	
revenu-canada.co	
transfer-61812.com	
updates-austpostal.com	
dick.com	
pussy4free.ca	
149.248.54.238	
trackausrequest.com	
etconfirm.net	
info-terms.net	
postcanadapackagerate.ca	
bell.ca-secureauthentication.com	
my.verify-payment-ben.net	
my.verify-payment-cancel.net	
logincommbank-secure3.net	
dutyfee-ie-securepayment.com	
canada.post.lnf0auth.info	
uber.ref521.com	
amzn.ref521.com	
mycanadapackage.com	
canadainfopost.com	
1100e-tr.info	
scotia-livereset-policybcanada.com	
anpostparcelcare.com	
anpost-pay-customscharge.com	
payments-anpost-customs.com	
e-tran6612.info	
e-tran66122.info	
westpac.nz-secure-alert.com	
parcel-reattempt.ca	
toll-paymentservice.com	
payment-recoveryrelief.ca	
infoshipmentcanada1.com	
interactmycraref0581294.com	
anpost-customsfeedelivery.com	
secure-rbcupdate.com	
interaconlinedeposit.com	
myparcel-track.com	
mytelus-identity.serveirc.com	
security-check4bendigo.net	
charlottetownparking-tickets.com	
interac.com.url-cf.info	
url-cf.info	
100lnterac-claimdeposit-ca.com	
nzpost.co.nz-secure-alert.com	
cphelp1.tech	
anpost-pending-service.com	
data-sl.info	
interac.com.data-sl.info	
myfido-login.online	
seb.ref521.com	
itemsdelaysprovincial.com	
benefitsfundstransfers.com	
benefitsfundstransfer.com	
lnterac.org	
bellmobiltyrefundca.com	
ingdirect.ddns.net	
rogrsovrchrge.net	
scotia-resetaccess-policycanada.com	
bmo.accountid-ca.com	
e-tran4552.info	
e-tran45522.info	
reimbursement-services.org	
securedemt.com	
unsupported-login-mygov.com	
apayreactivate-online.com	
sevicetransferbenefit.com	
myinquire-depo.com	
pcoptimum-points.com	
etransfer.data-sl.info	
fido-return-rebate.site	
interac.direct-ut.info	
security-anz4.online	
bmo.mobile-appid.com	
etransfer-details.dpt-tr.info	
postcan-ovr.com	
info-profile.com	
desjardins-accweb-authentification.info-profile.com	
acces-mouv-desjardins.info-profile.com	
accesweb.mouv-desj.ardins.info-profile.com	
atb.policy-form.com	
3easyweb-td.ca	
sched-parcel.shop	
account3secruity-suncorp.com	
www.etrfretun.live	
servicecanada.acc-dtl.live	
ca-assessments.com	
post0ca-92la.ddns.net	
jahme-dia.com	
parcel-sched.shop	
1ca-onlineref-billling-clientrefun-d.com	
mobilebendigo.com	
deliverystatus-trackmyparcel.com	
my-return11.info	
tel-supportwebvz.info	
vr.ref521.com	
cai-rebate.ca	
can-post.services	
www.can-post.services	
anz-alert.ruok.org	
delivery.can-post.services	
securebnz.link	
amazon-form.com	
ag-post-at.com	
voiceid-anz.online	
verificationauthenticator.com	
anpostcustoms-fees.com	
mymail-space.com	
fido-rebate-return.site	
id-app-se.com	
toll-onlineservice.com	
canadapost-delivery-info.com	
an-postdeliverysfee.com	
anpostcustoms-deliverycharge.com	
servicecanada.et-sh.online	
anpost-customs-eu.com	
re-deliveryanpost.online	
bitly.etca-0048.info	
secure-24-authentication.com	
anpostcustomsfeedelivery.com	
in100001e-tr.ca	
revcanada-onlineweb-claimcad.com	
e-tran41541.info	
canshipdelays1.com	
eflow-toll-payment.com	
cadcentercare.online	
emt-interac.com	
login-rbc.com	
mobilereturnca	
securei.info	
bell.mobility-securereturn.com	
intract.live	
authenticatetd-overview.com	
e-tran4010.info	
e-tran40100.info	
rbc.onlineauthportal.com	
bell.securecalogin.com	
directmessage.top	
canitemsdelayscheduled1.com	
trackingnumber51930.ink	
trackingnumber513440.ink	
secutaxescanprovider.ca	
taxscustprovider.ca	
cansecutaxeprovide.ca	
reference-88291.com	
payinterac.net	
reference-61982.com	
poste-suivi.com	
canada.poste-suivi.com	
pay-recoveryreliefcanada.ca	
natural-resources-canada.com	
mybellutilityprofile.com	
blueline600.online	
www.blueline600.online	
www.mybellutilityprofile.com	
contravention-license91.city	
aupost-idupdate.com	
license-online91.city	
aupostal-idonline.com	
accept-interac.org	
et-lntrc-secure-dep.cc	
mypost-ca.com	
auposts-idportal-au.com	
review-comm-info.com	
www-authentificate-rbc-ca.xyz	
canada-postauth.com	
eterac.com	
client-support-login-gov.org	
anzassist.ddns.net	
reviewreferral.net	
mypostcanaba.online	
tl-dns.info	
interac-etransfer.tl-dns.info	
walmart-reward-dollars.ca	
walmart-reward.ca	
can-post.net	
reward-member.ca	
bendigo-4secure.com	
sgw034-can.com	
verify-my-gov-services.org	
netflix-validate.com	
my.user-client-page.com	
anzsecure.ddns.net	
interac-deposit.et-sh.help	
mygovlogatto.info	
xn--500gouvdpot-ibb.world	
accinfosec.info	
redelivery-postalnz.com	
www.post-delivery-nz.com	
govca-depositforum11.com	
patikrinti-prisijungti-seb.com	
totta.cliente-confirmar.com	
revolut-helpsupport.com	
postescanada.info-profile.com	
lieferung-postag-at.com	
lhv-kinnitada.top	
canadapost.info-profile.com	
anpostdelivery-infocharge.com	
anpostcustomer-service.com	
anpost-customs-duty.com	
www.postcan-deliv1.top	
online-interac.com	
scheduleditems-ca1.com	
info.xpressposte.ca	
ca.xpressposte.ca	
qc.xpressposte.ca	
can-schedule.ca	
delivertrackerau.info	
portal-clientel.com	
anpostcustomer-services.com	
nab-secure.info	
mydeliveryprofile-canpost.com	
canada-agency-income.ca	
www.cellinvoice.ca	
www.cagovportal5.info	
cagovportal5.info	
interacverif.com	
anpostdeliveryalert.com	
mygovnewlogato.sytes.net	
sercanvqc.com	
can-cstcoreturn.com	
canada-cstcoreturn.com	
cstcoreturn.com	
cstcoreturns-canada.com	
cadelaysitems1.com	
post.nzdetails.net	
cstcoreturns.com	
canadatrackingstatus.ca	
canadaparceltracking.ca	
amazonverify.info	
canadapoststatuseta.ca	
canadapostpackagestatus.ca	
canadapostdeliverystatus.ca	
postcanada-product.ca	
rbcci.top	
cellinvoice.ca	
tondepot-qc.ca	
rgr-return.site	
cp034-can.com	
issueca-ver1.com	
canadarevenueagency-help.com	
t-provc4services.com	
anz-online.net	
transfer-easyweb12.ca	
txlartpro-vider.com	
infopostcanada.ca	
e-tran4065.info	
e-tran40655.info	
updateinfoprimes.com	
apay-reactivateonline.com	
amzonprlmeverify.online	
redeliver-auspost.info	
canapos-posescana.com	
netflixsharepasswords.ca	
netflixsharingpasswords.ca	
netflixsharepasswords.com	
re-viewcanpo1.com	
netflixsharingpasswords.com	
telussecured.com	
nzpost.co.nz-parcelhub.com	
mycanaclaposte.online	
canadapost-product.ca	
delivery-fee-auspost.com	
onlinegreenbanking.com	
bendigo-security4.com	
comm-info-review.com	
ontariotrilliumbenef.ca	
www-rbc-online-myverification.xyz	
maildeliveryrequest.info	
cangovtransit.com	
gomecillo.online.	
haupacktracc4u.com	
aupacktracc4u.com	
billing-mytelus.serveirc.com	
nab-secure.net	
auspost-reschedule.link	
assessment-form.com	
review-clients-login-personal.org	
bendigo-supporthelpdesk.com	
first-horizon-account-secureb01-auth.com	
mygov-secureupdate.com	
postupdatenewredelivery1.shop	
mygstauth.com	
gstauthcontribution.com	
servretgst.com	
interac-transfer.life	
accept-interac-transfer.life	
accept-interac-transfer.info	
accept-etransfer.life	
suncorp.group-val-sc.com	
accept-etransfer.info	
auportal-tracking23.com	
commbank-alert.info	
netbank-security.net	
voiceid-anz.app	
voiceid-anz.com	
voiceid-anz.info	
voiceid-anz.com.au	
lnterac-transferdeposit.info	
my.client-user-portal.com	
weqwasd-emtzer2.com	
2023-settlement.com	
postoffice-supportonline.com	
mobil-post-auth.info	
online-toll-payment.com	
www-rbc-avoid-account-suxspension.xyz	
anpostdelivery-chargefee.com	
anpost-customer-services.com	
revolutappi.com	
redelivery-post-nz.com	
secure-duty-payment.com	
gebuhr-post-at.com	
myinterac-payments.com	
hse-healthcentre.com	
www-authen-bmo-online-ca.xyz	
anpost-customsfeepackage.com	
canadapost-product.co	
enlnet4xgvr.ca	
manage-auspostdelivery.online	
verify.nab-secure.info	
instagram.drawoutsonline.com	
www.postcan-parcel1.top	
canadapstschedule.info	
canadapst-schedule.info	
post-at-herbezorging.com	
anpostdelivery-charge.com	
anpost-customs-duties.com	
mycanadapost.co	
anpost-customer-service.com	
netlfix4-update.online	
product-postcanada.ca	
product-postcanada.co	
myassessment-forums.com	
postcan-attempt.ca	
amazon.ref521.com	
govt.nz-tax-review.com	
cpcanpostes02.com	
duty-fee-ie.com	
canadapost-postescanada.scheduleparcel.com	
postcanada.scheduleparcel.com	
canadapost-postescanada.deliverynotice.online	
postcanada.deliverynotice.online	
canadapost-postescanada.pendingparcel.online	
postcanada.pendingparcel.online	
canadapost.deliverynotice.online	
canadapost.pendingparcel.online	
canadapost.scheduledelivery.online	
canadapost.scheduleparcel.com	
postcanada.scheduledelivery.online	
canadapost-postescanada.scheduledelivery.online	
notiify-me.com	
interac-online.com	
pstcan.com	
l1nt3rc.cc	
mygov.solutions	
return-rgr-inc.site	
deliveryreschedulepostcan.com	
bank-austria-unicredit.com	
nzposts.online	
accountlogin-depositclaim-cad.com	
notifyme-cad.com	
td.idaccess-auth.com	
tracexpress.technicalhelpers.info	
webmobilepay.com	
crgcdeposit2023.info	
city91.online	
secure.serviceontariocanada.com	
serviceontariocanada.com	
billerrors.com	
www.traceyourpacc.tech	
mygov-update-au.com	
notifyme-cadpost.com	
www-bmo-online-support.xyz	
rogers.myapp-id.com	
suncorp.group-val.com	
11001int-etr.ca	
suncorp.group-sc-val.com	
myf1d0-1nt3r4c.info	
digitalcommbank.com	
infosecuredata.com	
www.postcan-delivparcl1.top	
clerk0047-visitportal.info	
etransfer.life	
apayrestore-online.com	
www-auth-bmo-online-ca.xyz	
mobibendigo.com	
authrrbc-royalbank.com	
www.reschedulemisseditem.com	
details-comm.com	
secure-rbc.org	
reschedule-deliv-mail.info	
nab.e-netalert.com.au	
ctns-supportcntr.pro	
gst.rogersdep.site	
verfiy.account-secure.life	
kihtxverift.org	
anpostdeliveries.com	
canada-wholesale.info	
my-membership.info	
postoffice-online-support.com	
toll-online-payment.com	
anpostdelivery-services.com	
costcoannual-rewards.com	
totta.confirmar-cliente.com	
anpostdelivery-chargealert.com	
netbank-support.com	
bendigo-security3.com	
anzonline-support.com	
totta.pt-confirmar-cliente.com	
bankid-mobil.com	
www.amazoninfosetup.com	
enetalert.ddns.net	
eflow.ie-toll.com	
myaccount-atcanaclapost.online	
rewards-amaznhub.cc	
costco-cashback.com	
autodeposits.ca	
faileddeposit.ca	
anpost-customsfeeparcel.com	
trackinghub-ie.com	
anpost.trackinghub-ie.com	
myserviceatcanaclapost.online	
e-tran1043.info	
e-tran10433.info	
eteracc.com	
ccanapos-info.ca	
postecan-express.com	
postecan-01livraison.com	
www.postcan-reschedlparcl1.top	
tllusmob6ile.cc	
postoffice-support-online.com	
postag-paketzustellung.com	
missed-shipment.com	
www-bmo-myaccount-online.xyz	
recovery-relief.ca	
anpost-pending-start.com	
www.tr-ns.com	
anpost-express-delivery.com	
mobil-amzon-prime.co	
anz-alert.ddns.net	
www.postcan-secur1.top	
cp1sercc.site	
delivery-nzparcel.com	
cninfopost1.com	
depos-itonline.info	
etfreturn.ca	
parcelreschedulecanadapost.ca	
redeliverycanadapost.ca	
reschedulecanadapost.ca	
www-authentification-bmo-account.xyz	
trackingcanadapost.ca	
appiepay.ddns.net	
subscriptionerror.info	
et-intdep77sh.com	
interaccesstransfer.com	
et10121.com	
revcanada-directfunds-website.com	
mymobi-navig.info	
trackyour-packagestatus.com	
e-tran29966.info	
e-tran2996.info	
redelivery-postal-au.com	
commbank-alert.ddns.net	
info-comm-access.com	
executive-reward-members.ca	
member-coupon-executive.ca	
reward-member-executive-coupon.ca	
executive-member-reward-coupons.ca	
client-executive-reward-coupon.ca	
manage-executive-coupon-reward.ca	
postcan-billingcredit.com	
canadapostes.net	
natural-resources-canada-inc.com	
canpost-postescanada.com	
online52.sbs	
bell-mybell.com	
amazonaccess.ca	
ca-benefits.com	
bendigo-online05.com	
securebnz.cloud	
apay-renewonline.com	
cajemar.es	
toll-online-service.com	
post.at-tarife.co	
postoffice-onlinquery.com	
postnord-mobil.com	
netbank2-security.com	
netfllix.es	
co-op.upgradesetup.com	
secure34s-saska1chewan.us	
netfilx-sharing.club	
online-secureapplepay-verify-au.com	
rev.rogersupcad.site	
cra.rogersupcad.site	
e-trnsfr8492.info	
anpostdeliveriesfeecharge.com	
signin-ausgovhelp.com	
subscriptionerror.ca	
anpost-net.com	
anpost-express.com	
login-mygovau-online.com	
bell-canada.ddns.net	
aut.securelogin-ee.com	
date-selectca.info	
pannebellremboursement.com	
tvpsaaq-c.com	
anpostcustomsfeepackage.com	
secureretrns-ca.net	
asxqje.secureretrns-ca.net	
bllmbl-ca.secureretrns-ca.net	
hxvsj.secureretrns-ca.net	
retrnsca-mobile.net	
cbsnxa.retrnsca-mobile.net	
jzxqu.retrnsca-mobile.net	
msnd-ca.retrnsca-mobile.net	
ca-retrnsmobile.net	
ajsbxz.ca-retrnsmobile.net	
mblca-bll.ca-retrnsmobile.net	
wjzb-ca.ca-retrnsmobile.net	
stop-access.ygto.com	
e-tran5121.info	
e-tran51211.info	
postoffice-online.com	
op-fipalvelut.com	
delivery-aupost-track.com	
pc1-swg792.com	
can-parcel.com	
cp-notice.com	
postescanada.avis-livraison.info-profile.com	
canadapost-reschedule.info-profile.com	
anpost-deliverycharge.com	
interac-emt.ddns.net	
ontariosavings.info	
amazon-refund-package.com	
amazon-valid.com	
www12-bmo-online-myccount.xyz	
albertasolveportal.life	
www.albertasolveportal.life	
transmit-4a173c.xyz	
transmit-6a327c.tel	
bankfee-overcharged.com	
ship2mentwait.com	
can1postoffice.com	
bankingfee-credit.com	
rbcroyalbankrefundcentral.com	
reattempt-canadapost.ca	
costcorewardcenter.com	
www.myorderaus-resent.com	
cad.rgrssupportfunds.click	
rev.rgrssupportfunds.click	
imagin.click	
m-mygov-signin.com	
postexpress.ca	
postexepress.ca	
e-tran7703.info	
e-tran77033.info	
fpn-status.online	
fpn-ticket.online	
apay-suspended.com	
support-signin-mygovau.com	
interac-benefit2023.com	
livpostcad.com	
atb.form-policy.com	
costco.reward-dashboard.com	
refundhqsecureinterac.com	
canadapost-psotescanada.cc	
canapost-statusupdate.ca	
online-secured-services-gov.org	
cp1src.site	
cibcstatements.buzz	
banking4-anz.com	
online-securewestpacib-auth-au.com	
post-review.online	
comm-info-online.com	
netflx-support.top	
intreactfundback.com	
lhv-rahandus.com	
amazonlogin.cc	
santandr-portal.online	
accept-interac.ddns.net	
anzsms-alert.ddns.net	
revolut-verify-access.com	
costco.loyalreward-dashboard.com	
lnterracin11lnvoice.com	
anpostcustomsdeliveryfee.com	
194.146.39.226	
anpost-delivery-express.com	
pay-pending.com	
apple.pay-pending.com	
postofficecanada-update.info-status.com	
mail-forward-canada.info-status.com	
mail-tracking.info-status.com	
postoffice.info-status.com	
parcel-auspost.info	
canpostreschedule.com	
secure34s-emtca.us	
royalmail.feereviewal.com	
gst.supportrgrscad.site	
rev.supportrgrscad.site	
e-tran3199.info	
e-tran31999.info	
commbank.alert-banking.com.au	
anpost.my-etrack.com	
rebate-bell-inc.site	
canadapostdeliverystatuts.us	
lnteract-bell.yi985n.com	
mobilbank-id.com	
shipmentfees.org	
services-mygov.info	
canada-interac-benefit.info	
manage-anzpayee.online	
overview-mybell.net	
bell.mobile-disbursement.com	
manageid-apple.com	
greenhomeshelp.com	
iterac.com	
www.postca-securdeliv1.info	
ei-employ-delay.info	
online-applepay.com	
royal-bankmyaccount.info	
bendigo-payment.online	
bendigo-directdebit.online	
register-clientapproval.info	
interacetransfer.cc	
au-attemptederror.com	
et1219.com	
canaposes-poscana.com	
4ccrbche24-serv.online	
secure-shipment-tracking.com	
mobilehelp-ing.com	
support4-anz.com	
applepay-suspension.info	
capsec1.site	
barc-verify.ddns.net	
authentic-host.ddns.net	
www.247clickservice.online	
bendigo.secure-verify.live	
my.client-user-page.com	
bendigo-review.info	
apay-suspendedau.com	
my.secure-client-page.com	
cad-post.ca	
costco.my-dashboard.ca	
my.portal-user-update.net	
santan-pt.cc	
ie-dutyfee.com	
update.securelogin-ee.com	
dbs-check.click	
rescheduleservicecanadapost.com	
secureonline-servicesmyg-auth-au.com	
anpostcustomsdeliverycharge.com	
www.rebook-myslotfee.com	
postoffice-onlinequeries.com	
manage-anz.info	
my.update-user-details.net	
anpost.trackhub-duty-fee.com	
www.shipmentfees.org	
anpostcustomsfee-pacakage.com	
scotiaaccess-resetpolicy-gov.com	
royal.mailfees.org	
post-securepayment.com	
anpost-package-deliveries.com	
postcan-delivrd1.top	
myservappon.online	
mybellapp.ca	
eflow-toll-online.com	
anpost-expressdelivery.com	
schedule-mycanpost.com	
royalmail.co.uk.feereviewal.net	
royalmail.feereviewal.net	
transmit-mybell.com	
canpost-postescan.com	
www.trn-s2.com	
info-mybell.net	
postcan-parcel.com	
gta-contravention1.info	
e-tran3019.info	
e-tran30199.info	
re-schedulecanpost.com	
anpost-customsfeepackage.net	
depositreminder.info	
freedomclaim.info	
freedomreminder.info	
interacfreedom.info	
securefreedom.life	
anpostparceldelivery.com	
pstcand.com	
malivraisonpostescanada.com	
llntraec.com	
1001claimfunds-login-cadweb.com	
scotia-accesscard-policyupdate-gov.com	
mynflx-updateuser1.com	
appllepay-au.online	
ca-canadaposts.com	
canpost-parceldelivery.com	
postcan-parceltracker.com	
canadaparceltrackingeta.ca	
canadapostetastatus.ca	
canadapostdeliverystatuseta.ca	
managemyaddons.mobi	
transmail-ref.com	
official-delivery.ca	
phonebill-tel.com	
suivi.shop	
fpn-status.net	
status-fpn23.net	
trackingnumber10440.ink	
re-enable-appleid.com	
amzon-details.com	
secure-amazon-customer-verification.com	
inter-a25.com	
servicemybell.net	
amzonaccountinfo.com	
direct1392132.top	
dhlca.direct1392132.top	
dhlparcel.direct1392132.top	
dhlpost.direct1392132.top	
dhltrack.direct1392132.top	
dhltracking.direct1392132.top	
parceldhl.direct1392132.top	
dhlca-tracking239442911.com	
dhlca-tracking2029669384.com	
dhlcustoms.com	
customsdhl.com	
tracking2443.customsdhl.com	
tracking99870.dhlcustoms.com	
reschedule-parcel.ca	
dhlcustoms.online	
cadbenefits-notify.com	
anpostcustomsdelivery.com	
smart-phonebilling.com	
auspost-result.com	
account-cadpost.online	
applepwalletrestore.com	
applecheckpsup.com	
servicesmyg-secure-online-auth.com	
canadapostservices.store	
auapplereact.com	
rogers-mobile.me	
www.resendmyitem.info	
carrierssv.online	
au-redeliver.com	
etransfertinterac.net	
reschedule-canpost-delivery.info	
cad.rogers-dep.click	
rev.rogers-dep.click	
suivipostcad.website	
internet-security-review-comm.org	
my.secure-apple-wallet.com	
my.my-gov-secure.com	
online-checkout.click	
holdingtrackparcel1.com	
nab.e.alert-banking.com.au	
smsconcerningshipment1.com	
my.info-update-portal.net	
nab2.alert-banking.com.au	
alert-banking.com.au	
anpost-express-support.com	
anpost-packagecustomsfee.com	
nab1.ddns.net	
aus-cba.com	
royal.mailfees.net	
authenticate-td.com	
anz1.ddns.net	
nab.elerts.com.au	
costcocashrewards.com	
royalmail.checkparcel.org	
personal.secidplc.net	
royalmail.co.uk.checkparcel.org	
myinteract.top	
canada-post.ca	
shippingpostcanada.co	
eflow.ie-toll.co	
postcan-rescdlv.buzz	
anpostonline-fees.com	
royalmail.checkfees.org	
activityalerts.org	
bellmobilityrefundprogram.info	
deliverychecks.org	
lnterac-canada23.com	
rogers-payref.com	
costcorewardsclub.com	
royalmail.deliverychecks.org	
netflixbillingupdatesupport.ca	
netflixbillingupdateservice.ca	
yourtransacatlntero.online	
netflixbillingupdate.ca	
scotia-accesscard247-policy-gov.com	
yourtransacatlntera.online	
shippingpostcanada.ca	
netflix-refund.ca	
scotiabank.2fa-infoalerts.com	
scotia0nlinebanking.2fa-infoalerts.com	
2fa-infoalerts.com	
scotiaupdate.2fa-infoalerts.com	
eflow-epayment.com	
malivraisonpostecanada1.com	
247clickservice.online	
commbank.elerts.com.au	
postcan-redirct1.top	
trackcanadapostshipping.co	
247goca-privemt.com	
scotia.0nline-auth.2fa-infoalerts.com	
oppetoksesta.com	
cbw.report	
date-rescheduleca.info	
ing.elerts.com.au	
canadapost.notify-prime.com	
anpost-rfcostoms-parcels.com	
lnatreac.cc	
www.ca-netflxsupport.top	
canadapost-postescanada-tracking.com	
247reschedule.online	
canadapostpackage.com	
frdm-mobi.com	
mob-bellref.info	
1malivraisonpostecanada.com	
1tdsecure.com	
cadbenefits-notification.com	
webinterac23-trustca.com	
qc.bell-offre.com	
100lnterac-depositfunds-trust.com	
holdpayments.top	
postalnotify.com	
ca.bell-offre.com	
accessonlinepoint.com	
www.canadapostservices.store	
rgr-rebate-innc.site	
myse-24apprb.cc	
e100011tr.info	
delivery-postcan1.top	
trans-deposit.com	
mycommbank-auth.com	
bellmobrefund.org	
www.instr-ns2.com	
coupon-annual-member-return.ca	
url-etrans01web.info	
in-terac-deposit.ca	
www.myorder-rebate.com	
aupostalservicecheck.com	
costcoannualdep.live	
apay-suspended.net	
webcanadapost.ca	
aus-onlineportal.com	
dohaha.top	
pkg-amazon.ca	
returns.pkg-amazon.ca	
refund.pkg-amazon.ca	
www.pkg-amazon.ca	
billing.pkg-amazon.ca	
shipping.pkg-amazon.ca	
aus-onlinereview.com	
review-anzdirectdebit.info	
secure-comm-verify-number.com	
secure-netbank2.com	
www.adjust-mybillinfo.online	
inbox-servicemygov.com	
www.restoremydetails.com	
my.cancel-payment-help.net	
applepay.elerts.com.au	
eflow.ie-toll-pay.com	
anpostcustomsdeliveries.com	
www-authen-scotiabank-online-ca.xyz	
deptrevcan.live	
help-aib.com	
cadcanpst2023.com	
toll-payonline.com	
executivereward.ca	
delivery-reschedule-canada-post1.ca	
canadapostmodify.co	
postal-al.com	
meu-santan-pt.cc	
online-aibsupport.com	
anz.elerts.com.au	
fidobonus.ca	
www.netflixsoftware.com	
toll-payservice.com	
canpost-serviceupdates.com	
post-canserviceaierts.com	
postcan-deliveryaierts.com	
canadapostmodify.ca	
e-tran0417.info	
e-tran04177.info	
emtreceipt.ink	
td-services-restricted.com	
anpost-customsfeepackages.com	
confirmationlnterac.ddns.net	
postcan-parcelsupport.com	
canpost-parcelsupport.com	
anpostparcelteam.com	
delivery4387-update.online	
canadapostmodify.info	
crarefunds.info	
anpost-unpaid-duties.com	
anpostirelandcustomsfees.com	
online-mn1tsrvc1.info	
candpos.com	
applepay.r-e-f-781100.click	
modifypostcanada.co	
applepay.r-e-f-781190.click	
post-suivi678.online	
ausposts.online	
nabdirect.online	
commbank1.elerts.com.au	
modifypostcanada.ca	
cibc-onlinebanking.com	
applepay1.elerts.com.au	
applepay.online-via.com	
postcan-billingcredits.com	
postcan-parceltracking.com	
1ntq-csecure.info	
cra.gay	
bill.myteiusreturn.com	
www.bellavantage.ca	
qc.bellavantage.ca	
info.bellavantage.ca	
cancelsend-activity.com	
www.ca-posthelp.com	
scheduledshipmentwaiting1.com	
holdingparcelca1.com	
coupon-member-executive-reward.ca	
ca-posthelp.com	
netbank-security4.com	
reward-coupon-executive.ca	
client-annual-reward.ca	
www.neftlixservice.site	
applepay.ib-wb.com.au	
www.reorder-goodsau.com	
commbank4.com	
appleid-securepay.com	
netbank-verify3.com	
mycommonwealth-info.com	
commbank.ib-wb.com.au	
caschedule.com	
anz-shield.support	
anz-voiceid.com	
anz-voiceid.support	
anz-voiceid.info	
anz-shield.link	
auspostalserv.com	
bendigo-online-portal.com	
scotia-live-resetpolicyvcad.com	
net-accessdecline.com	
anpost.ref521.com	
anpost.ref483x.com	
aviscanadaposte.ca	
onlinebanking-anz.com	
services-saaq.info	
anpostonline-charges.com	
metamask-secureportal.com	
ing.inet-bank.com.au	
commbank.inet-bank.com.au	
annual-retuns.services	
aus-redeliver.com	
anpostcustoms-online.com	
anpostonlinefees.com	
santan-restricto-pt.cc	
sec0netfx.com	
info-anpostassist.com	
costco.executivereward.ca	
progrprovinc23.online	
infosmtp.com	
my-gov-secure.org	
anpostcustomsfeesire.com	
lenlvet4gvr.ca	
retrno23xgvr.ca	
dpigrcoftx.cc	
onlinebanking-td.com	
anpostcustomsfee-package.com	
canada-postcanada.com	
catransac3432.info	
catransac34322.info	
permanentsb-assist.com	
driver-resolution17.com	
etlnteractransfer.com	
applepay.fix-786190.click	
anz-voiceid.link	
cancelpnc.com	
expiredtransfer.info	
canpostparceltracking.ca	
packagetrackingcanadapost.ca	
trackingparcel-canpost.ca	
parceltrackingcanadapost.ca	
trackingetacanadapost.ca	
ctns-clientcenter.online	
costcocashbackclub.com	
1001-revcanada-claimdepositca.com	
appepay.r-e-f-781190.click	
td-update-login.com	
parceltracking-canpost.com	
amaznca-transportsupport.com	
amaznpacket-supportca.com	
amazoncatransport-support.com	
netflix-policy.com	
climate-returns.com	
canpost-parcelassistance.com	
eterac-pending.com	
canpostdlvry-update.com	
commbank.inet-wb.com.au	
ing.inet-wb.com.au	
cibc-connect.com	
aupost-missedau.com	
secure5bchase.com	
dhllogistiques.com	
overpaymyphone.com	
my.help-cancel-payment.net	
annual-returns.online	
ontario-benefitsnotify.com	
orderscurrentlyholdingca1.com	
mygov-services.org	
mygovverification.info	
info-commonwealth.com	
commbank.view-via.com	
servonline-permit.net	
www.respondlogon.com	
costcowholesaleclub.com	
otbclaimyourfunds.info	
trackinginfocanadapost.ca	
parcel-trackingcanadapost.ca	
commbank.ib-unlock.com.au	
ing.ib-unlock.com.au	
suncorp-secure3.com	
modifycanadapost.co	
help-my-services-verify-gov.org	
refunteraccan.com	
mypost.checkfees.org	
return-mygov-tax.org	
mydeliveryau.org	
postcandelivery.com	
tax2022income.ink	
commbank.netbank-nb.com.au	
ing.netbank-nb.com.au	
applepay.wallet-lock.com.au	
applepay.netbank-nb.com.au	
banking-westpac.com	
mygov-secureportal.com	
anpost-onlinefees.com	
myshipments.org	
bendigo-4banking.com	
manage-anzbpay.com	
3-web-servicing.com	
remove-applepay-suspension.com	
verify-aibsupport.com	
atpostalcheck.com	
post-at.ref483x.com	
qc.monbellclients.com	
info.monbellclients.com	
ca.monbellclients.com	
anpost-online-payment.com	
toll-online-charge.com	
anpostcustomsfee-delivery.com	
transfernotice-info.com	
1atb-myuserprofile.com	
qc.bellservice.ca	
info.bellservice.ca	
www.bellservice.ca	
verify-aibhelp.com	
help-permanenttsb.com	
my-shipment.org	
lnterac-agency-canada.ca	
anpostsecuredelivery.com	
postescanadaqclivraison.com	
e-tran9400.info	
e-tran94000.info	
easywebpageonline.com	
privateparcelship1.com	
personalshipment1.com	
threeupdateservices.com	
mytd-authenicator.com	
revcanada-online-claimdeposit.net	
td-secure-online.com	
internalerrorshipment1.com	
inv007.ink	
courriererror1.com	
pcoptimum.online	
nz-post.online	
canschedule.ca	
aus-returnmygov.com	
id98887-serviceupdate.com	
id98887-updateservice.com	
caupdate-300039-0093.com	
clients-id300039.com	
caparcel-00209-id0092.com	
idpackage-879363-0032.com	
reschedule-879363-0032.com	
packages-0021-03pw435ca.com	
parcel-1299-029wu881pa.com	
del-update-020299.com	
update-del-0987663.com	
reschedule-009376-0053.com	
update-003747-0023.com	
idparcel-0177gs6-0029.com	
idreschedule-027as7-0064.com	
helpdesk-827gr00-0011.com	
id926737-helpdesk.com	
ca-reschedule02937.com	
ca-updates001822.com	
delivery-id992873.com	
package-id98973.com	
id88737-delivery.com	
id99083-package.com	
del-client-0398472.com	
del-customer-200039.com	
del-reschedule-20982.com	
del-secure-003998.com	
ca-delupdate-1636357.com	
packageca-837783-0029.com	
del-parcel-2000398.com	
delivery-2000398-09928.com	
delivery-253003-0038.com	
packages-729937-0017.com	
my-shipments.org	
authentication-mytd.com	
www.resubmit-credentials.com	
transmit-mybell.net	
telecomcadupdates.com	
tdeasyweb-authentication.com	
alberta-transportation.net	
www.alberta-transportation.net	
myservices-securesite-verify-auth-au.com	
westpac1.netbank-nb.com.au	
bell.telecomcadupdates.com	
update.telecomcadupdates.com	
interac.telecomcadupdates.com	
portal.telecomcadupdates.com	
secured.telecomcadupdates.com	
electric-hqretour1.tech	
interac-etservice.com	
idparcel-00209-0092ca.com	
applepay.secure-ib.com.au	
westpac.secure-ib.com.au	
anz.secure-ib.com.au	
credit-telusmobility.info	
www.flixstatusupdate.cloud	
myshipmentsau.org	
particulares-santandler.online	
canadapostonline.com	
aus-fee-portal.com	
commbank-4secure.com	
interac-payements.com	
westpac-secure.com	
revolut.ref552e.com	
baus-entsperren.com	
postalhub-servicefee.com	
duty-ie-payment.com	
anz.secure-lock.com.au	
ing.secure-lock.com.au	
nab.secure-lock.com.au	
commbank.secure-lock.com.au	
accesd-validation-desjardins.2fa-infoalerts.com	
accesd-secure-desjardins.2fa-infoalerts.com	
accesd-services-desjardins.2fa-infoalerts.com	
accweb.servicesdesjardins.2fa-infoalerts.com	
co-operative.bank2fa.com	
aus-returngov.com	
anpost-customfeepackage.com	
myrogers-overview.com	
cra-secure.com	
cibc-ac.com	
verify-mybarclays.com	
februaryotb.com	
postcanares.com	
revolut.ie7466ref.com	
cpshipmenterror1.com	
cibc-validate-34.com	
ee.fix-786190.click	
webtrust-refundcra100-details.com	
info.costcanada-clientverification.com	
shop.costcanada-clientverification.com	
info.postcan-verificationclient.com	
www.postcan-verificationclient.com	
client.postcan-verificationclient.com	
del-canpost.info	
3-web-support.com	
nab.secure-net.com.au	
commbank.secure-net.com.au	
feescheck.org	
mypost.feescheck.org	
ca-primeservicescenter.live	
lnteractransfer.co	
autdepca-qc.org	
cagv-hst.info	
feechecks.org	
gigadat-interac.ca	
interates3u.online	
applepay.otp-secure.com.au	
feereview.org	
tax-mygov-au.org	
ing.otp-secure.com.au	
mycomm.helpdesk-verify.com	
nab.otp-secure.com.au	
banking-netbank.com	
reviewau.org	
my-ciaims.com	
commbank.otp-alert.com.au	
nab.otp-alert.com.au	
ing.otp-alert.com.au	
myapplewallet-reactivate.com	
reactivate-applecontactless.info	
url-sh.help	
interac-deposit.url-sh.help	
interac.invalid-transfer.com	
vrfybooa.com	
my.refund-update.net	
cba-secure.com	
securelogin-citi.com	
securelogin-citibank.com	
cragcdeposit-2023.info	
delivertocanadapost.ca	
depositpaymentnow.com	
rinnierr.com	
bmo.customer-vouched-form.com	
receipc4abll.com	
suncorp-onlinebanking.com	
petoksesta-op.com	
revolut.ref9184.com	
commbank.otp-alerts.com.au	
ing.otp-alerts.com.au	
nab.otp-alerts.com.au	
anpost-serviceparcel.com	
costco-annualrewards.com	
e-tran-3391.info	
e-tran-33911.info	
postmanage.ca	
applepay.ref9184.com	
bell-mybell.net	
upbank.otp-alerts.com.au	
anz.otp-alerts.com.au	
cancelwllsfrgo.com	
suncorp-verify.com	
suncorp.otp-alerts.com.au	
cba-verify.online	
1amazonupdate-userprofile.com	
mytdeasyweb.com	
suncorp-verify.online	
www.re-evaluatemyinfo.com	
bctx-secure.info	
secure-mycba.com	
aus-fees-portal.com	
suncorp-secured.com	
www.re-evaluteaccess.com	
imagin.website	
aus-myreturngov.com	
recl-mn1tsrvc1.info	
client-9o61f7.xyz	
cm-myportal.com	
aus-portalmygov.com	
cangovfed.live	
canada-agency-interac2023.com	
mycomm.helpdesk-access.com	
checkmailau.org	
mycba-portal.com	
www.checkmailau.org	
applepay.otp-sms.com.au	
checkaumail.org	
commbank.otp-sms.com.au	
loginsecure-netbank.com	
securelogin-anz.com	
eflow-toll-pay.com	
apay.r-e-f738673.click	
applepay.r-e-f-691302.com	
resolve-secure-id184.com	
hsbc.r-e-f738673.click	
see-tickets1.info	
canadap-reschedule-dayxv-gov.com	
myrogers.long-distance.online	
rogers.long-distance.online	
myrogers.longdistance.online	
rogers.longdistance.online	
myrogers.mobile-bill.com	
rogers.mobile-bill.com	
bell.mobile-bill.com	
mybell.mobile-bill.com	
bell.long-distance.online	
mybell.long-distance.online	
bell.longdistance.online	
mybell.longdistance.online	
secure-dutypay-ie.com	
depositpaymenthere.com	
parcels-canpost.ca	
technicialsupportservices.com	
interac-secure.ca	
anpost-customsfee-onlinepackage.com	
ca-craa-ereimbursement.com	
op.fi.verkkosa.com	
deposit-taxrefund-gov.com	
anpoststampfee.com	
et.interac-cra2023.com	
e-transfer.interac-cra2023.com	
courriershipinvoicing1.com	
infos.costcocanada-verificationclient.com	
revert-7e47a2.ca	
1bmo-web-services.net	
www.ontrillium.info	
ontrillium.info	
scheduleshipment1.com	
caresupport-au.com	
nettflix.es	
parcelscanpost.ca	
flexpost-hold.info	
updatecra.ca	
postcanca-rescheduling.com	
couriershipmentmistakes1.com	
revcagrnts.live	
anposttest.com	
td.authid-app.com	
online-auspost.com	
rebate-taxation.site	
monexpeditiondhl.com	
parceldhlassistance.com	
applepay-register-device.com	
taxrevcra.info	
ing.otp-smss.com.au	
applepay.otp-smss.com.au	
etran-ca01web.com	
au-mybendigo.com	
remit-mybell.net	
clientpostecanadaqc.com	
online-govau.com	
inv00ic33.ink	
canadapostparcel.co	
bendigoidlogin.com	
portal-mybendigo.com	
et.interac-amazon.com	
e-transfer.interac-amazon.com	
au-returnmygov.com	
bell.correctioncad.com	
interac.correctioncad.com	
customer.correctioncad.com	
notification.correctioncad.com	
correction.correctioncad.com	
secured.correctioncad.com	
client.correctioncad.com	
securebnz.biz	
testings-sites.com	
mygov-securityportal.com	
accesamazon.com	
auspostaldirect.com	
client-refund-transid929.top	
canadapost.client-refund-transid929.top	
canada.post.client-refund-transid929.top	
anz-secured.com	
securebnz.live	
nab.secure-otp.com.au	
commbank.secure-otp.com.au	
ing.secure-otp.com.au	
apayrestoreonline.com	
tapnpay-apple.com	
apayonlinerenew.com	
interc4rebate.online	
applepay.secure-otp.com.au	
eflow.ie-toll-pay.co	
compte-bnc.com	
anpost-mypost.com	
apay.fix627281.help	
mycanadapost-delay.com	
am1z0n-ath08.com	
connexion-saaq.top	
privatkunden-willkommen.com	
secure-cba.com	
et.interac-depositsatc.com	
e-transfer.interac-depositsatc.com	
postes-canadaqc.com	
llnteasc.cc	
couriership1issues.com	
anpostdirectdelivery.com	
bell-perquisites.info	
revcanada-directdeposit-webca.com	
depositfederalmoneys.com	
deliveryservice-supportoffice.ca	
refundcanada.online	
apayrestore.com	
cancelwells29492.com	
us-unreconized.com	
prime.us-unreconized.com	
alert.us-unreconized.com	
amazon.us-unreconized.com	
account.us-unreconized.com	
notif.us-unreconized.com	
notification.us-unreconized.com	
customer.us-unreconized.com	
prime.usunauthorized.com	
notif.usunauthorized.com	
account.usunauthorized.com	
amazon.usunauthorized.com	
detaljer-banskensed.com	
amazonverify-support.com	
canadapostparcel.ca	
et-2r9h7v13t89b-interactonline.ca	
www.postoffice177.website	
www.netlixinc1-800.fun	
reschedule-auspostdelivery.info	
etransfet-interac.online	
applepay.ib-otp.com.au	
sebonlineinfo.com	
fnub.cc	
ontariobenefits-notify.com	
noecontario.com	
saaq-direct.top	
etransfert-interac.site	
northernontariohelp.com	
ontarionoec.com	
package-reschedule.top	
www.package-reschedule.top	
liensaaq.top	
myapplewallet-update.com	
tracking3819118-dhlca.com	
depositsaaq.top	
deposit-saaq.top	
saaqdeposit.top	
saaq-deposit.top	
securebnz.cc	
postecanadaqc12.info	
postoffice177.website	
postoffice821.website	
newzea-mial-site.com	
caip.online	
returnpayinfo.com	
myretcra-mn1tsvc1.info	
pstcn1.site	
quarterly-payments.online	
secure-westpac.com	
auspostaltracking.com	
applepay.online-sec.com.au	
net37flix1.ddns.net	
e-transfer.tax	
postcanada-info.com	
commbank.online-sec.com.au	
applepay.r-e-f738143.help	
eflow-tolls-pay.com	
anpostsupport-fees.com	
anpost.parcel-notice.com	
postcanadainfotrack.com	
eflow.ie-pay-toll.co	
lhv-tugimeeskond.com	
anpost-customsfeepayment.com	
anpostparcelcustomscharge.com	
postecanada-support44.com	
0rder-redundintera-ct2d.info	
post-can.com	
three-ie-support.com	
bmo.calsecur.link	
calsecur.link	
postcanadamail.co	
mydelivery-delay.com	
applepay.sms-secure.com.au	
commbank.sms-secure.com.au	
accept-deposit.cc	
secure-onlinelogin.com	
et-deposit.cc	
direct-saaq.top	
mobiledeposit.cc	
ltrraec.com	
retail-santander.live	
et3039sec.info	
ca3948et.info	
anpost.parcelhub-notice.com	
e-tran3300.info	
customer.caverification.com	
secured.caverification.com	
interac.caverification.com	
cra.caverification.com	
portal.caverification.com	
anpostcustomsfeepayment.com	
mobil-bankid.com	
user.unreconizedauth.com	
alert.unreconizedauth.com	
prime.unreconizedauth.com	
customer.unreconizedauth.com	
notif.unreconizedauth.com	
postcanadamail.ca	
anpostparcelstamp.com	
lncarct.cc	
billing-mybell.com	
revcanada-direct-login-webca.com	
bmoespaceclient.com	
mybills.website	
anpost.track-alert-hub.com	
fundreturncra.info	
cpostinformations01.com	
fee-aus-portal.com	
commcba-au.com	
et.interactranfert.com	
ontariobenefits-applicationform.com	
cantransgov.com	
servicesaustralia-reund.info	
servicesaustralia-taxrefund.info	
reschedule-expresspost.online	
prme-operator.online	
member-executive-coupons-reward.ca	
executive-client-coupon-reward.ca	
on-rbcroyalbank.com	
anpost-postal-alert.com	
myservicenetflix.com	
bell.mobilityreturnlogin.com	
bell.mobilesecureca.com	
id9128193-dhlca.com	
anpost.customs-notice.com	
bell.returnloginportal.com	
e-transfer.pw	
post1ca-20va.ddns.net	
anpost.reschedule-alert.com	
auspost-delivers.com	
applepay.r-e-f-941623.com	
blueballa.myvnc.com	
commbank.net-secured.com.au	
oppettoks.com	
eflow.ie-pay-toll.com	
revolut.ref3535.com	
managestatus-hs.live	
applepay.net-secured.com.au	
oppesetw.com	
austria1234567876.hopto.org	
fixmydelivery.com	
asdfghjklzxcvbnm12.ddns.net	
anpost-repost.com	
anpostdelivery-payment.com	
co-operative.bank2fareview.com	
bjcbzmbckabsjnck.ddns.net	
bankofamerica-secured.com	
et.interac-depositcra.com	
e-transfer.interac-depositcra.com	
profileamazon.com	
netflixrenewal.me	
item-id561.com	
nexipay-it.com	
applepay.otp-net.com.au	
commbank.otp-net.com.au	
rebates4return.online	
anpost-customsdeliveryfee.com	
parcelservice-customsfee.com	
resch-cpserv1.com	
wholesalesystems23.net	
ltareac.com	
reschedule-parcel.online	
ship-info1error.com	
cadpost-myspace.com	
postcad-feb2023.com	
commbank.sec-otp.com	
applepay.sec-otp.com	
secured-anz.com	
climateincentive.online	
emca.pw	
casuppparcel1.com	
netfupdate.com	
lnterc-trnsf.ca	
canpostdelivery-service.ca	
canpostdelivery-statuseta.ca	
canpostdelivery-servicesets.ca	
canpostdelivery-status.ca	
costco.executive-rewards.748323.com	
status-update-auspost.com	
rbc.secure.client44.com	
atorefund-claimverification.com	
assessmentcad.com	
cra.assessmentcad.com	
alert.assessmentcad.com	
interac.assessmentcad.com	
reminder.assessmentcad.com	
mycba-online.com	
xpresscustoms-help-canada.com	
atorefundmygov.com	
reschedule-tracking.info	
caresupport-aus.com	
commubell.ca	
netflix-on.com	
cai-pay.ca	
datsami.com	
cbadirectdebit.info	
www.mystatuses.com	
eflow.ie-pay-penalty.co	
applepay.r-e-f-795123.com	
westpac.r-e-f-975152.com	
westpac-directdebit.info	
raiffeisen-at.online	
nexi.ref-9165.com	
anpost-customspackagefee.com	
1001cralnteracweb-etcantrust1.com	
instagram.photosonlineuk.com	
neftlixinc1800.online	
anpost.alert-reschedule.com	
truustvfry.com	
247clicktechlcal.online	
anpost-redelivery-alert.com	
interac.divi-relief.online	
nexi.ref3131.com	
online-scotiabank.com	
divi-relief.online	
acceptrefund.live	
caipdeposit.click	
collectrefund.xyz	
craetransfer.live	
intrac-relief.com	
eflow-due-pay.com	
cpost-info.ca	
tracking-canadapost.online	
ontario-trillium-benefit.com	
secure-id830.com	
secure-canadapost-tracking.com	
poste.ref3131.com	
securedroyalebank.ca	
etransfer.ltd	
94.158.247.121/capi	
www-auth-bmo-mobile-ca.xyz	
expedite-myorder.com	
caref.pw	
post-ca-notice.com	
bmo.online-m1.com	
cana-temob.pw	
canmob.pw	
e-tran31159.info	
op.ref3131.com	
alliedbanks.help	
expedite-package.com	
reconfiguration.info	
login-anz-customers.com	
telscad.pw	
telscadref.pw	
isff.pw	
cdic.pw	
cannda.pw	
securerbc.com	
activate-icloud.com	
interac-qc.online	
reschedulecapost.com	
pendingtrans.info	
applepay.r-e-f-975152.com	
mybendigobank.com	
govtrans-can.site	
anz-secure.login-clients.com	
statement-mybell.net	
refundwiz.lol	
postalausonline.com	
deliveryausonline.com	
scp.secure-canadapost-tracking.com	
my.update-refund-info.net	
commbank-verifiy.com	
mobi-updates.com	
applepay.ddnsfree.com	
applecare-au.com	
post2ca-10la.ddns.net	
secure08aeneedverification.duckdns.org	
turstvfry.com	
mydeliverydelay.com	
apayrenewonline.com	
apayrenew.com	
oppgfver.com	
anpost.parcelhub-reschedule.com	
anz.login-customers.com	
anz.login-clients.com	
op.ref-9165.com	
deliveryschedule.live	
reference-30173.com	
revolut.ref-9165.com	
ptsb.review-alert-auth.com	
login-customers.com	
enabiecarrier.live	
ttl-sc.help	
et-alert.ttl-sc.help	
chsssevfrry.com	
revision.accweb-desjardins.app-acces.com	
app-acces.com	
assessment-cad.com	
cra.assessment-cad.com	
interac.assessment-cad.com	
alert.assessment-cad.com	
reminder.assessment-cad.com	
llnttr.pw	
info-operator.online	
lntrrac.pw	
lnaerc.pw	
amaref.pw	
aisa.pw	
tracsa.pw	
tcsa.pw	
amkil.pw	
lneera.pw	
lntra.pw	
lrtac.pw	
lnnrtac.pw	
lnpay.pw	
npay.pw	
pooc.pw	
paylntracad.pw	
collectpayment.click	
collectrefund.click	
refundcollect.click	
canadapost-postecanada.info	
accweb-submission-desjardins.app-acces.com	
eflow-serviceupdate.com	
access.my3-account.com	
1001-et-online01-directwebcad.com	
govvrefunn.co.in	
ee-iblhv.net	
refunds-atoverificationrefund.com	
accesd-mouv-services-desjardins.app-acces.com	
transmit-18a53e.tel	
mycommbank.abuse-preventioncustomers.com	
et-2r6h8v13t98b-interactonline.ca	
bell.mobileauthenticationca.com	
postescanadalivraison.com	
bellmobility.returnloginportal.com	
mygov-service-tax.org	
transit-1b75a2.ca	
info-operator.com	
transit-1b75a0.com	
mycba-net.com	
deliverytimecanadap.com	
mycommbank.login-customer.com	
mygov-aus.net	
summary-bell.net	
help.aus-postlogin.com	
amazon.fraudonlinesupport.xyz	
paywiz.online	
delpstca.com	
infosection-dep.com	
cra1001lntetac-etca-webtrust.com	
p1ostc3a-2ge.ddns.net	
posytca2-vea.ddns.net	
anpostparcelfeedelivery.com	
canadapotime026.com	
www1-authen-bmo-0nlincex-ca.xyz	
verified-cba.com	
account.my3details.com	
applepay.r-e-f-951231.com	
habb.pw	
payrecv.pw	
payyc.pw	
paylnteac.pw	
paylnac.pw	
paylnc.pw	
payncad.pw	
paincad.pw	
trnsfcad.pw	
trsfcad.pw	
lnntecad.pw	
canapost.pw	
caapost.pw	
capost.pw	
cnpost.pw	
canaapost.pw	
interac.rev-relief.online	
costco-returnrewards.com	
anz-verifynow.com	
accesslbmo.com	
delvcan.com	
canadaresched.info	
canviewpost.ca	
canadapost-support.ca	
canada-post-online.ca	
commbank-sms-alerts.line.pm	
comuno-es.net	
secure-mobility-refund.com	
unicaja.comuno-es.net	
caqrefund-inflation.com	
caqrefundinflation.com	
aus-post.line.pm	
inflationrefund.top	
cadassessments.com	
interac.cadassessments.com	
alert.cadassessments.com	
reminder.cadassessments.com	
notice.cadassessments.com	
aus-post-delivery.line.pm	
etransfer.ws	
transferalerts.ca	
et.transferalerts.ca	
atoverification-id01.com	
eflow-updates.com	
atoverificationrefund-refunds.com	
videotron.secure-mobility-refund.com	
login-suncorp.com	
frdm-mobility.com	
claimrefund-01.com	
146.70.155.208	
assessment-2022.com	
cra.assessment-2022.com	
reminder.assessment-2022.com	
alert.assessment-2022.com	
interac.assessment-2022.com	
postofficecanada.net	
westpac.id72118.com	
mycomm.access-helpdesk.com	
bell1-ref191.ddns.net	
postalaus-online.com	
auspost.id72118.com	
sun-corphelpdesk.com	
mybell-billing.net	
auspost.id29491.com	
postag-at-service.com	
apayhelpdeskonline.com	
verification-anz.com	
et-accept.cloud	
receipupdt3c4fa5s.com.ua	
anpost-customspackage.com	
bawagkonto.com	
santander.particulares-login.icu	
secure-post-delivery.com	
01direct-logincanada-trustcad.com	
anpostparceltrack.com	
cp.delivery-pending.com	
govtreassessment.com	
interac.govtreassessment.com	
reminder.govtreassessment.com	
cra.govtreassessment.com	
update.govtreassessment.com	
applepay.r-e-f-951321.com	
anpostmerchantfee.com	
easyweb-verify.com	
signupelectronicfedgov.live	
govcanada-agency.info	
caipbcab.online	
sl-etr.help	
interac.com.sl-etr.help	
banking4anz-com-au.cc	
banking3anz-com-au.cc	
candelv.com	
caship1services.com	
cpservices1invoicing.com	
canposteta-status.ca	
allied-user-portal.online	
suncorp.group-rev-sc.com	
cadpst.ca	
canadapostresch.com	
cibconlineverification223910.com	
statement-bell.net	
canadapost1-deliveryschedule.com	
commbanking-security.line.pm	
assessmentagency.com	
cra.assessmentagency.com	
interac.assessmentagency.com	
reminder.assessmentagency.com	
update.assessmentagency.com	
auspost-delivery.line.pm	
myeasyweb-authentication.com	
cpsupp1services.com	
httpspostca2.site	
mycba-netonline.com	
poste-canadasupport.ca	
2023customersettlement.com	
interac-etransfer.sl-etr.help	
s3-netbank.com	
voiceid-business-com-au.cc	
anz-online2.com	
support.postecad-support.sbs	
schedule.postecad-support.sbs	
schedule.cadpost-support.link	
schedule.cadpost-support.sbs	
schedule.cadpst.buzz	
schedule.cadpst.top	
schedule.capost-support.buzz	
schedule.capost-support.link	
schedule.capost-support.sbs	
schedule.postecad-support.buzz	
schedule.postecad-support.link	
post-canada-delivery2023.com	
westpac.uid49118.com	
secure-bnz.cc	
secure-notifcations.com	
tdsamere.com	
pskkonto.com	
abrir-es.com	
settings-bell.net	
line-1b85e3.ca	
anpost-customsdelivery.com	
revenueagencycad.com	
credit.revenueagencycad.com	
alert.revenueagencycad.com	
reminder.revenueagencycad.com	
interac.revenueagencycad.com	
communication-mybell.net	
canadapostresched.com	
ref-cad-postnotice.com	
et.interac-cra.com	
revolutonlinecheck.com	
mythree-ie.com	
benefit-collect.click	
benefit-obtain.click	
collect-benefit.click	
clic-saaq.top	
schedule-delivery.info	
saaq-clic.top	
saaqclic.top	
clicsaaq.top	
interacwebtrust-cra1001-caet-refnum10922.com	
canadapost.ws	
deliveryanpostcustomscharge.com	
communication-bell.net	
et.interacdeposit-cra.com	
et.interacdepositcra2023.com	
anpostcustomspackage.com	
pscadel.com	
myid-portal-id392.com	
anpost-parcelstampfee.com	
resources-bell.net	
anpostdeliveryireland.com	
mailpostcanada.co	
capostnotice-hold.com	
rogers.myapp-login.com	
anpostunpaidparcelfee.com	
amazon.community-help.online	
resch-formcp.com	
mytelus.identity-login.ca	
bell-perquisite.info	
etransfer-payment.com	
et.interac82749.com	
e-transfer.ltd	
au-postal-online4-au.com	
updated-postals-au.com	
dispatch-itemserror1.com	
assessingagency.com	
cra.assessingagency.com	
interac.assessingagency.com	
alert.assessingagency.com	
credit.assessingagency.com	
unlock-anz.online	
svcadmincloudrt.live	
lnstagram-trendingbaitouts.com	
appl-port-info.online	
resource-bell.net	
package-postdelivery.com	
settelmentcanmodule.com	
verify-onlineaccess.net	
locked-cba.online	
web3business-com-au.cc	
td.policyoperation.com	
freedomcustomer-notify.com	
shiplocated1.com	
mypostaustralia.org	
lost-cp.info	
dbs-onlinesg.com	
t4-2023.info	
accountverify-anz.com	
nab.ib-secure-access.com	
mygo.onlineservices-access.com	
hs.refer748493.cfd	
reparation-seblive.online	
bell.onlineaccountca.com	
bell.secureadminlogin.com	
voiceid.online	
eflow.ie-toll-charge.com	
locked-suncorp.online	
t4-gst2023.info	
netbank-login.com	
annual-caip.info	
eflow-service-pay.com	
verifiera-tillgang.com	
my-support-scheme-gb.com	
caip-services.ca	
anpostunpaidparcelcharge.com	
canada-etransfer-app.ca	
anpost-onlineservices.com	
postcanadadel.world	
secure-myid.com	
online-interac100trust.com	
postoffice-onlinservice.com	
anpostcustoms-package.com	
eflow-review.com	
cai-services.info	
interac.relief-rev.online	
cba-unlock.com	
anz-unlock.com	
e-m-t-47c98.xyz	
securevideotronrefund.com	
anpostdelivery-packagefee.com	
interac1001cra-etca-refnumb20933.com	
assessment-cad.info	
eflow-service-charge.com	
cra.assessment-cad.info	
reminder.assessment-cad.info	
alert.assessment-cad.info	
update.assessment-cad.info	
assessmentcad.info	
alert.assessmentcad.info	
cra.assessmentcad.info	
refund.assessmentcad.info	
reminder.assessmentcad.info	
receivers1issues.com	
suncorp-unlock.com	
e-alerts.online	
locked-anz.online	
pcdlv.ca	
podelca.com	
appleresolveissue.com	
ca-etrsf-ref.com	
www.officialetransfer.com	
marchsettlementfree.com	
bellmobilityrefundlogin.com	
td.app-alertid.com	
idauth-applepay.com	
refundcanadaservices.com	
canadaservicefunds.com	
reactivate-applepaydevice.com	
csaptax2023.ca	
csptxcanl.ca	
gsscsacantax2023.info	
my-anz.com	
aide-caq.me	
review-applesuspension.online	
user-limitations-gb.com	
mobianpost-feecustoms.com	
mobile-eflow.com	
unicajmobi.live	
eflow-payments-service.com	
applepay.r-e-f660272.cfd	
cpbilling1form.com	
postoffice-onlinefees.com	
online-helpbarclays.com	
e-alerts.ca	
bell.mobile-admindisbursement.com	
mypackage-delay.com	
pocdel.com	
poste.accedi-jocd.com	
help-txtbell.org	
anpost.customs-alert.com	
bmo.id-web1.com	
smssecuretxt.com.au	
customservsupport1.com	
et-2r6h1v31t89b-interactonline.ca	
eprofile-renewal-rbc.com	
amazon.securenotificatons.com	
ibackoffice.uk	
mybell.app-pay1.com	
anpost-customs-enquiry.com	
auspost-directory.com	
imposition2022.ca	
citizensbankportal.com	
td.web-alertid.com	
billing-mybell.net	
mybell-portal.net	
my.relink-account.net	
my.secure-info-update.net	
delivery-canadapost.serveirc.com	
linterac-et.cc	
et-data.live	
interac-deposit.et-data.live	
notify-interac.com	
cash-backreward.com	
freedom-settlement.com	
suspended-apple.com	
review-my-gov-auth.com	
westpac-online-business.com	
review-applepaysuspension.online	
securingbnznetnz.com	
mycomm.support-access.net	
depositinterac-et1001-caweb.info	
review-my-3-details.com	
telus.refundhqsecureinterac.com	
bbva-acceso-es.su	
portal-mybell.ca	
onlinesupport-postal-customsfee.com	
parceldelivery-anpostfee.com	
cp-reschform1.com	
wfasdfda.duckdns.org	
cpptxsof2023.ca	
bell.refundhqsecureinterac.com	
fundsreturncra.info	
comptesuspendu.com	
details-mybell.net	
e-transfer.at	
eflow-systemsupdates.com	
nz-deliveyupdate.com	
bell-login.mobilesecureca.com	
bell.mobile-securereturn.com	
frdm-mobile.com	
et-2r6x4v1t98b-interactonline.ca	
cpschedule1form.com	
supportserv1.com	
alert-applepay-suspension.com	
detail-mybell.net	
details-mybell.com	
commsecure-live.com	
myrogers.online-ref.com	
interace-deposit.top	
interac.rev-benifits.online	
securecon-nab.com	
gvrlinktaxof-23.ca	
tsfgvrofftaxs2022.ca	
myrogers-wireless.serveftp.com	
mycvvmtb-online2o.cc	
helprbc.ca	
voiceid-anz.net	
gvmt-perqusite.org	
cad-funding.online	
atb.business-policy.com	
anz-notme.com	
myservice-verification-securesite-au.com	
boiconnect-ie.com	
eflow.ie-toll-charge.co	
bellcenter.secure-notificatons.com	
secure-notificatons.com	
couriereschedule.com	
op-pankki.com	
mycommrestore-online.com	
cpost-billing.serveirc.com	
co-operative.update2fa.com	
sendungssuche-post-at.info	
support-user372458.online	
postoffice-online-query.com	
eflow-secureupdate.com	
123test.duckdns.org	
permanenttsb-ie.com	
aibsec-accesss.com	
boisec-access.com	
hashasa.myvnc.com	
co-operative.2faupdate.com	
id-anz.online	
support-user372488.online	
536845-etrans.digital	
secure63s-ontar1o.us	
myid-id924.com	
mobile-eflowonline.com	
linterac-et.com	
bellmtsrefundprogram.info	
e-transfer.me	
etransfer-canada-app.ca	
et-2r5h1v3t89b-interactonline.ca	
costco.claims-dashboard.com	
tax-perquisite.info	
reference-72811.com	
applepaymobile.app	
canada-recoveryrelief.ca	
reference-65830.com	
telus.id-payweb.com	
onlinefraudsupport.xyz	
amazon.onlinefraudsupport.xyz	
reference-77430.com	
livrco.com	
gtswirtxof22.ca	
gts-gvrtx23.ca	
cedfgvrtximnpot.com	
intarac.entry-oath.online	
unlockmy-anzid.online	
www.missing-details-canadaparcel.ca	
missing-details-canadaparcel.ca	
www1-bmo.serveirc.com	
item-id398.link	
ausnzlogin.online	
device-reactivate-applewallet.com	
neftlixservice.site	
amazonverification.duckdns.org	
verified.amazonsecure.online	
canada.revenue-entry.online	
e-transfer.nl	
intc-tr.ca	
ubeverf.com	
review-my3details.com	
supportcba.online	
myrogerscashback.ca	
depositinterac-et1001-caweb.com	
updateseflow.com	
rogers.mybill-app.com	
telus.mybill-app.com	
ffjsnzdepsoftx.com	
applepay.1-otp.com.au	
cragcdeposit2023-portal.info	
account-mybell.net	
febclimateaction.com	
canadapost-deliverystatus.ca	
auspostpayment.icu	
bell-compensation.info	
ca-interactrsf.com	
beli-sup.org	
etransfer-pay.com	
deposit-cr-a.com	
rogerscommlte-zone3.info	
rogers-mobilepayment.com	
auposts-portal-au.com	
telus.my-1login.com	
canadapost-delay.org	
resolution-mybell.net	
ca-interac-trsf.com	
supportanzid.online	
post-ca-allow.com	
comm-support.online	
et-2r5lv3t89b-interactonline.com	
shield-by-anz.com	
mytax-return-mygov.org	
support-anz4.com	
eflow-onlineupdate.com	
anpost.fee-customs.com	
secure-allied-portal.online	
canadapostcalendar2023.com	
refund-intc.online	
rogers-mobility.com	
anpostcustomsfeeservice.com	
transfergate.ca	
rogers.transfergate.ca	
transferfunds-id.ca	
bell-wireless.com	
telus-wireless.com	
update-eflow.com	
secure-allied-details.online	
resolution-mybell.com	
idcba4-support.online	
et-2r6q3t89b-interactonline.com	
mynetflix0921.one	
paymentmynetflix.one	
commbank.otp-alerts.com	
et-2r5u3t89b-interactonline.com	
texthelpbmo.link	
secureconn-permanenttsb.com	
fundstransfer-id.com	
00001e-tr.ca	
www1bnz-secure.ddns.net	
authrbc.ca	
moncolisfedx.online	
fx2859.moncolisfedx.online	
fx6503.moncolisfedx.online	
suivicolisfedx.co	
fx4932.suivicolisfedx.co	
fx9348.suivicolisfedx.co	
suivimoncolis.online	
fedx3924.suivimoncolis.online	
fedx8392.suivimoncolis.online	
trackmoncolis.com	
4935fedx.trackmoncolis.com	
8394fedx.trackmoncolis.com	
applecarealertwallet.com	
mobility-mybell.net	
annual.wholesale-reward.ca	
cost.co.wholesale-reward.ca	
canadapost.tracking-id.com	
rogerscredprogram.info	
mobile-mybell.net	
freedomcustomernotify.com	
revenue-perquisite.info	
aus-ato.site	
canada.revenue-start.online	
interac-cra-deposit2023.com	
route-1b75o8.ca	
2023-cashback.com	
srv.canada-retours.com	
secure-bnz.online	
ontrevenueverif.info	
www.ontrevenueverif.info	
cadpostdelivery.net	
serv.canada-retours.com	
service.canada-retours.com	
www1govt-nz.ddns.net	
www1mygov-au.ddns.net	
netflix.user-homepage.com	
atp-info.link	
parcelsupport-online-customsfee.com	
op.private-fi.com	
nab-newpayee.info	
alerts.anzmobilebanking.net	
banking.anzmobilebanking.net	
mydelay-management.com	
verify-canadapost.ca	
bellmrefundprogram.info	
eflow-online-update.com	
packagedholdbypostcan.com	
halifax.cloud	
mydelaycustomer.ca	
supportintecadrev.click	
anpost-customsfeeportal.com	
ird-govtnz.myvnc.com	
postal-customcharge.com	
renew-your-membership.com	
www.interac-cra206.com	
chhsaevfry.info	
resch1shipca.com	
tx-argov1.info	
route-1b75o6.ca	
canadapost-ld.com	
canadapost.track-id1.com	
postag-zustellgebuhr.com	
inter-ac-directwebcad-review.com	
anpoststampduty.com	
crarebateportal-info.com	
secure-applepay.com	
canadapost-deliveryeta.ca	
et-3r6v5t98b-interactonline.ca	
refundcanada.site	
help-intercad.online	
cad-applicationform.com	
transit-1b75a4.ca	
myato-info.link	
etransfer1001-depositcatrust.info	
parcelforce-au.com	
parcelforceau.com	
svcadmincloudrt.help	
canada.revenue-web.online	
amazon.fraud-support.online	
secure-bnz.info	
www.751271bceclientportailbce82inc.space	
ca-benifit.data-entry.online	
refundagencyrevenue.website	
c0mmbank.com.au	
www1secure-ing.myvnc.com	
www1secure-bendigo.myvnc.com	
mycomm.access-helpdesk.net	
review-cba-helpdesk.com	
www1secure-sun.myvnc.com	
www1secure-anz.myvnc.com	
ont-rbcroyalbank.com	
www1secure-cba.myvnc.com	
anpost-resolve-fees.com	
url2xs3.link	
anpost-servicehub-alert.com	
alerts.commbankmobile.app	
eflow-charge-alert.com	
anpostimportsupport.com	
mygov-id.myftp.org	
netupdate.info	
postag-sendungssuche-at.info	
postoffice-secureonline.com	
update-id753.com	
customshub-parcel.com	
smart-systeme.com	
anpostpackage-customsfee.com	
schedulecpserv1.com	
eflow-mobileupdates.com	
ca-mbretrns.net	
ca-benefits.data-start.online	
customer-help.ca	
eflow-acc-update.com	
cra-applicationform.com	
postoffice-onlinesecure.com	
amazonprimemyprofile.com	
health-ie-service.com	
depositfederalpayment.com	
canadapost-postal.com	
canadasupportcenter.com	
bellcenter.canadasupportcenter.com	
online-auspostal-update.com	
sun-corplogin.online	
pollutionhelp.xyz	
online-update-auspost.com	
parcelholdbypostcan04.com	
online1-update-aupost.com	
mobilitycarecenter.com	
bellcenter.mobilitycarecenter.com	
auposts-portals-au.com	
reviewasb.info	
funded22taxxed.info	
comm-redirection-alert.net	
commaverify.com.au	
cbachangeddetails.online	
review-applepayrestriction.info	
route-1b75o5.ca	
i6xbab.site	
sup-cafunding.click	
lopesiodsopesldelcatx.com	
aplienow.com.au	
courrier-1e4a67.ca	
item-id09.com	
taxes-perquisite.info	
phone-inbox.net	
help-account-review-cba.org	
solution-mybell.net	
totta.group-rev-sc.com	
interac.aidepollution.info	
aidepollution.info	
rbcroyalbank-on.com	
rbcroyalbank-ont.com	
security-service-mygov-help.com	
e-transfer.one	
eflow-service-update.com	
op-kirjaudu.net	
postoffice-onlinesecured.com	
agposta.online	
applepay.otp-alerts.com	
resolution-mybell.ca	
aiderevsupp.site	
bknafoaremica.top	
anpostsupportireland.com	
immatriculation-saaq.top	
saaq-immatriculation.top	
saaq-virement.top	
virement-saaq.top	
eflow-help.com	
onlinebank-suncorp.com	
applepay.r-e-f-9978163.com	
parcelhub-customsfee.com	
tdalerts2023.com	
mbway.ativar-reveja.com	
rmtrcking01.com	
account-suspension.online	
cpshipschedule1.com	
postoffice-onlinesecurity.com	
mobile-mybell.online	
etransferdep.info	
anpostirelandsupport.com	
reschcourier1.com	
eflow-system-update.com	
interac.aiderevsupp.site	
transfer-gocanada.click	
seb-atblokavimas-lt.com	
login-hsbc.com	
couriershipserv1.com	
securedroyalbank.ca	
canadapost8.site	
bell.login-bill1.com	
www.deposit-myalberta.life	
anz3-login.com	
cpitem1onhold.com	
deposit-myalberta.life	
auspost-aiert.myvnc.com	
etransfer1001-depositcatrust.com	
banque.royale-login.com	
auspost.online-location.com	
moblilityreturncenter.com	
bellcenter.moblilityreturncenter.com	
tracking-delivery.line.pm	
mobility-mybell.online	
mobility-mybell.ca	
mobile-mybell.ca	
suncorp-secure-login.com	
suncorp-secure-login.cm	
payement.online	
royal.secure-renewal.com	
suspended-wallet.myvnc.com	
post-fees-93435.com	
g0v-gateway.link	
auspost.online-redirectory.com	
www-rbc-bank-royal-security-ca.xyz	
logincomm-secure.com.au	
nowpayapple.com.au	
rj49d6l.link	
myid-panel.link	
on-rbcroyal.com	
onlinebanking3-anz.com	
alerts.westpacbanking.app	
alerts.ingbanking.app	
eflow-update-online.com	
portokosten.ink	
postcanada001.website	
eflow-helpdesk.com	
anpost-services-fees.com	
netbank.ddns.net	
delay.xpressdelivery.info	
canpostreschedule.ca	
postoffice-secure-online.com	
suspended-wallet-appeal.com	
co-operative.2faenable.com	
interac-103953.com	
resch1server.com	
ie-anpost-customs.com	
confirm-revoiut.line.pm	
freedominteracpay.ca	
correction-overcharge-cellularfix73.com	
interac-779102.com	
etf-interac.org	
lntdep.org	
postoffice-online-secure.com	
mybell-mobility.net	
ca-return.outreach-rebate.online	
frdm-maintenance.com	
e-alert.ca	
etransf.live	
bellcenter.canadacarecenter.com	
canadacarecenter.com	
crassesment.website	
netflix.user-profile.com	
transferstatus.ca	
bmo.enligne-id.com	
applepay.servehttp.com	
commbank.servehttp.com	
157.254.195.6	
govfunds-cad.site	
cra2023payments.com	
bmo.1login-id.com	
crataxrev.info	
bellcenter.canadiancarecenter.com	
yourenergybill-support.com	
refunds-perquisite.bio	
vi6rcf.info	
httpsservice.bond	
interca1-transfar.online	
1800port.online	
poste-cantracking.com	
cpdeliverycalendar.com	
4i1x9z.site	
mobility-mybell.com	
poste-cadservices.com	
applepay.suspended-wallet-appeal.com	
alerts-commbank.app	
transit-1b92e5.co	
refundpaymentnotify.com	
alerts.bendigomobile.app	
bnz-secure.sytes.net	
anpostparcelchargedeliveryfee.com	
e-transfer.uk	
postoffice-online-queries.com	
eflow-securityupdate.com	
anpostonlineparcelfee.com	
eflow.portal-alert.com	
anpost-dutycharge.com	
anpost-importsupport.com	
bell.mobility-customer.ca	
trulist.xyz	
anpost-services-charges.com	
fido.transferstatus.ca	
post-canada-interac.ca	
anpost-onlinecustomsfee.com	
eflow-termsupdate.com	
eflow-payment.com	
anpost-services-fee.com	
myfidomobile.ca	
anpost-online-customsfee.com	
canadasprimecenter.com	
amazon.canadasprimecenter.com	
bellmobilityrefundca.com	
anpost-parcelsupport.com	
eflow-accountupdate.com	
www.myalbertasecure-royalbank.life	
myalbertasecure-royalbank.life	
postoffice-queriesonline.com	
e-transfer-app.com	
clientverify.xyz	
personalverify-santan.line.pm	
serv1-resch.com	
canada-interac-revenue.com	
mybell-mobile.online	
it.interac.expresstransfer.ca	
bellmobilityrefundprog.com	
ca-smart-systeme.com	
mybell-etransfer.serveirc.com	
etransfer-service.et-data.live	
cra-deposit.et-data.live	
commonwealth-alert-notif.net	
crareturn.org	
netlixservice800.online	
revenuqcinterac.info	
cra-gov.info	
amazonid-billing.info	
etransfer-cra.et-data.live	
cra-support.et-data.live	
costcowholesalecash.com	
march2023return.com	
freedommarchrewards.com	
cra.et-data.live	
benefprog.com	
paywiz.pro	
myrogers.click	
amozoninteric1800.website	
ett-lnterac.com	
banking3bendi-com-au.cc	
ettransfer.live	
gvmt-perquiisite.bio	
inbox-reports-gov.org	
www.billsupport.link	
canadapost-info.ca	
www.yourreftelus.top	
secure-mybell.online	
data-mybell.online	
details-mybell.online	
tax-returns-gov.org	
transfer-details.et-data.live	
cra-alert.et-data.live	
etransfer-notice.et-data.live	
interac-notice.et-data.live	
cra-notice.et-data.live	
securesite-myservices-onlinebnkng-redirect-auth-au.org	
mygov-review-inbox.org	
verifiedcomm.com	
sparkasse--at--de--902-303.ru	
savingalberta.life	
ingbankingapp.com	
gstaccount-reimburse.com	
anpost-dutytax.com	
eflow-portal-charge.com	
postoffice-queries-online.com	
renew-appleld.com	
anpost-fees-service.com	
customshub-import.com	
ggppz.online	
amzn.ggppz.online	
amzn.gppz.live	
amzon.ggppz.online	
canadapost.servicespage.support	
servicespage.support	
postaloffice525.site	
eflow-liveupdate.com	
online-anpost-customsfee.com	
et-lntraec.com	
notreallybothered.r-e-f-981311.com	
anpostshippingfee.com	
et.lnteraccra.com	
et.lnteracdeposit.com	
santander.ativar-reveja.com	
personal-auth-bmo.com	
etr.bell-refund.com	
amazn.rppp.site	
amazn.bvpp.online	
interac.et.expresstransfer.ca	
relief-outrage.online	
wireless-myrogers.serveftp.com	
www.australia-post.org	
halifax.r-e-f-981311.com	
postecanada.livraison-id.com	
supportapple-access.com	
02948-interac.com	
australia-post.org	
www.canpost-re.com	
38912-interac.com	
www-cibc-security-online-ca.xyz	
ca-rebate.start-revenue.online	
manage-mybell.online	
return-mybell.online	
settings-mybell.online	
canadapost.id-delivery.com	
canpost-re.com	
secure-bendi-port.online	
pay-au-secure.com	
bellmobility-returns.com	
ingg.servehttp.com	
alerts.nabmobile.app	
op-fi-in.net	
op-palvelu.co	
bmo1.ca	
mobile-interac.com	
seb-atsaukti-moketoja-lt.com	
eflow-toll-update.com	
westpac.servehttp.com	
anpost-services-postalfees.com	
nation-restrictedservices.com	
377381-interac.com	
www.myteluscommunication.one	
www.myteluscommunication.top	
anpost-dutypay.com	
triustsafe.top	
38821-saaq.com	
totta.pt-atividade.com	
eflow-fees.com	
help-ee.com	
lnstagram-ttrendingbaitouts.com	
ca-interac.gateway-open.online	
anpost-postalfees-service.com	
annual-reports.online	
track-import.online	
device-mybell.online	
communication-mybell.online	
messages-mybell.online	
anpost.track-import.online	
anpostcustomsduty.com	
37dbrevsup.info	
mailpostcanada.ca	
bank-tdonline.com	
etf3324.live	
deposit.gppz.online	
postoffice-onlinefees-queries.com	
xpresscanpost.com	
anpost24service.com	
bellcenter.canadaprimecenter.info	
canadaprimecenter.info	
postes.canada-app.com	
bmo.portail-enlignes.com	
interac.it.expresstransfer.ca	
bellmcred.me	
www.myloginteius.link	
www.myloginteius.top	
postcana001-refgov.com	
bmo-enligne-qc.com	
bellca-pay.me	
commbank.sytes.net	
westpac.sytes.net	
govaumessage.com	
fmauth.com	
intretact-canada.online	
my-indefication.one	
bmo-compte-qc.com	
amazon.prime-bill1.com	
www.telvs-supprt.link	
mytelus-validation.serveftp.com	
192.153.57.82	
alert-applepay-restriction.info	
secure-bendi-access.online	
goovv-retuurrnn.info	
www.telecomsuport.one	
an-z-secure-access.online	
mystatuses.ink	
secure-an-z-access.online	
direct-auportal.com	
lnteracservicesfreedom.com	
anz-digitalfraud.com	
anz4secure.com	
perquisite-notice.info	
postalserviceaus.com	
anzbankingonline.com	
eflow-payment-update.com	
reinstate-membership.com	
ca-frdmrtrn.com	
alerts-ing.app	
nhs.gg	
refundrevenue.tech	
anpost-parcelfees-service.com	
brentcouncil.bio	
confirmeflow.com	
ie-customs-anpost.com	
alertyouraccount.online	
refundrevenue.website	
canadian.revenue-emergency.online	
eflow-tagupdate.com	
saaq-virement.com	
bellcadretrn.net	
rogrscadretrn.net	
arc-transfert.info	
ca-funds.revenue-emergency.online	
et.interacdeposit-expired.com	
et.interac-expired.com	
lnteracfreed0m.com	
anpost-customsfeeservice.com	
sectiondep-info.com	
post-scheduling.info	
cndpostsupports.com	
interac.cyou	
anpost-dutypayment.com	
anpostdeliveryduty.com	
mobile-confirmeflow.com	
atpost-sendungsverfolgung.com	
bmo-enligneqc.com	
login-reviewactivities.com	
mydelaycustomer.com	
ontariobenefits2023.com	
austrackingreq.com	
canadaposts-delivery.co	
refundrevenue.site	
statements-mybell.net	
personal-executive-member-reward.ca	
collectmyreward.ca	
rewardcoupon.ca	
revsupporting.support	
ltel.pw	
securenab1.online	
bell.canada-bill.com	
carriersupp-001gov.com	
inc-cra-gouvt.com	
applestore-pay.com	
au-redirect.com	
redirection-au.site	
commaidcallsecure.com	
benefits-re-turnplan.com	
westpaccallsecure.com	
manageusertransactionnz.com	
inbox-ing-app.org	
op-fi-net.in	
alertnab1.online	
op-fi-net.co	
eflow-payments.com	
canada-agency-return2023.info	
op-fi-net.cc	
eflow-tollupdate.com	
op-fi-cc.net	
op-fi-digipalvelut.co	
op-fi-net.com	
eflow-portal-update.com	
cadpost.ca	
op-fi-palvelut.info	
metamask-access.io	
anpost-parcelfee-service.com	
anpost-paymentduty.com	
intreacdeposit.com	
gstreimburse-committed.com	
ie-anpost-fee.online	
securecra.site	
eflow.portal-fee.com	
depositnunavut.ca	
postoffice-fees-queries.com	
inc-cra-gouv-ca.com	
carriersupp01-ref231.com	
govhelp-now.top	
smart-unclaim.com	
three-ireland.com	
eflowconfirm-mobi.com	
lhv-ulevaatus.com	
canadapostmails.ca	
canadaentry-revenue.com	
permanenttsb-review.com	
ie-eflow.com	
eflow-toll-updates.com	
servicecanada.url-sh.live	
etransfer-notice.url-sh.live	
interac-notice.url-sh.live	
interac-deposit.url-sh.live	
etransfer-service.url-sh.live	
etransfer-alert.url-sh.live	
etransfer-details.url-sh.live	
interac-etransfer.url-sh.live	
eflow-pay.com	
canadacarecenter.info	
bellcenter.canadacarecenter.info	
eewebsupport.com	
santander-confirm-user-auth.com	
et-benefitcra.com	
caddeliverypostca.com	
shield-anz.link	
request-redirection.com	
mobile-notification.net	
e-transfer.vin	
customer-post.com	
marchdeposit.com	
canada-interac-secure.ca	
qualify-terms.info	
secure-boapotal.life	
www.secure-boapotal.life	
fast-action-au.com	
auspost-reschedule.info	
voiceid-anz.support	
shield.anz.link	
bell.ca-returnmobile.com	
bell.mobileref-ca.com	
bell.ref-returns.com	
client.svcadmincloudrt.help	
identify-489493.site	
mycomm.helpdesk-verify.net	
manageanztransaction.com	
comm-onlinehelp.com	
lhv-makse.com	
op.fi-avain.co	
theapaustore.com	
op-fi-io.in	
op-fi-co.cc	
secure-bnz.me	
op.fi-palvelut.com	
services-mygov-tax.org	
op-fi-in-net.co	
eflow.fee-portal.com	
petstraining.online	
eflow-pay-update.com	
op-fi-in-net.cc	
r-e-f66272.help	
alerts.secure1-commbank.app	
nbg.r-e-f66272.help	
op-fi-in-net.com	
op.fi-palvelut.net	
op-fi-net-in.co	
op-fi-in-co.net	
eflow-systems-updates.com	
anpost-dutycost.com	
permanenttsbonline.com	
secure101-verification.com	
mybell-statements.net	
rbcroyalbamk.site	
lhv-tuhistada.info	
365-online-secure.com	
secure-mywellsfargo.com	
binance.airdrop.r-e-f66272.help	
reminder-cad.com	
cra.reminder-cad.com	
deposit.reminder-cad.com	
notify.reminder-cad.com	
interac.reminder-cad.com	
revenue.reminder-cad.com	
agency.reminder-cad.com	
mobile.reminder-cad.com	
reminder-assessment.info	
cra.reminder-assessment.info	
agency.reminder-assessment.info	
interac.reminder-assessment.info	
deposit.reminder-assessment.info	
update.reminder-assessment.info	
notify.reminder-assessment.info	
notification.reminder-assessment.info	
mobile.reminder-assessment.info	
reminder-deposit.info	
notification.reminder-deposit.info	
cra.reminder-deposit.info	
notify.reminder-deposit.info	
alert.reminder-deposit.info	
update.reminder-deposit.info	
revenue.reminder-deposit.info	
agency.reminder-deposit.info	
moneta-anulovat.info	
anpost-packagefee.com	
applecare-secure.com	
open24-ie-update.com	
mybellpromotions.net	
co-operative.2factorupdate.com	
fee-anpost.com	
cra-smart-systeme.com	
mywireless.online	
confirmpersonalsantan-der.line.pm	
amazreward.click	
reminder-ca.info	
alert.reminder-ca.info	
cra.reminder-ca.info	
deposit.reminder-ca.info	
reminder-cad.info	
alert.reminder-cad.info	
cra.reminder-cad.info	
notify.reminder-cad.info	
agency.du-revenue.online	
bell.canada-pay.com	
supporthelp-nz.top	
mybell-mobility.online	
infoscotialerts.com	
telusenterac1.com	
canadapost-can.com	
online-refund.com	
courier1error.com	
postexpress-scheduling.com	
interac-authcra-et100webtrust.net	
canadapost-fees.digital	
billing-freedom.digital	
clientsretrn.ca	
clientsreturn.ca	
consumerreturn.com	
consumerreturn2023.ca	
customerretrn.ca	
depositform-on.com	
supportanzonline.com	
securenz-help.com	
secure-bnz.live	
resolveanzaccess.com	
app-online-update.com	
wespacwellbeing.com	
securitynab4.online	
bill-anpost.com	
tx-related-survey.info	
eflow-secure-update.com	
securityauthentication.net	
date-due-filed.info	
help-eflow.com	
freedom-reimburse.com	
bills-anpost.com	
rbcroyal.site	
triiusttsafe.top	
anpoost.serveftp.com	
anpostcustomsfee.online	
refund-bitcasino.com	
ca-reminder.info	
cra.ca-reminder.info	
important.ca-reminder.info	
mobile.ca-reminder.info	
notice.ca-reminder.info	
notify.ca-reminder.info	
cad-reminder.info	
alert.cad-reminder.info	
cra.cad-reminder.info	
important.cad-reminder.info	
mobile.cad-reminder.info	
notice.cad-reminder.info	
consumersupporef-0110.com	
interac.buzz	
pollution.support	
remindercanada.info	
cra.remindercanada.info	
notice.remindercanada.info	
mobile.remindercanada.info	
mobility.remindercanada.info	
revenue.remindercanada.info	
interac.remindercanada.info	
taxreturn-cra-secure.ca	
canotice.info	
cra.canotice.info	
trilliumbenefit-ontario.com	
bellcustomer04.com	
post-mgnt.org	
post.canada-track.com	
desj-notification.com	
intemt.ink	
online-anpostcustoms.online	
canadapostels.com	
help-asb-nz.com	
holt-refund.com	
rcca.pw	
auspost-delivery-service.info	
gov-cra.info	
nzpost-redelivery.com	
alerts.secure2-commbank.app	
rteca.pw	
paybackconsumers.ca	
consumerspayback.ca	
depositlnterac-cra.com	
lutel.pw	
desj-alerts.com	
costcorewrds.net	
auspost-delays.info	
info-validation-tax-ref-gs.com	
rbc.enroll-serviceability.com	
verifyanz.com	
verifynab.com	
benefit-returnplan.com	
login.secure-ingmobile.app	
postl-canada.com	
cbaverified.com	
bmo.enroll-supply.com	
online-services-authenticate.com	
op-etusivu-fi.info	
et.interac.6yb2kso32.com	
ca2023tx.com	
eflow-fine-payment.com	
myab-index.life	
review-anzupdate.info	
op-fi-etusivu.info	
emtpaym.info	
ca-lnterac.info	
mttransfer.info	
0p-etusivu-fi.info	
carrierbill-return01.com	
familycad-rev.online	
eflow-payment-help.com	
bell-invoicecenter.info	
bellsupportcenter.info	
bellcenter.ca-support.info	
updateca.info	
cra.updateca.info	
etransfer-cra.com	
ca-support.info	
bellcenter.bellsupportcenter.info	
bellcenter.bell-invoicecenter.info	
dsk-bg.com	
telus-myinterac.serveirc.com	
etransfer-ssense.com	
canada-post-parcel.com	
anzvoiceid.com	
enablemyapple-id.com	
eflow-payfees.com	
rekisteriduudelleenopbank.com	
walmart-secure.info	
reactivatemyapple-id.com	
updatecad.info	
bmo.login-web1.com	
reactivate-myid-features.com	
enabemyid-features.com	
billingrtrnrogers.ca	
billrtrnroger.ca	
billrtrnrogers.ca	
onlinertrnroger.ca	
onlinertrnrogers.ca	
etransfer-mytelus.serveftp.com	
schedule-new-slot.com	
eflow-toll.online	
mobilitycad.info	
resolveasbaccess.com	
seguridadremisionweb.co	
etransfer-irterac.ca	
enablemy-idservices.com	
www.transtelus.com	
bnkca.click	
enable-my-apple-id.com	
applepay-restriction.online	
interac-authcra-et100webtrust.info	
commbank1-net.ddns.net	
verifyanz1.com	
ehealthmcare.com	
anz-unlock.servehttp.com	
committed-gstaccount.com	
commbank-verify.info	
applepayy.ddns.net	
donationtaaxx2023.info	
applepay-otp.servehttp.com	
deposit-cra2023.com	
reimbursementtelus.ca	
reimbursementelus.ca	
trustfm-100interac.com	
reactivate-myuser-id.com	
rogersreimbursement.com	
reimbursementrogers.com	
nab1.servehttp.com	
onlinesafe.ca	
freedom.onlinesafe.ca	
e-transfer.wiki	
anpostmailservice.com	
bmo.app-login1.com	
pay-anpost-customs.com	
wenoma.co	
anpost-duty.com	
updatemobile.info	
canadaposti.com	
mobile-eflowupdate.com	
trackingnumber940392.ink	
caupdate.info	
cupdate.info	
supportonline-kiwi.top	
online-eflow.online	
candpost.com	
ing-unlock.servehttp.com	
arrange-auspost-redelivery.com	
freedommobile.onlinesafe.ca	
auspost.shipping-update.com	
commbank-unlock.servehttp.com	
order-time-slot.com	
assign-new-date.com	
interac-qc.com	
auspost.order-time-slot.com	
onlinehelp-kiwi.top	
amazon.prime-ca1.com	
accessanzlimited.com	
westpacverify.info	
videotrnoverchrge.net	
resolveonlineissue.com	
www-authen-wells-fargo1-online.xyz	
accessanzsupport.com	
eflow-auth-update.com	
reactivatemyuserid.com	
op-fi-in-io.net	
op-rhyma.net	
amstec.es	
asbintegratedsolution.com	
lhv-arvustus.com	
canadapos1.com	
nbg.r-e-f66272.cfd	
canadapost-postescanadaportal.life	
www.canadapost-postescanadaportal.life	
auspostdelivery.online	
reactivate-youruserid.com	
applepay.alert-security.com.au	
commbank.alert-security.com.au	
mobieflow-update.com	
interac-deposit.tl-dns.live	
etransfer-alert.tl-dns.live	
etransfer-service.tl-dns.live	
etransfer-details.tl-dns.live	
interac-etransfer.tl-dns.live	
etransfer-notice.tl-dns.live	
interac-notice.tl-dns.live	
interac-details.tl-dns.live	
etransfer-deposit.tl-dns.live	
canada-etransfer.tl-dns.live	
interac-canada.tl-dns.live	
interac-authcra-et100webtrust.com	
eflow-update-alert.com	
authscotiaonline-client.com	
bmo.clienten-lignes.com	
postoffice-helponline.com	
online-eflow.tech	
redelivery-anpost-services.com	
medcareclaims.com	
cahousingbenefits.info	
pay-eflow.com	
telecom-cad.info	
eflow-login.com	
santander.uk.retaii-view.net	
santander.retaii-view.net	
retaii-view.net	
taaxrelief23.info	
webapp.svcadmincloudrt.help	
supportkiwi-help.com	
suspend-applepay.com	
ca-canada.info	
saaq.radar-amende.com	
account-rogers.com	
supportclmadmin.info	
netflix-authentificationclient.info	
my.medi-relink.net	
helpnowkiwi-online.com	
2023cashbackrewards.com	
nzz-mgovm-refuud.info	
canadapost-invoiceid.com	
freedomobilovrchrge.net	
postes-canadalivraisonreporter.com	
bmo.log-in1.com	
endowment2023relief-aid.info	
on-benefits2023.com	
176.10.125.63	
www.amz-services-info.cfd	
resolveaccesslimited.com	
www.amz-services-info.link	
cradeposit-lnterac.com	
ee-account.com	
ca-rev2023portal.com	
onlineasblimited.com	
t-donlinehelp.com	
managinganzonline.com	
resolveanzpersonal.com	
secureresolveanz.com	
interac-service.sh-url.info	
toll-eflow.online	
supportanzinternet.com	
etransfer1001-craetwebtrust.com	
helpdesk-mygov-services.org	
mytx2023.me	
catx2023.me	
mlm.fotografosdezaragoza.org	
compensationtaxxpackage.info	
particulares-pt.info	
eflow-accupdate.com	
kirjaudusisaanturvallisestiopbank.com.	
www.amz-services-info.quest	
eflow-services.com	
online-aib-banking.com	
freedom-account.com	
help-ee.co.uk	
op.fi-laite.top	
canadaposte2.com	
bell-customers.online	
anpostcustomsfeepackages.com	
eflow-payments.co	
eflow-toll-payments.com	
tx-depositform.com	
postoffice-supportsonline.com	
eflow-motorway-payment.com	
anpostcustomsupport.com	
desj-smart.com	
anpost-customfee.com	
crarefunds-secure.ca	
mobieflow.com	
tx-refserv.me	
interac-alert.sc-ip.help	
interac-verified.com	
acces-amazon.com	
my-ca2023rev.com	
securehelp.life	
www-auth-scotiaonline-com.xyz	
newz-govvvrefuuud.online	
taxinfomation-anz.com	
id-wallet-reactivate.com	
bnzsecurelogin.com	
bendigo-login.live	
bendigo-logon.live	
bendigo-bank.live	
bnz.alert-helpdesk.com	
review-ingpayee.online	
climate.action-rebate.online	
bendiego.live	
paivita-tiedotopbank.com	
gomoneyanzpersonal.com	
desj-support.com	
tx0-1retrns.info	
servicegovsupport.com	
tax-anz.com	
cibcfraudalert.online	
shield-anz.click	
postnord-no.top	
req-etfr23a6e.com	
eflow-mobile.com	
mybell-statement.net	
eflow-updatetag.com	
rogers.com.c89863.com	
eflow-updates-online.com	
canadaspost.com	
interac-deposit.sc-ip.help	
bel12lintep.ddns.net	
trvistsafe.top	
taskmanager-freedom.com	
et.interac-unclaimed.com	
anpost-tax.com	
anpostparcelfeescharge.com	
eflow-secure-payments.com	
e-transfwebpage.link	
caip-ref8829.com	
365-control.app	
servicecataxreturn.online	
auth-crarevenue-etwebtrust.com	
cradeposlt.com	
eflow-systemupdate.com	
return-benefits.com	
rescheduleform1.com	
eflow-epay.com	
serviceon-deposit.com	
www-my-scotiaonline-secu-ca.xyz	
couriershiperror1.com	
postcustomerservices.com	
processor-service.com	
anpostdutyfee.com	
process-gigadat.com	
nzpost-reschedule.com	
directsign.ca	
eflow-tolls.online	
freedommobile.directsign.ca	
redelivery-nz-post-588394.com	
www.redelivery-nz-post-588394.com	
canada.post-depot.com	
scotiaa-alerts.online	
costcorewardsclubhub.com	
suspended-wallet.co.uk	
cairetservice.ca	
trackpostpackage-requestnz.com	
otbfilefunding.com	
parcelforce-auonline.com	
canadapost-packagehold04.com	
tx-refs23.me	
cttepay.info	
manage-mybell.net	
bendiego-app.online	
lntarec-update.com	
tx0-2retrns.info	
voiceid-anz.me	
reports-clients-mygov.org	
www.centrelink.live	
del-rescheduleparcel.com	
asiakaspalvelu-op-fi.info	
eflow-update-acc-online.com	
interac-etransfer.sc-rtn.info	
eflow-mobi.com	
banco-bbva.com	
rekisterointitunnus-opm0bile.com	
fr03039.live	
fk209dg.live	
0355id.live	
asiakaspalvelu-op.info	
etransfer-interac.sc-rtn.info	
facture.website	
shoppay.e-transferexpress.com	
itemexpress-update.com	
alerttdcanada2023.com	
assessmentscad.info	
cra.assessmentscad.info	
confirmationeflow.com	
eflow-toll-charges.com	
mail-postcanada.ca	
anpost-assistance.com	
redeliver-nz-post.com	
ca-txrefs1.me	
bell.login-1.com	
parceldeliveryfee.com	
bmo-connexion-mescomptes.com	
systeme-alerts.com	
verifyeasyw2023.com	
invoice-canadapost.com	
revqpaym.info	
confirmmobile-eflow.com	
cp-parcel.com	
profile-mybell.online	
nzpost-schedule.com	
m50-eflow.online	
tax0-myretrns.info	
redelivery-nz-post-5894.com	
anz-cancel-voiceid.com	
atc-myrefsvr1.me	
et.interac.8cs2kwo22.com	
carolemonger.co	
cancel-anz-voiceid.com	
revagencycadsupport.agency	
connect-mygov.digital	
e-transfer.in	
my-wallet-reactivate-id5903345.com	
westpacsecure.info	
refarc6jhvjhcreturn.info	
westpacverified.info	
personalnabsupport.com	
au486789-reorder-auspost.com	
bnz-confirmdevice.com	
centre-inbox-govau.com	
rebates-ca.rev-support.online	
amazon-ca.locked-support.online	
eflow-onlineupdates.com	
validation-tax-refund.ca	
serviceon-fnds.com	
an-post-scheduling.com	
hse-caution.com	
at-gerat.top	
cra-deposit2023.com	
et.interacfunds.com	
et.interacaccount.com	
et.interacincomplete.com	
voiks-vr.live	
e-transfer-pending.com	
vollks-vr.live	
1commbank.servehttp.com	
post1canada.com	
eflow-paymenetonline.com	
selinamaron.co	
canadapostlive.com	
apay.r-e-f66272.help	
eflow-paytoll.com	
crasecure-refunds.ca	
postofficeonline-help.com	
co-operative.upgrade2fa.com	
secur-portalive.com	
ath-w1lsf1rgo05.com	
confirmationmobile-eflow.com	
www.telusreturn-centre.site	
assessmentgst.info	
cra.assessmentgst.info	
asc-mrefsvr1.me	
angecyhelp-revcad.online	
lnterac-verif.com	
anpostimportsfee.com	
scotia-c-resetpolicyd.com	
reschedule-cpc.ca	
irish-toll.com	
fundarc6restoration.info	
canadapostassistance.ca	
ssjwkkw020.ddns.net	
alert.delivery-xpresscourier.com	
revenuecanada-claim-et11028.com	
dep0sit-2023cra.info	
americanbak.space	
onlineauthetication.com	
postpone-canada.ca	
etransferinterac.sc-rtn.info	
commbank.webredirect.org	
caiselfserve.com	
refund.assistance-support.online	
canadarevenueagency-etransfer.com	
cadhelp-agenrev.online	
postpays.org	
www.rev-netsupport.info	
postaloffice.online	
canada.post-status.com	
www.t-rn12.xyz	
applyredeliveryau-post.com	
banking-bendigo-services.com	
caipayselfservice.online	
bmoonline.info	
security-centre-asb-nz.com	
comms-auth-support.com	
westpacsecured.info	
trust443impositionarc6.info	
commidauverify.info	
secure-myaccount-comm-status.org	
ath-w1lsf1rgo08.com	
eflow-supports-service.com	
wwwbell.online	
vahvistuksentarkistus.com.	
vahvistuksentarkistus.com	
erenbown.co	
halifax-cancel-payee.co.uk	
elfow-online-charges.com	
eflow-online-payment.com	
inbox.ingmobile.app	
eflow-supportsservice.com	
etransfer-notice.sc-rtn.info	
cpost-reschedule.ca	
govqc-cra.info	
postexpress-support.com	
interhelp-funding.site	
anpostcustomfee.website	
secur-enews.com	
cra2023-dep0sit.info	
bnverifenligne.xyz	
caip-selfserve.com	
albertaaction.life	
www1bmo.info	
postescanada-avisdelivraison.gv-bc.com	
postcasecure-portal.life	
www.postcasecure-portal.life	
oliviawilliam.co	
garciasmith.co	
clairmoran.co	
nz478932-nzpost.com	
return-income.info	
newz-txxoffce-govv.live	
cracaiselfserve.ca	
internet-view.net	
bnz.alert-review.com	
canadachildbenefit.info	
chst.report	
gsttxdepocadra.com	
interacra.info	
rbcroyalbankacces.com	
secured3dtax.info	
ing-secure-online.com	
lnterac-ref.com	
anz-cancel-shield.com	
craseason.com	
cancel-shield.online	
p0stcan-service.com	
customviewer.online	
viewbynext.online	
viewrange.online	
servicecanadarebates.com	
inbox-commbank.app	
commbank.1-otp.online	
rescheduled-delivery.com	
ca-mobilereturns.org	
ca-securepay.org	
eflow-charges.com	
bekreftinnlogging.com	
bell.login-id1.com	
entrar-santander.info	
eflow-payment-queries.com	
josecorp.co	
vahvistuksentarkistus.net	
reschedule-systemupdate.com	
expiretransfer.info	
caiprebates.com	
caiprebate.info	
13easyweb-td.com	
anpostimportcare.com	
registration-verif.shop	
registration-verification.shop	
verification-registration.shop	
rogers.com.c4643.com	
fund-telapp.com	
bmbnkmontreal.xyz	
haileyjones.co	
frankdangley.co	
www.eintr1c.xyz	
info-etransf-ca.dns04.com	
interac-0384932.com	
tax-dep0sit2023.com	
c-raadepo2023.com	
shield-anz-com-au.cc	
deliverydelays.info	
ctcx.services	
desj-notif.com	
cannpost-reshedule.com	
can-sectiondep.com	
nzpostdeliveryfee.com	
postcannsms-aierts.com	
allancorp.co	
deposit-funds.com	
anzcustomersportal.com	
bmo.login-id1.com	
www.cad-et-1009.site	
refund-interact.website	
hannahmarcelita.co	
your-anzid.online	
digitallogremoval-nz.com	
nz-file-taxreturn.com	
rogers-ebankonline.ca	
www.rogers-ebankonline.ca	
retscaip.com	
valid-anzid.online	
tx-trust-filing.info	
asb.service-nz.com	
et-depcra.com	
p0stcan-schedule.com	
cancel-voiceid.link	
aupost.mypstatus.org	
mypstatus.org	
client-inbox-mygov-login.org	
aup.deiivery-status.net	
deiivery-status.net	
anzid-valid.online	
web-td.com	
asiakaspalvelu-fi-op.info	
controlupgrade.com	
online-support-rescheduled.com	
online-eflow.com	
ca-revretrndep.net	
can1adapost.com	
ca-securedreturn.com	
eflow-web-charges.com	
otb-partner.com	
anual-incom-cra-gouvt.ca	
mye-trnsfrcaad.com	
easylinkdeposit.ca	
mobile-alert.info	
cra.mobile-alert.info	
eflow-onlinepayment.com	
secure-can.com	
masoncorp.co	
government-cra.info	
www.amz-services-info.sbs	
chhsaee.top	
www.caa-et-1007.live	
crimpositiontrust6arc545rtg.info	
www.cad-et-1007.live	
eflow-info-update.com	
canadapost-issue.com	
e-mailtransfer.ca	
cancelpnc20s2bref.com	
pnc20s2brefcancel.com	
fundingcad-support.site	
candrapost.com	
anpostpackagefee.com	
revcad-agency.online	
pnccanceref20s2b.com	
mobilecraalerts.info	
eflow-charge.com	
t1-centre-serving.info	
anpost-transportduty.com	
cadpostal-online.com	
lnterac3d.digital	
servicecanada.tl-dns.live	
transfer-deposit.sc-ip.help	
mybell.ltd	
cra-app-secure.ca	
supportpersonalasb.com	
asbhelpnow.com	
e-remittance-22398.co	
transfer-deposit.et-sc.com	
emtunclaimed.info	
txcollection.info	
contri66taxcra23.info	
prime-subscription.online	
unclaimedemt.info	
unclaimed-emt.com	
unclaimed-emt.info	
scotiaverifunlock.info	
amazonpostal-online.com	
secure-personalbanking.com	
txcollection.online	
amazonverify.ca	
info-anzhelp.com	
apay-review.com	
apay-reactivation.com	
nz-onlinepostal.com	
asbhelptoday.com	
bendihelptoday.com	
activate-wallet.com	
apple.activate-wallet.com	
ingsecure-login.com	
emilyhenderson-et.co	
virement-et.com	
nzdmygovt.com	
asb-help.net	
nztax-govt-return.com	
cancel-voiceid.com	
helpmetanow.com	
sn-refserv1.me	
tx-servca.me	
alerts.ing-mobile.app	
ralffelsen.online	
ralffelsen.live	
retrn2023.me	
refserv2023.me	
motorway-charge.com	
review-myaccount-mygov.org	
tarkistatiedot.com	
eflow-credentials-info.com	
eflow-onlinesupports-service.com	
ing-direct.kozow.com	
anpostpostal-ie-fees.com	
mobi-eflowonline.com	
posytca3-cea.ddns.net	
eflow-onlinequeries.com	
actioncrafill.com	
etransfer-alert.sl-etr.com	
transfer-notice.sl-etr.com	
eflow-user-update.com	
eflow-onlinesecure.com	
agencyfunds-support.site	
anzcustomerportal.com	
rm034-track.com	
secureonlinebc.com	
refundcanada.website	
rbcfoundation.net	
anpostcustomsfee.services	
emailtransca.world	
emailtrans2023.website	
emailtrans.world	
eflow-ireland.com	
web-portalmsg.info	
eflow-online-repayment.com	
can1adapostes.com	
interac-notice.sl-etr.com	
hse-onlineservice.com	
securebcbanking.com	
anpostimporttaxes.com	
enableidservices.com	
lnteracdeposit-cra.com	
krtigenn.com	
telus.mylogin-1.com	
eflow-ie.com	
toll-eflow.com	
web-portalmsg.online	
my-parcel.online	
etransf-cadbenefits.online	
mx-refserv1.me	
eflow-secure.com	
carrierefund.net	
interact2023-canada.agency	
claim-canada.agency	
ca-trillium.agency	
2023-canada.agency	
order-details.online	
interac-data.com	
cragst-transfr.ca	
canadarevenueagencyfunds.com	
www.manulife-et-portal.online	
www.cad-et-1003.online	
e-remittance-22581.co	
enablemyidservices.com	
virement-ca.com	
alert-asb.com	
authenticateasbonline.com	
etransfer-online.com	
authenticateasblogin.com	
securebmonline.com	
e-remittance-44100.co	
digitalremovalnz-log.com	
cadpostal-onlinehelp.com	
asb-co-nz.com	
www-td-security-online-com.xyz	
et-onlinecad.com	
loginbendi.com	
canada.revenue-support.online	
member-collect-reward.ca	
member-reward-coupon-bonus.ca	
member-wholesale-coupon-reward.ca	
collect-my-reward.ca	
mobilenzpost.com	
helpcanadapost.ca	
mobilepostnz.com	
canadapostassistances.ca	
telus.idlogin-1.com	
support-verify.relief-help.online	
nz-postupdate.com	
cax-postal.xyz	
connect-rbc.com	
commbank-online-update.com	
enableuseridservices.com	
enableuser-idservices.com	
www-scotia-sk-verification-login.xyz	
reassessmentcra-et.com	
attemptedpostca.com	
short-term.employment-benefits.online	
tarkistatiedot.net	
eflow-servicehelp.com	
eflow-online-supportsservice.com	
secure-eflow-info.com	
rescheduled-onlinedata.com	
eflow-payments-update.com	
www.cr-govtranscan.com	
secure07eachase-web-dashboard.top	
cr-govtranscan.com	
cr-catransaccept.com	
t1x-retrn23.me	
eflow-tollpayment.com	
eflow-online-service.com	
et.interacreturns.com	
nbg-gr.live	
e-remitly-32311.co	
prcl-7x81b3z9.com	
customs-payment.com	
canadapost-cl7-reschedule.prcl-7x81b3z9.com	
postescanda.prcl-7x81b3z9.com	
secure-loginrbconline.com	
royalbanking-securesignin.info	
rescheduled-data.com	
sco-onlinemanage.com	
anpost.rescheduled-data.com	
interacsecure.xyz	
anpostcustomsfeeport.com	
eflow-webpay.com	
etransfr-cadgcbenefits.online	
eflowupdate.com	
eflow-onlinetollpay.com	
co-op.2faupgrade.com	
2023-return.agency	
agency-return.xyz	
collect-benefits.agency	
secure-boaporta.life	
www.secure-boaporta.life	
avantagescostco.ca	
membre-recompense.ca	
reclamez-recompense.ca	
costco-recompenses.ca	
cancel-voiceid.com.au	
remitly3488.online	
remitly34881.online	
www-sc0tiabank-verified-link.xyz	
interac-etf.org	
reactivateuseridinfo.com	
netflalx.site	
bit.ly/netifliix-canada	
reactivateuserid.com	
mobilecharge.xyz	
profile-mybell.net	
statement-mybell.online	
cra-retrndepst.com	
taxretrn-ca.com	
apple.pay-suspended.com	
alert-nzpost.com	
bendigo-secureonline.com	
support-care-id532.com	
enablemyuserid.com	
rogerservice.click	
alerts-ing.com	
awtmobtdwsec.com	
appidsecure.info	
asb-verifytrans-auth.com	
asb-transverify-auth.com	
veriwtdcndref65543.com	
manage-mybell.com	
interrac-ca.com	
fillings2d.site	
myparceicenter.xyz	
remit-mybell.online	
transmit-mybell.online	
transit-mybell.online	
supportrbc.ca	
lntdepo.ink	
custom-parcel-payment.com	
myreturn-2mygov.online	
eflow-toll-service.com	
aupostals-online.com	
remove-voiceid.com	
cheaesescure.top	
updatemobieflow.com	
nexi-supporto.com	
tarkistatiedot.org	
webgate-mobile.info	
tdweb-online.store	
eflow-notice-fee.com	
mobile-tdweb.ca	
tdweb-online.ca	
et.interac-transfers.com	
et.interac-deposit1.com	
et.interacetransfer1.com	
eflow-repaytoll.com	
eflow-onlinefees.com	
prov-fund-on.site	
neflix-renewals.site	
c-r-a-txdepo.com	
eflow-online-payments.com	
mobiconfirm-eflow.com	
canada-postsmsnotice.com	
specialdeliveryoffice.com	
securitykunden.at	
eflow-tolls-update.com	
verificationunclaimed.top	
unclaimedverification.top	
online-scotia.ca	
anpostpostalfee-ie.com	
eflow-toll-online.tech	
postescanada.deliveryexceptions.ca	
bell.oneconnects.ca	
govemt-acceptance.com	
tx-careva-notice.com	
royalmaildeliveryfee.com	
secure-cralnterac.com	
telus.payment-login.com	
eflow-mobileonline.com	
check-bendigo-info.com	
etransfe-cadrevbenefit.online	
cra-viaetransfer1001-webtrust.com	
cra-notice.sl-etr.com	
tx-adjustment-net.info	
nbcverifenligne.xyz	
asb-netlogin.com	
telus.app-payment.net	
nz-taxref.com	
reinstate-your-membership.info	
tracking-anpost.com	
atheasyw3btdcand.com	
voiceid.info	
cra-incomereview.ca	
canadapostaddressupdates.com	
managebnzauthenticate.com	
notice-g-s-t.com	
mobile-bnz.com	
nzpost-mobile.com	
telus.webid-1.com	
crpaytrans.info	
confirmnzpost.com	
autofill-returncra.online	
apayrenew-dashboard.com	
bcfb.report	
remitly-3398.co	
asb-onlinesecure.com	
parcel-nz5784903-nz-post.com	
securefilings3d.site	
post-can.info	
rishikeshyogaflow.com	
postcanstatus.info	
bell.secureadminsportal.com	
gvroftxcant.land	
asb-online-login.com	
asb-verify-trans.com	
anzid.online	
rbc-autodeposit.com	
nzpost-alert.com	
bawg-dienst.com	
postalausonline-id.com	
et-virements.com	
register-shield.com	
agence-revenu-deposit.com	
eflow-secured.com	
canpos23-poses.com	
update-eflow-ie.com	
www.manu-insrelief.online	
etransfer3e59b.online	
depdirect.online	
mn-refstx03.me	
eflow-service-fee.com	
eflow-online-queries.com	
arccadtax2023.com	
info-vali-taxref.com	
santander.r-e-f689272.help	
eflow-onlinepaytoll.com	
co-op.level3review.com	
eflow-online-charge.com	
appstoreuk.online	
www.membership-prime.top	
rbc-secure-login.com	
eflow-tollpayments.com	
www.myaccount-amz.top	
hst-txrtn.me	
update-mobileeflow.com	
www.prime-membership.top	
tetxrfndofoveriew.ca	
deliveryassistances-canadapost.ca	
ihvees.com	
postponecanadapost.ca	
parcelcanadapost.ca	
delivery-post-can.com	
canadaurntnotlce.pw	
metrobank-netlogin.com	
revofcad-benefit.online	
interacra.ca	
ordersign.ca	
canadianreveagency.com	
soctiadebitunlock.info	
freedommobile.ordersign.ca	
lh-v.live	
ca-postsmsnotice.com	
appleuk-wallet.com	
www.heal221.co	
deliveryschedule-canadapost.xyz	
www.my-amz-account.top	
indivi-dual-covered.info	
www.my-amz-account.one	
e-remittance44100.co	
e-remittance4410.co	
courrierpostsupport.com	
canada3postes.com	
redelivery-nzpost-co-nz.com	
ingbanking-login.com	
enableyouruserid.com	
asb-onlinesecured.com	
enablemyiduser.com	
www.scotiaverifunlock.info	
ejk-bdt4.click	
www.accounthelp-amz.top	
www.accounthelp-amz.one	
inf0-etransf.website	
scbc.report	
idcba-valid.online	
applepay-wallet-secured.com	
idanz.online	
https://bnz-failed-attempt.com	
bnz-failed-attempt.com/bz	
nz.post-update-date.com	
bnz-failed-attempt.com	
hydroqc.icu	
managebnzlogin.com	
mybank-verification.info	
personalkiwisupport.com	
swaz.lat	
bendigo-online-support.com	
inbox.nab-mobile.app	
gtqmetsclient76b2q1.ca	
osterreichische-ag.live	
anzvoiceid.online	
ing.is-by.us	
eflow-online-toll.com	
rbcroyalbanksecureportalnewagecrypto.com	
newagecryptoscotiabanksecuresignin.com	
care-notification.net	
rev-helpline.com	
ing-securebanking.dyndns-web.com	
anz-mobile.dyndns.biz	
anpost.paycustoms-charge.com	
www.gigadat-et.site	
santander.fix72633.help	
eflow-online-updates.com	
eflow-paymentqueries.com	
eflow-tollrepayment.com	
anpostdeliveryparcelfee.com	
etf397.click	
bt332.store	
ca39fpp.site	
gov-taxrefunds.com	
eflow-web-toll.com	
eflow-web-service.com	
feeseflow.com	
revofcad-benefits.online	
can-postsmsnotice.com	
eflow-portal-info.com	
auth-commbank-au.line.pm	
completing-steps.info	
ctrmoblclient87io89.com	
fecarcatx22fclient463et32.com	
transfix.online	
telus-1webid.com	
bellcredpay.info	
www.netflix-review.support	
etransf.info	
packagepcanadanotcomplet.com	
servicelogin-mygov.com	
nzpost-alertservice.com	
nzpost-info.com	
benefit.one-time-return.online	
nbcverifligne.xyz	
et-lnt.ink	
tx-refsrv.me	
helpmea-nz.com	
reschedule-post-support.com	
e2t11.fun	
anzid2.com	
asb.nz-review-hold.com	
04-interac.com	
ird-information-nz.com	
bendigo-onlinesecured.com	
refcadl.pw	
crataxretdepo-sit.ca	
tx-retrn.me	
mytx-retrn.me	
claim2mygov.com	
ing-securebanking.ath.cx	
nab.aiert-au.me	
www.nab.aiert-au.me	
aierts-nab.com	
nab-secure.ath.cx	
eflow-toll-supportupdate.com	
aib-alerts.co.uk	
anzid3.online	
eflow-queriesonline.com	
eflow-online-tollpay.com	
etf411.click	
etf412.click	
ie-eflow-toll.com	
ee-help-uk.com	
revolut.help-ie.com	
can-funding.com	
eflow-payatoll.com	
can-returns.com	
interac-services01.com	
rettransfer.info	
appleuk-verify.com	
gov.e-transferexpress.com	
et-depoform.com	
returnpro.info	
secured2d-return.site	
canadaurgentnotlce.sbs	
featuegbdcdo5s2.ca	
daymoledelvca3s2.ca	
et-virements-sl.com	
interac-cra-secure.ca	
govemt-acceptance03.com	
govemt-acceptance04.com	
govuk-energy-refund.com	
enableyouriduser.com	
mybell.one-time-services.online	
contributionreturn.com	
turinosmorelesso23.ca	
canada-postassistances.ca	
interac-e-transfer.online	
canadareveagency.com	
bnz.nzupdate.co	
inv-tcarf.com	
asb-onlinelogin.com	
your-returns3d.info	
applepayuk.line.pm	
asb.hold-review.com	
logintsb-nzsupport.com	
ptsb.confirm-secure.com	
loginwestpac-nzsupport.com	
et-virements-ca.com	
apple-billing.line.pm	
calexp.sbs	
interac.calexp.sbs	
bend-igoclient.info	
etf955.click	
mygov.hold-claim.com	
asb-support-assist.com	
ca-reviewslipgov.info	
applepay.hold-claim.com	
kiwi-review.com	
teluscustomer04.com	
nabcancelpayment.com	
gov-crefahk.com	
mygtpaym.info	
osterreichischetransport.live	
asb.cancelpayment.nz	
voiceid-enrol.com	
www.registermyportal.com	
online-asb.cancelpayment.nz	
canpost-postecan.info	
asbbank.ingaierts.com	
voiceid-enrol.online	
gst-cra-return.ca	
op-fi-net-co.in	
op-fi-net-co.cc	
bnzbank.ingaierts.com	
op-fi-net-co.com	
postcan-manage.info	
anpost.pay-customscharge.com	
myetransfer-mytelus.serveirc.com	
my-texgc.me	
mytexgc.me	
nab-pay.online	
review-anzcontact.info	
eflow-details-update.com	
anpost.connection-ie.com	
anpostcustomfeepackage.com	
eflow-tollrepayments.com	
interactref003204.com	
notice.irish	
etransf-cadrev.online	
etransf-cadgcserv.online	
eflow-tolls-online.com	
eflow-online-paytoll.com	
todentaatiedot.com	
et.interacprofile.com	
enregistrement-serviceavril.com	
eflow-tollpay-payment.com	
crataxreturn2023.com	
etf684.live	
eflowupdates.com	
anpost.parcel-customsfees.com	
mybell-manage.me	
eflow-web-charge.com	
confirm-eflow.com	
enableidfeatures.com	
cad-supprt-plan.sbs	
cra-alert.tr-cf.com	
reschedulepost1.com	
postelivraison-support.com	
canada1postes.com	
post-candeliverynotice.com	
update-eflowmobile.com	
anzid3.com	
entracotb.com	
intl-rctpyt31.com	
postcanada-canadaposte.manage-postcan.info	
crafundsetransfer.com	
online-eflowmobile.com	
delivery-postoffice.myvnc.com	
newagecryptoviacibcsecurebanking.com	
nbcverif.online	
bmo.en-lignesportail.com	
voiceid-enrol.link	
virements-ut.com	
asb.transfer-hold.com	
netbanking-westpac.com	
ctnssupportcntrecs.online	
svcadminca.online	
enrolment-revoked.com	
reqz.me	
info-mybell.me	
applyhere-et.com	
mypost-info.com	
fido-myaccountapp.ltd	
infowireless.help	
secure-p-a-y.com	
asb-secure-assist.com	
bnz.aualert.co	
dep0sit-2023tax.com	
bendigobank.line.pm	
www.e1t22.pro	
canrevnoti-1sc.com	
nzpost.aualert.co	
westpac-authorisation-pass.com	
cadpostdlvy82.com	
bendigo-bank.line.pm	
bendigosecure.line.pm	
asb-verify-tran.com	
asb-review-alert.com	
anpost.supporthub-ie.com	
reverifyasbnz.com	
cba2identify.com	
securedrbcroyalbank.ca	
bca-govfnd.com	
claim-registration.top	
claimregistration.top	
anzid4.com	
anz-taxinfomation.com	
bendi-review-sec-auth.com	
eflow-tolls-payment.com	
anpostdeliverydepot.com	
op-secured.com	
mobibnz.com	
tx-srvref.me	
my.relink-medi.net	
eflow-paymentfee.com	
my.update-info-portal.net	
toll-eflow.tech	
eflow-paytoll-online.com	
crataxreturn2022.com	
online-boi365-update.com	
ie-update-eflow.com	
verifiapple.ddns.net	
dbvva-errroob.online	
santambdeerr-esp.online	
alerts.ingmobileapp.com	
eflow-update.online	
updateconfirm-eflow.com	
deposits-funds.com	
anpost.parcel-customscharge.com	
uberverifi.ddns.net	
unclaimedemt.com	
interac.unclaimedemt.com	
govrefund-now.com	
eflow-tolls-charges.com	
crasecure-benefits.com	
apply-et.com	
remindcenter23.info	
canada-revenue-deposit.com	
royalmailsupport.com	
alert.remindcenter23.info	
r-b-c-error.com	
eflow-toll-charge.com	
ca-virements-ltd.com	
cangov.org	
reminder.remindcenter23.info	
notification.remindcenter23.info	
update.remindcenter23.info	
message.remindcenter23.info	
canada-ca.online	
anpostparceldelivery-fee.com	
citizengroceryaid.com	
interacs-emt.com	
retsprocess.com	
remindercent0404.info	
alert.remindercent0404.info	
reminder.remindercent0404.info	
notification.remindercent0404.info	
update.remindercent0404.info	
message.remindercent0404.info	
ping.remindercent0404.info	
buzz.remindercent0404.info	
prompt.remindercent0404.info	
signal.remindercent0404.info	
announcement.remindercent0404.info	
notice.remindercent0404.info	
memo.remindercent0404.info	
refresh.remindercent0404.info	
renew.remindercent0404.info	
upgrade.remindercent0404.info	
modernize.remindercent0404.info	
mybell-info.me	
td-signin.com	
bell.fibreupdate.ca	
fibreupdate.ca	
www.cangov.org	
account-westpac-info.com	
remindca0423.info	
bell.remindca0423.info	
bellmobile.remindca0423.info	
bellcanada.remindca0423.info	
bellmobility.remindca0423.info	
canada-postes.routeinfo.ca	
bellupdates.remindca0423.info	
mobile.remindca0423.info	
bellsecured.remindca0423.info	
mobility.remindca0423.info	
routeinfo.ca	
telus.identity-id1.com	
anz-shield.com	
wqz.bio	
www.heal221.pro	
desjardinsaffaires.com	
canadapost.prcl-wcrs-6543.com	
prcl-wcrs-6543.com	
primes-memberships.info	
www.gst-return-22.info	
neworiginalprime.com	
fido-wirelessrefund.com	
reverifyanznz.com	
rbc-gifts.com	
www.reverifyanznz.com	
rogrmobsrvc01.com	
banking.ingmobileapp.com	
compatibility-assoc.info	
alerts.ingbankau.com	
fraud.ingbankau.com	
postescanada.prcl-wcrs-6543.com	
anzid1.com	
nzpost-servicehub.co	
asb.supporthub-ie.com	
govtnzd.com	
applepay.transfer-hold.com	
shiw293arc4.one	
recipientloginnz.com	
canadapos-porta.life	
ausserv.info	
australiapost-tracking.com	
www.heal322.pro	
asb-verify-info.com	
cbaid1.com	
www.personal-verifyasbnz.com	
uber-gifts.online	
nzgovtrefund.com	
fastnet-secure.com	
applecare-check.com	
refunds1myato.com	
appleauwallet-check.com	
shorturl.at/cmup7	
applesecuredupdate.com	
nabcustomersupport.com	
apple-securityonline.com	
nab-securityonline.com	
self-serviceportal.info	
eflow-payment-online.com	
anpost.pay-customscharges.com	
ie-eflow-toll.net	
todentaatilisi.com	
quaterly-incentive.info	
eflowonline-service.com	
servc-ofcad-etran.online	
gvofcad-etran.online	
deposit-etransfer-interac.com	
totta.pt-cartoes.com	
eca334.me	
eca334.pro	
updateflow-mobi.com	
eflow-support.com	
co-op.reviewlevel3.com	
anpostdeliveryparcel-fee.com	
canadrapost.com	
selfservecai.com	
virement-tsc.com	
bbva.peronsas-view.com	
eflow-online-charges.com	
cranotlce.xyz	
auth-turbotax.info	
ire-eflow.com	
anpostparcelsdepot.com	
action-crapro.com	
entracca.com	
vahvistatietosi.com	
asistencia-bancaria-unicaja.com	
eflowonline-queries.com	
2023tx-retn.me	
2023tx-retrn.me	
www.canadapos-porta.life	
eflow-portal.com	
efloe-portal.com	
eflow-tolls-onlineupdate.com	
unsettledfunds.com	
u0be4r.com	
eflow-account-details.com	
interacpayments.com	
et.interacpayments.com	
missed-deposits.com	
etca334.pro	
expired-deposits.com	
deposit-expiry.com	
ie-eflow-update.com	
serviceintercca.com	
directsignin.ca	
freedommobile.directsignin.ca	
canada-post-reschedule-date.com	
desjardinsverification.com	
manageloginnz.com	
rbcbankbusiness.com	
www.tr-1ns2.pro	
cra-govqc.info	
alerts-mybell.me	
mycommsupport.com	
auspost-deliveryupdate.info	
asb-cc-nz.com	
support-care-centre.com	
snslqrsttryislw.ca	
anz-shield.info	
etrans-irterac.ca	
nzpostalert.com	
etrans-info.online	
apple.pay-hold-review.com	
gvcn-eaccepted.com	
servicemangenz.com	
gvcn-eaccepted01.com	
gvcn-eaccepted02.com	
public-refer.info	
sebgroupe-info.com	
op-fi-net-cc.com	
www.etransferofficial.ca	
op-fi-cc-net.com	
inbox-gov.org	
freedommb.online	
op-fi-mobili.com	
amazon-ca.unlock-portal.online	
eflow-webservice.com	
aaplepay.dyndns-web.com	
14interac.com	
vahvistatietosi.org	
onlineuserfe.xyz	
eflow-update-service.com	
ie-eflow-update.online	
online-eflow.info	
eflow-toll-updateonline.com	
interac.expiredtransfers.com	
interac-e-transfer.com	
interac-profile.com	
et.interacdeposit1.com	
eflowservice.com	
www.cira-et-assist.online	
interacrevenue.com	
ca-txserv.me	
toll-eflow-help.online	
activate-aibonline.com	
eflow-account-renewal.com	
etca470.pro	
prime-membership1880.site	
www.interacrevenue.com	
www.interacra.info	
www.log-arcacc-gc.top	
www.mobilereimburse.ca	
ie-eflow-fee.net	
hydro-qc.org	
co-op.securitylevel3.com	
freedmm.com	
www.accsupport-amz.link	
eflow-user-renewal.com	
royalbankbusiness.com	
ie-eflow.online	
www.servicemangenz.com	
cibcfraudalert.com	
etca601.in	
ie-eflow-toll.online	
helpme-anz.com	
lnterac-etransfer.com	
vm4377602.25ssd.had.wf	
bell.mobilereturnservices.com	
bnc.actionportail.com	
ie-eflow-fee.org	
idanz1.com	
verified-net-flix.info	
desjardins-affaires.com	
orange-ing.com	
cbaid2.com	
bnc.connexion-1.com	
disbursement.electricdeposits.com	
managewestpacnzid.com	
www.reupdatemyios-info.com	
rbc-business.com	
bnz-cc-nz.com	
asb.nz-hold.com	
www.postal-redelivery.info	
inbox.nab-banking.online	
bnz-authorisation-pass.com	
canadahousingbenefit.com	
hydro-quebec2023.com	
delivery-canadapost.myvnc.com	
postcanada-canadaposte.3connect.info	
3connect.info	
applepay-unsuspend.ddnsfree.com	
hydro-remboursement-quebec.com	
applepay.unlock-otp.com	
casupport-online.site	
help-aibonline.com	
eflow-fee.net	
eflowmobileonline.com	
eflowonline-services.com	
eflow-toll-serviceupdate.com	
ing-securebanking.unlock-otp.com	
climateactinc.ca	
service-transfer-ca.online	
nab-security.unlock-otp.com	
sup-paycad.sbs	
eflowservice-online.com	
apple-pay-support.co	
ie-e-flow.online	
anz-mobile.unlock-otp.com	
permanenttsb-open24.com	
ie-secure-eflow.com	
bizum-afirmar2613.help	
canadahousingbenefits.com	
ie-eflow-help.com	
3094breferencepnc.com	
authpncref3094.com	
3094breferenceauthpnc.com	
3094bpnc.com	
authpnc3094.com	
authpncrefernce3094.com	
3094brefpnc.com	
interactmycraref025940.com	
0td-easyweb.com	
eflow-member-update.com	
enableuserid.com	
aib-activate-online.com	
interacfundscra.com	
rbc-verify.com	
post-candelayalerts.com	
tracking-primemembership.site	
nzpost.myftp.biz	
frdm-service.com	
2023grocerycredit.com	
10easyweb-td.com	
amznupdteacces-ref19.com	
co-op.enablelevel3.com	
freedomgloblive.com	
auspost-redelivery.line.pm	
etid938.pro	
eflowsystemupdates.com	
www.release-postaus.info	
enableyourid.com	
asb-online-updates.com	
www.fed-pollution.center	
virements-et.com	
verify-appleid.org	
my.update-portal-info.net	
mygov-login.org	
comm-verifydetails-nb.com	
www.ausapple-verify.info	
aierts-ing.app	
ingsecurity-au.viewdns.net	
instagram.onlineleakss.com	
commbank.unlock-otp.com	
i-eflow-help.online	
cad-et490.me	
login-mygov-inbox.com	
sprerevr.com	
eflowonline-secure.com	
eflowonline-charges.com	
canada-tax-payments.com	
www.verification-postnord.info	
benefit-etran-cadrev.online	
nzpostco-nz.viewdns.net	
can-postdelayalerts.com	
authenticate-aib-online.com	
dnskeher.com	
routeonline0408.info	
eflow-tolls-onlineupdates.com	
3easywebtd.com	
ca-et669.me	
transferca339.pro	
restoreiduser.com	
bmo-login.net	
virements-can.com	
postdirec.info	
refundscanada.website	
wgp-hydro-quebec.com	
canadapost-eta.com	
apple-secure-portal.com	
desjardins.ca-enligne.com	
etransferca908.pro	
calapplication.info	
bmo.calapplication.info	
comm-verifydetails-au.com	
4easywebtd.com	
mygov-id.org	
apple.pay-au-hold.com	
deliveryupdate.online	
secure-interac-cra.com	
commbank-service.com	
e-flow-online-service.com	
crainteracgov.com	
asb-alert.ddns.net	
applepay-wallet.unlock-otp.com	
eflowsecure-online.com	
ing-help.app	
ib-kiwibank.ddns.ent	
ib-kiwibank.ddns.net	
rev-online-update.com	
online-interac3345.pro	
interacetransfer3765.pro	
eflow-toll-paymentsupdate.com	
moeybancoservicos.com	
smsnoticeca-post.com	
help-commbank.app	
payatoll-eflow.com	
restoremyiduser.com	
5easywebtd.com	
help-commtech.com	
eflowonline-charge.com	
netflix.helpcentre-1.com	
onlineroute0423.co.uk	
interaconline6557.pro	
etransferinterac3499.pro	
eflow-pay-toll.com	
lnteracserviceca.com	
tracking-canadapost.site	
verify-asb-nz.com	
intrasw.com	
auth-mygov.com	
wallet-apple.org	
asbaccountonline.com	
tracking-canadapost.website	
climateactionontario.com	
canadiansrevunes-online.com	
asb-update-nz.com	
post-canada-reschedule2023.com	
www.tax-interrgov.ca	
wgp-amazoninc.com	
verifcaisse.xyz	
www.bendigobank-support-activity.com	
managewestpacaccess.com	
taxrefund-mygov.com	
online-asb-update.com	
canadarevsecure.ca	
asb.devicealert.co	
help-netfiixca.info	
depospending.com	
suncorp-network.net	
notmebendig.com	
aaplan.info	
tracking-canadapost.tech	
tracking-canadapostal.site	
suncorp-network.line.pm	
7easywebtd.com	
applesuspension.com	
wgp-prime.com	
applepay-removal.com	
asbauthorise.com	
mygov-review-auth-sec.com	
anz-mobilebanking.unlock-otp.com	
nzpost.ddns.net	
asbcustomerportal.com	
interaccra.com	
infoanz.online	
enline-soportebbva.com	
ie-eflow-toll.info	
boi365-online-service.com	
paytoll-eflow.com	
alert-commbank.xyz	
1canadapostes.com	
eflow-tollpayment-update.com	
eflowfees-online.com	
servtx-capw.me	
e-transfer-3551.pro	
interac-online3341.pro	
restoreyouruserid.com	
caservtx23.me	
www.bellgetmyfund.ink	
canadapost-updateaddressclient.com	
desjardins-verification.com	
mobileire-eflow.com	
ca-postliveupdates.com	
costco-reward-members.ca	
costco-bonus-reward.ca	
etransf-deposit.ca	
eflowonline-mobi.com	
deposits-id.com	
canadiansafeweb.ca	
canada-revenue-payments.com	
rogrspytbill91.com	
eflow-security-service.com	
8easywebtd.com	
bell-customer.com	
wgp-hydroquebec.com	
rogrsmobilepay-ref7.com	
canadapost-tracking.site	
canadapost-tracking.website	
statement-bell.online	
canada-auth-disable.info	
webroute0407.co.uk	
dhl.tracking9124912.com	
kundservice.info	
business-rbc.com	
secure-westpac-account-online-auth-page.xyz	
restoremyuserid.com	
restoremyidfunctions.com	
139.99.192.138	
statement-bell.ca	
taxreturn.ltd	
notice-g.com	
activetesting123.com	
securenabonline.com	
manageanzaccessid.com	
return-mybell.link	
asbnotme.com	
infoalerts.calapplication.info	
gateportal-serv30.com	
deliveryupdate.info	
service-te-lus.online	
deposi-etran-ca001.online	
applestoreuk.net	
netflix-payment-portal.com	
www.delayed-deliveryau.info	
interacetdeposit.com	
www.rbcanada.ink	
myasb.support	
mytelus-etransfer.serveirc.com	
moneymart.app	
irdmygovt.com	
nab-alert.net	
my.client-portal-secure.com	
pv-cr.com	
etransfer-deposit.pv-cr.com	
interac-notice.pv-cr.com	
gigadat-myetransfer.serveirc.com	
apprevolut.live	
validation-rbc.com	
op-fi-mobili-net.com	
securenabadmin.com	
www.bendigobank-customerservice-support.com	
secure-anz-auth-page.xyz	
mycommonwalth.live	
bendigobank-customerservice-support.com	
op-mobili-fi.com	
www.bendigobank-customerservice-support.com/bdg	
m8ta.cloud	
toll-e-flow.tech	
op-mobili-fi.net	
mycomm.secure-helpdesk.net	
www.apple-securityonline.com	
applesecurity-online.com	
www.applesecurity-online.com	
eflow-tolls-paymentupdate.com	
www.apple-security-online.com	
apple-security-online.com	
eflow-paytoll-homepage.com	
www.bit.ly/deposit-qc-gouv	
e-flow-system-update.com	
eflowonline-support.com	
postnordshop.com	
postnordpakker.com	
securecaiportal.ca	
2-easywebtd.com	
securityauthuk.com	
aib-online-authentication.com	
informacija-lumi.it	
orderdetails-canadapost.com	
apple-ie.com	
an.post-reschedule-slot.com	
applemobi-ie.com	
depositsfunds-id.com	
anpostcustomcharge.com	
db.privatkunde.live	
canada-revenue.info	
desjardins-verif.com	
e-transfdeposit.ca	
nzpost-aiert.ddns.net	
myaccount-alectra.com	
posytca1-wsa.ddns.net	
apple-securityonline.com.	
nzpost-alert.viewdns.net	
mysecurebrowser.ca	
www.shortnoricenz.info	
asb.nz-transfer-hold.com	
customerinvoiceinfo.online	
adminrtservice.us	
remove-voiceid.link	
dep0sit2023cra.info	
asb.nz-fastnet.com	
reports-tax-inbox-gov.org	
login.nz-fastnet.com	
aus.post-slot-scheduled.com	
interacpayment.online	
auspost-redelivery.support	
federcaissepopulaire.xyz	
www.postecan.online	
www.canposte.online	
bendigobanksupports.com	
netflix-payment-dashboard.com	
emt-deposit.pv-cr.com	
aus.post-delivery-date.com	
verify-billinginfo.online	
ing.secure-helpdesk.net	
www.onlinetransfer-sent.ca	
et.interac.8cs2kwo32.com	
mygov-inboxalert.com	
eflow-due-payment.com	
tollm50-e-flow.online	
nab-verify-activity.com	
reauthenticate-aib-online.com	
mobiaibonline.com	
eflow-onlinesupport.com	
verify.secure-commtech.com	
ptsbsystemupdates.com	
eflow-homepage-paytoll.com	
verify-ie-eflow.com	
nomobilbankid.com	
eflowonline-payments.com	
danskeprivatkunde.com	
onlinewallet-secure.com	
signindirect.ca	
eflowonlinesecurity.com	
cragencgrants.com	
op.avainlukuiista.net	
op.avainlukuiista.com	
etonline884.me	
etsecured993.me	
desjardinsverif.com	
reactivateapple.store	
co-op.2fasecure.online	
onlineaib-authentication.com	
eflow-payonline.com	
anz-mobile.ddns.net	
telus.identity-pay.com	
support-revolut.co	
centreserivcesexpo.info	
ie-eflow-fee.info	
et-intdep286sh.com	
e-virements-ca.com	
registr-commwealth.xyz	
netresolutionpay.com	
9easywebtd.com	
eflow-due-toll-payment.com	
crevdemand.com	
eflowpaytoll.com	
deposit-details.pv-cr.com	
hydroqcverify.xyz	
livraisonsupportservices.com	
funds-id.com	
netpaymentissues.com	
canada-postalassistances.ca	
interac.one	
aib-online-helpdesk.com	
www.ciragrants-et.support	
www.apple-securityupdate.com	
verification-banking.com	
svcadminca.ink	
c-r-adep0s1tgst.xyz	
caddrop-off.info	
ca-smspostreminders.com	
www.return49534.com	
e-1interac.online	
svcportalca.site	
ca-etransf3rpage.info	
verifuber.info	
6k1r3s.com	
gouv-lnteracservices-auth.6k1r3s.com	
gouv-deposit-auth.6k1r3s.com	
etransfdeposit.ca	
gstinteracportal-gov.ca	
www.nzpost-verify.info	
transfer-emt.info	
ellevest-monthlysubs.ca	
etransonline-confirm.com	
asb.nz-registration.com	
msgfor.info	
bendigo-onlineupdates.com	
irdmygovt.co	
deactivate-voiceid.com	
inetanz.com	
interac.zone	
nabsecure-access.com	
bendigobank-details-safety.com	
eflowtollupdates.com	
ntfxmonthly.ca	
commbank-details-safety.com	
update-asb-co-nz.com	
nzpost-support.com	
commonwealth-update.cloud	
virgin.msgfor.info	
interacpy.online	
banking2anz.com	
interascapay.online	
netflixau-update-billingportal.com	
interaxca.online	
banking3anz.com	
deactivate-voiceid.online	
deactivate-voiceid.info	
regisr-cooperative.info	
cba3payments.online	
op-fi-cc-mobili.com	
op-mobili-fi-in.com	
anpost-ie-postalfee.com	
chsaase.top	
restore-aib-online.com	
eflow-tollpay-online.com	
e-flow-toll.com	
e-flow.info	
6easywebtd.com	
eflow-tollpay-homepage.com	
secure-cragency.online	
autoscout-24-verification-bawag.xyz	
autoscout-24-verification-erste.xyz	
www.can-poste.online	
autoscout-24-verification-raiffeisen.xyz	
autoscout-24-verification-austria.xyz	
pay.rev-profile.com	
cra-payment.online	
etca865.pro	
www.ontaxmess.info	
eflow-onlinesecured.com	
ie-eflow-data.com	
interacca.com	
ontaxmess.info	
astr-autoportal-at.xyz	
backamericasiteweb.art	
rffsn-autoportal-at.xyz	
bwg-autoportal-at.xyz	
rst-autoportal-at.xyz	
bmo.session-enlignes.com	
www.transfcan.ink	
mobilbankidno.com	
sl-em.com	
etransfer-notice.sl-em.com	
etransfer-deposit.sl-em.com	
parcelfeeanpost.com	
secure.royalbank.client84.com	
mailforwardingca-post.com	
deposit-details.sl-em.com	
ca-taxcredit.ca	
179.43.142.74	
www.amz-secure.one	
www.secure-amz.one	
managependingdeliveryid.com	
www.secure-amz.top	
irdgovt-return.co	
www.supportaccount-amz.one	
cra-deposit-tax2023.info	
appverifynetflix.com	
rbc.login-app1.com	
ca-postreschedule.info	
nab-secureaccess.com	
crapayments.ca	
deregister-shield.info	
deregister-shield.com	
rbc4business.com	
deregister-shield.online	
secure-rbcroyalbank.com	
nzpostmobi.co	
manageyourdeliveryau.com	
canadaposte-post.cc	
www.canadaposte-post.cc	
netflix-billing-verification-au.com	
appleauwallet-verify.com	
post-nord-update.info	
www.post-nord-update.info	
regisr-bva.xyz	
eflow-toll-support.com	
op-mobili-fi-cc.com	
op-mobili-fi-co.com	
app-n26.com	
help-i-e-flow.tech	
tax-benefits23.me	
taxbenefits23.me	
eflowonline-payment.com	
login-scotia.linkpc.net	
et-virements-can.com	
epaypaying.com	
scp-aus.link	
eflow-paytoll-service.com	
interaccca.com	
rev-verify-ie.com	
eflow-onlinetollpayment.com	
ie-rev-login.com	
rebatereturnt4.online	
securecra-interac.ca	
verifications-desjardins.com	
reauthenticate-aib-service.com	
mobilnobankid.com	
enableiduser.com	
ie-eflow-login.com	
iehelp-e-flow.tech	
gsthst46interacportal-gov.ca	
postescanada-prcl.sk-6g3t9.com	
bnz-auth.com	
restoreyouriduser.com	
crainterac.com	
e-alerts.me	
cairetservices.ca	
gstc-otb-payment.ca	
i-nte-ac-w1.cloud	
rogsmobpaye1.com	
n0tfy-com-dep.com	
albertaaffordability-depositform.com	
nab-remove-payee.com	
mycomm.support	
atb.login-identity.com	
telscrdtretrn.net	
electricdeposits.com.	
redi-livraison.fr	
gouv-info-efraction.com	
cra-benefitsrefundswallet1.com	
irdgovt-nz.co	
delivery-redirect-postal-au.com	
atb.identity1-auth.com	
wgp-mobilefunds.com	
remit-mybell.me	
idauth-apple.com	
my-au-gov.org	
avisdelivraison-postescanada-prcl.r1w4s.com	
postecanada-prcl.r1w4s.com	
postescanada-colisexpress.r1w4s.com	
r1w4s.com	
mysantander.org	
op-mobili-fi-io.com	
bell-deposit.et-rn.info	
et-rn.info	
bell-notice.et-rn.info	
mybell-refund.et-rn.info	
mybell-notice.et-rn.info	
rogrsmobilsprt.com	
eflowqueries-online.com	
gstc.one	
interacdesposit.com	
retourimpot-refund.com	
postescanada-livarisonexpress.r1w4s.com	
bell.electricdeposits.com	
interapynt.com	
login-rbcroyalbank.com	
www.cadntflx.ink	
pulsarpaydirect.com	
cra-interacdeposit.com	
ontinterac.info	
www.ontinterac.info	
e-flow-fee.com	
e-flow-toll.net	
instagram.drawoutleaks.com	
driverupdatesca-post.com	
eflow-acc-payment.com	
e-virements.com	
taxgovpay-gstc-otb.com	
bmo.enligne-app.com	
bellrefund.me	
ccb-deposit.et-rn.info	
reactivateiduser.com	
req-et-14a233e.com	
uk-rev-login.com	
bell.onlinetfsdeposit.com	
bell.portaltfsdeposit.com	
adminpaytls.us	
als.svcadminca.ink	
e-flow-toll.info	
cwbenefits.org	
trust-in-come.info	
1verifyloginbmo.ca	
e-flow-toll.online	
manageanzauthid.com	
fido-webpage.com	
asbco-nz.com	
www.personalinterac.info	
personalinterac.info	
ccb-deposit.et-bf.live	
txportal2023ca.me	
inbox-mygov.com	
login-mygov.online	
secure-anz-account-audit-auth-online-portal.xyz	
apple-verifyonline.com	
particulares-santandr-pt.info	
deposit-crainterac.com	
aplle-sport.shop	
banking3cba.online	
eflow-acc-service.com	
eflow-online-account.com	
eflow-serviceonline.com	
wallet-suprtaple.ovh	
e-flow-toll.org	
eflow-toll.org	
op-fi.org	
ie-e-flow.com	
app-wlt.website	
misantander.org	
enable-iduser.com	
pay-virements.com	
etfinterac.org	
cadgov.online	
an.post-moneyservice.com	
help-caservtrans.cfd	
bankingcba1.online	
craservicesignin.com	
caiprocess.info	
schedulerevisionscan-post.com	
ca-int-secure.online	
alert-ato.com	
svcpagehome.cloud	
mainaccount.online	
www.mainaccount.online	
aapdeposit-plan.info	
my3userdetails.com	
wgp-hydro-quebecinc.com	
admincomtls.online	
reactivation-walletpay.com	
virementsdeposit.com	
nzpostservice.co	
www.myaccount-alectra.com	
au-postal-redelivery.com	
bankingcba3.online	
interacdesposit.ca	
uspa3.xyz	
direct-postal-redelivery-au.com	
myausreturn-net.com	
dep0sitnow-2023.com	
interac-housing.ca	
help-caservonline.sbs	
interacetranfercanada.com	
auspost-start-via.com	
banking1anz.online	
navyfederalcustomerservice.site	
mail.mail-uxps.xyz	
tdonline-emtsent.ca	
www.tdonline-emtsent.ca	
track-redelivery-postal-au.com	
onlinetransfer-sent.com	
nab-clientlogin.com	
aupost-redeliver-dashboard.com	
tax2023.me	
tax-2023.me	
eflow-toll-deadline.com	
mainaccountpage.com	
op-fi-io-mobili.com	
interacgold.com	
infmcn-box.es	
eflow-update-details.com	
mainaccountpage	
sebmobilusis.com	
help-ef-toll.tech	
anpostcustomfeeparcel.com	
help-e-flow.online	
canadian-incentive.ca	
urlxsdwa.com	
urlgfks.com	
uptoinf.one	
op.fi-mobi.com	
cra-deposit.et-bf.live	
an.post-start.com	
accept-deposit.online	
reschedulesupport.com	
expresslivraisonservices.com	
eflow-webpayment.com	
telus.ca1-identity.com	
post-nord-custom.com	
deposit-notice.et-bf.live	
post1canatoday.com	
sup-caservonline.sbs	
deposit-details.et-rn.info	
signwireless.ca	
freedommobile.signwireless.ca	
etpaydirect.com	
canpostserv.com	
mycrainteractref093501.com	
desjardins-secure.com	
missedtransfers.com	
taxreturn-notice.rg-et.live	
canadapost-express-auth.r1w4s.com	
canadapost-deliveryreport.r1w4s.com	
bmo.1login-appca.com	
return-details.rg-et.live	
transfer-note.rg-et.live	
money-detail.rg-et.live	
colisexpressca.com	
secure-notice.rg-et.live	
confirm-parcel-nzpost.com	
data-secure.rg-et.live	
verifdesjardins.com	
et-interac.ca	
ccb-deposit.rg-et.live	
au-applewallet-care.com	
e-transfercredit.com	
transferpays.org	
wpg-hydroqc.com	
tracking-4849890-parcel.com	
atb.ca1-identity.com	
my-asb-fastnet.com	
bellpay.one	
cra-tax-deposit2023.info	
scotia-accessreset-policyca-gov.com	
taxrtrnca2023.me	
et.interactransfers1.com	
et.interac-e-transfers.com	
aunoticeservices.com	
paym.one	
support-care-centre.online	
inbox-mygov.link	
loading-portal.com	
interacdepositt.com	
retourimpotarc.com	
web.care-support-centre.com	
mycrgc23.me	
crgcc23.me	
eflowonline-toll.com	
lhv-portaal.com	
a-supports.com	
eflow-web-payments.com	
se-etnt600-rsc.com	
rbcsignin.cc	
eflow-toll-payservice.com	
oneconnects.ca	
urlsdfow.com	
urlyhadw.com	
eflowpay-toll.com	
transferontario.info	
www.transferontario.info	
amazon-fees.com	
transfers-tts.com	
transferonline-sent.info	
climatesactcanada.com	
www.webroute0407.co.uk	
verify-billing.info	
eflow-setting.com	
e-transferca.com	
bell.online-electricdeposit.com	
bell.tfselectricdeposit.com	
mybell.online-electricdeposit.com	
govcan.electricdepositportal.com	
govcan.onlinedisbursement-ca.com	
bell.servercadeposit.com	
mobilerefport.site	
tlsonlineref.cloud	
intrecar.com	
se-cur-tran-pyment.duckdns.org	
bell-etransfer.me	
bmo.enligne-id1.com	
incomdepo-seclert.info	
intrcgv000svc.ca	
bmo.clientlogin-app.com	
www.transfcad.ink	
interac-emts.com	
paydirect-et.com	
mycrainteractref093501.ca	
telus.myidentity-id.com	
loading-portal-successful.com	
bmo.access1login.com	
anzid-voice.online	
netcodeid-validate.online	
1loginbmo.ca	
nztxx-refuunnddd.click	
australiamail.org	
return-crafill.com	
anz4-voiceid.com	
canadapost-tracking.store	
cancel-bnz.com	
securecommsupport.com	
wpg-payfees.com	
verify-billinginfo.info	
mailaustralia.org	
cataxrtrn.me	
bmo-validation.com	
emtonline-ontario.ca	
www.emtonline-ontario.ca	
bmo.loginid-ca.com	
anz3-voiceid.com	
delivery-direct-postal-au.com	
netflx.vip	
mail.netflx.vip	
www.netflx.vip	
taxretrn2023ca.me	
westpac4-validate.com	
westpac3-validate.com	
aus-post-trackid.com	
auspost-redeliver-parcel.com	
op-mobili-in-fi.com	
eflow-tolls-support.com	
eflowcharges.com	
authscotiaonline-scotiabank.com	
eflow-pay-a-toll.com	
alb-ie-security-update.com	
urloysdw.com	
urlrqoiw.com	
anpost-custompackage.com	
eflow-update-billings.com	
eflow-acc-toll-payment.com	
directpay-et.com	
mygov-atoreturns.info	
ie-eflow-auth.com	
help-i-e-flow.site	
www.identity-handelsbanken.info	
mychseids.verbosas.sa.com	
ietoll-e-flow.tech	
bmo.mylogin-id.com	
taxreturn.pw	
amzn-support.com	
et-cradeposit.ca	
telus.mobility-app.net	
revnterac.com	
aib-update-service.com	
etfr-req-28a84.com	
sec-depo-intr46-cra.duckdns.org	
santnder-ajuda.com	
mybell-adjust.me	
dhl.delivery-ca.com	
cr-goveaccept-et.com	
spotify-update2023.com	
restrictedsptfy.ca	
ca-post.online	
bmo.mobile-1app.com	
interac-housing-help2023.com	
helptech-e-flow.site	
spotify-payment.org	
takeaction-e-flow.online	
bnc.login1-wb.com	
cr-goveaccept-et01.com	
helptech-e-flow.com	
0notice-c-r-a.com	
rbcroyalcanadanow.com	
intdutiefees-dhlapp.com	
approve-bnz.com	
approve-bnz.info	
amzonsupport.net	
paydirect-sft.com	
dhl.delivery-1.com	
nab-securityalert.com	
irdreturn-govt.co	
auspost-parcel-redeliver.com	
applepay-device-update.com	
aus.post-result.com	
netflixsecureyouraccounts.com	
telus.identity-m1.com	
apple.refresh-wallet.com	
ontario-incentivebenefit.ca	
www.ontario-incentivebenefit.ca	
redirect-onlinedelivery-postal-au.com	
santander-ajuda.pt	
auspost-assistance.com	
onlinetransfer-sent.services	
aus.post-locator.com	
dhl-reschedule2023.com	
scwb.work	
tinyurl.com/eum3rbhu	
bcsrv.online	
tx2023caretrn.me	
servtxca23.me	
noticeservices.com.au	
op-mobili-fi-net.com	
canedrapost.com	
mygov-atotaxrefund.com	
three-technical.com	
eflow-tollpayments-online.com	
revolutverifyauth.com	
royal.mailfees.com	
eflow-acc-tollpayment.com	
resolution-mybell.me	
urlfuwaf.com	
urlsqodw.com	
my-scotiaonline.com	
aib-onlineservice.com	
help-chat-deposit.live	
www.mailupdate.org	
eflowtoll-online.com	
anpostcustomdeliveryfee.com	
housing-help-deposit.com	
icbcdepocustomer-3439004.info	
www.cpstatuses.ink	
assistanceprovicialcomplete.online	
postag-umplanen.com	
dhl-reschedule2023.info	
incom-auc-3.com	
5sc3k.xyz	
accesd-web1-desjardins-auth-csh.5sc3k.xyz	
accweb1-accesd-dejardins-authentification-app.5sc3k.xyz	
refundcanada.click	
albertaaffordability.life	
iehelp-tolleflow.tech	
io-m50e-flow.com	
telus.bill-id1.com	
nationalaustclosed.com	
pendinginteract.net	
req-etfr-134a2e.com	
rev-ireland-auth.com	
ca-cibcnotifications.com	
accountriskmanagement.click	
albertaaffordabilityplan-depositform.com	
interacsupport.com	
ie-three.tech	
my-telus.info	
mobileofsupport.site	
myfido-login.ca	
et-depositcra.ca	
my-rogersonline.com	
tax-return-gov.ca	
rbc.canadaweb-id.com	
wps-payfeesinc.com	
redirect-info.et-cb.live	
gouvqcretourdimpot.com	
delivery-redirect-postal-nz.com	
govdeposit.com	
auth-detail.et-cb.live	
lnterac-housing.ca	
nzpost-serive.com	
my.client-medi-relink.net	
my.medi-relink-info.net	
totta.reveja-cartoes.com	
app-mygovid.com	
signin.et-cb.live	
secure.tl-url.live	
compensateuser.info	
nzpost-onlinehelp.com	
service-support.tl-url.live	
rbcvalidation.com	
onlineroutes042023.co.uk	
appleau-checkwallet.com	
funds-approval.tl-url.live	
bmo.login1client.com	
ccb-deposit.tl-url.live	
telus.login1clients.com	
auspost-reschedule-parcel.com	
aupost-parcel-reschedule.com	
netflix-can.com	
td.easy-accessid.com	
netflix-verfication.click	
commbankinfo-verify.com	
applepay-verify-device.com	
dhlpendingpkg.com	
inbox-services-mygovau.org	
mygov-medi-relink.org	
apple.pay-activate-wallet.com	
aib-online-system.com	
cba1-validate.com	
suncorp-secure-account.com	
netflix-can.ca	
spotify-assist.com	
seb-se.com	
amazonacs.com	
atpostgebhur.com	
noticeservice.com.au	
etdirect399.me	
my3billsupport.com	
securepayer334.site	
aib-onlinetransaction.com	
gcadepositsecure-cra.com	
bitpay445.me	
eflow-tollcharge.com	
deliveryassistance-canadapost.com	
int-crapayment.ca	
dsk.bg-online.top	
canadapostasistance.ca	
tx-careop-notice.com	
virgin.smsfor.info	
smsfor.info	
anpostcustomsireland.com	
anpostdeliverycustomfee.com	
aib-onlinerefund.com	
etpaydeposit.com	
in-depo-ref.com	
et-crareturn.ca	
wsp-hydroqbec.com	
e-nteracgov.info	
post-ca.online	
tlsonlineref.live	
ie-help-e-flow.site	
chaseid.servep2p.com	
managemyasb.com	
caissepop.online	
www.managemyasb.com	
managemyasb	
dhl.live-trackid.com	
help-chats-deposit.cc	
refundacc.com	
cad-housing-benef.info	
telus.client-identity.com	
www.cpxpress.ink	
aus.post-mobi-parcelhub.com	
ird-govt-alert.com	
reschedule-mypackage-online.com	
interaccadeposit.com	
interac.billing.info	
interac-bling.info	
interac-billing.info	
aib-onlinepersonal.com	
mainaccountservice	
updategovinfos.com	
op-fi.eu	
eflow-roadtoll.com	
aib-authenticate-login.com	
krss.online	
anpost-missedparcelref.com	
anpostcustomdeliverycharge.com	
www.helpbell.net	
directifreedom.info	
canpaydep.info	
ktpay.info	
ttspay.info	
freedom-deposit.com	
e-transf.info	
appleau-update.com	
www.paidflix.ca	
deposit-interaccra.com	
bm0service.com	
devolks.com	
ie-eflow.org	
my3-billsupport.com	
my3accountdetails.com	
revenue-eire.com	
stir-rinse-authne.duckdns.org	
telus.myclient-id.com	
aib-securepersonal.com	
customanpostdeliveryfee.com	
caip.fund	
cadpostupdtev5.com	
managemyas.com	
enableid-user.com	
scheduleupdatecan-post.com	
eflow-system-update.org	
albertaaffordabilityplan-applicationform.com	
restorespo1ify.com	
canadapost-postecanada.net	
deposit-n0w2023.com	
govvv-txx-refuuddd.xyz	
arc-retour2023.ca	
emt-cadgv.online	
revenuegov.info	
update-applepay-device.com	
info-verifybilling.online	
my-govservices.org	
boitermsnconditions.com	
interac-bling.top	
onlinetransfer-sent.online	
netflixau-review.com	
arcdepositsecure-cra.com	
apple-wallet-verification.org	
telus.clients-id.com	
lnterac.caip.fund	
onlinetransfer-sent.support	
canadapost-tracking.online	
apple-support-security.info	
lntrarc.com	
update-apay.com	
fidosupports.com	
retail-gov.com	
auth-anz-secure-online-au.com	
cra-etransfer.ca	
deposit-cra-tax23.info	
review-client-inbox-gov.org	
info-billingupdate.online	
appleteam.info	
auspost-customs-release.com	
aib-personal-update.com	
einstellung-erste.com	
wallet.val-profile.com	
revlout-access.com	
aibsupportservices.com	
auspost-secured.com	
onlinepermanenttsb.com	
eflowtoll-charge.com	
conti-authn-depp0-drop.duckdns.org	
housing-canada-deposit.com	
my3reviewaccount.com	
aib-securerelogin.com	
fido-canada.ca	
depositvialinks.com	
direct331.me	
insta342.pro	
r0y1al-reference-atten.duckdns.org	
revolut-account-alert.com	
etranfersvialink.com	
interactransfers.site	
op-fi-finland.net	
re-attempt-dhl.com	
telus.reviews-app.com	
frps.online	
interac-house.ca	
eflow-toll-alert.com	
eflow-tollaccount.com	
govca.billingdisbursements.com	
reschedulecanadapost.com	
rebookrefcad.com	
dhlexpress.website	
int-etransfer244.ca	
canmeeting.ca	
reschedule-parcel-canada.com	
childbenefitdeposit.com	
jpps.online	
returnref.info	
interac-housingbenef.info	
del-importduty001.info	
mychaseids.worldfashionstrend.com	
the198.store	
prime-francais-cancel.online	
telus.moncompte-payment.com	
rogersmobilehelp.com	
revnterac.info	
tracking-hd007839466nz.com	
mybellcanada.com	
interac-refundca.com	
mynetflix.markhinvestments.com	
servicemanageasbid.com	
telus.info-idupdate.com	
bellsupport.me	
auspost-parcel-portal.com	
auspost-parcelalert.com	
onlineroutes0423.co.uk	
auspost-parcelcheck.com	
cra-etransfer-secure.ca	
l0gin-sp0tify.com	
update-billingonline.info	
arclnteracsecure-cra.com	
my.relink-client-medi.net	
cba9.online	
canadapostfees-app.top	
service-hydroqc.com	
e.flow-settings-update.com	
www.bellsupport.me	
eflowsecureonline-service.com	
signature-canadapost.ca	
aib-personal-login.com	
bellsupport.cc	
amazon.frps.online	
www.amzsupportcenter.link	
www.pcordeerfxl.site	
anpostcustomfee-package.com	
www.postcansupport.net	
applehelp.services	
op-asiakaspalvelu.digital	
acceptcracangov.com	
servicescharge.com	
interac-deposit.tl-url.live	
dpss.online	
eflow-tollway-homepage.com	
eflow-myaccount-details.com	
cra-depositinterac.com	
onlinetransfer-sent.finance	
deliverysupportanpost.com	
paysmgt.org	
cra23-tax-deposit.info	
www.cadagencyrvnue.ink	
eflowtollsupport.com	
support-cancellationteam.com	
arcquebec.com	
retour.arcquebec.com	
etranfers-pay.com	
pcordeerfxl.site	
govatmine-online.com	
cracceptgo.com	
svcpagehome.site	
mbsvcnet.online	
my-govlogin-au.com	
cadpost-ref6.com	
mynzpost.co	
valid-banking.com	
canada-rbc.com	
cibcbanksonline.com	
bmoenligne-mescomptes.com	
e-govauth.com	
revenue-account-info.com	
setbm-orefauth.com	
albertaassistance.life	
ap-renewonline.com	
applepay-devcheck.com	
redelivery-auspost-support.com	
neftlix.xyz	
govcan-deposit.ca	
interac.uno	
primemembership.net	
acepaiement-gov.com	
comm-help-security.com	
wsp-managefees.com	
spotifypremiumca-en.com	
delivery-auspost.link	
albertaaffordabilityactionplan.com	
bell-data.com	
nzpostupdate.com	
interac-deposit.cr-et.live	
bnc.moncompte-modalite.com	
onlineweb0423.info	
auspost-depot-release.com	
dep0sit-can2023.com	
posytca0-tsa.ooguy.com	
ato1myrefund.online	
bendigosupports.com	
royalbank-business.com	
nabsecurity.info	
apple-iosupport.com	
myservice-inbox.com	
auspost-parcel-department.com	
eflowonline-secured.com	
secure-mywallet.com	
track-hg097836nz.com	
aib-recent-transaction.com	
my.client-user-secure.com	
eflowmotorway-toll.com	
aib-login-authentication.com	
eflow-carpayment.com	
efllow.com	
en-trsecu-anth.com	
uptoinf.bond	
update-eflowtag.com	
www.accountmanagement.top	
interac-benefit.ca	
opfi-finland.com	
www.myaccountsupport.one	
eflow-accpayment.com	
bttransfer.info	
eqtrans.info	
mybcpay.info	
paytransbc.tech	
eflowalert.com	
apply-billing.info	
eflowonline-supported.com	
www.candelivery.ink	
eflowtollpay.com	
anpostcustom-deliveryfee.com	
artsure.top	
telus.policy-reviews.net	
eflow-motorway.com	
controlmyasbnow.info	
eflow.services-ie.com	
hydro-quebec.me	
lnterac-etfr38a14.com	
int3i-approval.info	
e-serviceon.com	
eflowtoll.com	
amazon.prime-ctfs.online	
boatocancel.com	
boatocancel1.com	
boatocancel2.com	
boatocancel3.com	
prime-ctfs.online	
wallet.group-profile.com	
cra-payment.info	
pay-directvialink.com	
eflow-billing-update.com	
roscustoms.com	
rbcvalidation.ca	
telus.myclient-login1.com	
taxincomedeposit.com	
interac-housing.info	
amaznca.ca	
gctaxrtn23.me	
arc-qc.com	
retour.arc-qc.com	
securecanadapost.info	
postcanada-redelivery.com	
direct-et.com	
servicelivraisons.com	
dhl.servicelivraisons.com	
albertaaffordabilitypayment.com	
lnterac-etfr31e9.com	
retour-quebecarc.com	
instagram.socialeaksuk.com	
actionrequirednzid.com	
www.actionrequirednzid.com	
auspost-parcel-office.com	
parcel-redirect-online-postal-nz.com	
national-redelivery-postal-au.com	
cra-inter001ca.com	
mygov-online-secure.com	
review-inbox-auth-gov.org	
mygov-service-portal.com	
bmo-online.ca	
refundclaims4ato.online	
secure-wallet-support.com	
ap-onlineupdate.com	
my.online-security-secure.com	
track-hg0475336nz.com	
refundclaims2ato.com	
mybell-resolutionv1.ca	
eflowqueries-onlineservice.com	
aib-onlinepersonal-acc.com	
secure-link-options.com	
plustxt.info	
virgin.plustxt.info	
opfi-finland.eu	
opfi-finland.net	
opfi-finland.org	
eflow-feepayment.com	
secure-id73983.com	
emt-trac-doo-secure.duckdns.org	
expertsquebec.com	
impots.expertsquebec.com	
eflow-paytollservices.com	
eflowmotorway-charges.com	
open24permanenttsb.com	
hqtrans.info	
hhtrans.info	
etpaytrueweb.com	
returncra.com	
bellmobil-interc12.com	
login-aib-help.com	
reactivate-mywallet-id.com	
crainterac-portal.com	
eflow-securepayment.com	
mygovcandeposit.ca	
hydroqcsupport.info	
govca.billingservercenter.com	
www.dhlpendingpkg.info	
crasecure-deposit.com	
signature-postcanada.ca	
mypo-online-id.com	
telusmobile-interac.serveirc.com	
www.infpannecad.ink	
revenue-govie-update.com	
mypo-online-au.com	
bmo-update.top	
my-clientid.com	
telus.my-clientid.com	
interac-housing.top	
bnc.clientele-nationale.com	
paydirect-ca.com	
reschedule-delivery.ca	
telus.reviews-id.com	
postca.bio	
telus.mobility-reviews.com	
customsrosonline.com	
cra-deposit23-tax.info	
auspost.com.au.status-package.link	
update-mygov-forum25.com	
albertaaffordability-deposit.com	
can-dep0sit2023.com	
telus.reviews-clientid.com	
www.etransferonline-received.ca	
etransferonline-received.ca	
manageandsecureasb.info	
claims.telus-fido.xyz	
telus-fido.xyz	
refunds.telus-fido.xyz	
nz-track-ht09378nz.info	
revenu-canada.info	
driverupdates--ca.com	
albertaaffordabilitydeposit.com	
member-cashback-reward.ca	
coupon-members-reward.ca	
coupon-executive-reward-program.ca	
telus.my-accountid.com	
asb-help-assistance.com	
bell.userverifyca.com	
bellportal.ca-mobilitydatareturn.com	
ca-mobilitydatareturn.com	
cra-secure-etransfer.ca	
asb-verification-transact.com	
delivery-aupost-support.com	
mygovsecure-access.com	
resolvewestpac1nz.com	
delivery-redirect-support-post-nz.com	
mycomm.sec-helpdesk.com	
cibc.work	
my.cba-online-security.com	
157.254.195.29	
et-mb.info	
bell-interac.et-mb.info	
benefitgc.me	
gcrev.me	
revolut-helpdesk-alert61.com	
alerts-auspost.co	
eflowsupport-online.com	
eflowweb-toll.com	
eflowmotorway-charge.com	
my.login-client-portal.com	
aumailservice.com	
cnpos.site	
manage-onlinedevice.com	
anzid4banking.online	
canpostalschedule.ink	
my-r0ly-intr-connect.duckdns.org	
cancel-requesturgent.com	
www.royalbanksupport.info	
aib-personal-data.com	
genera-secre-upcom.duckdns.org	
aib-notice.com	
tottapt.ativar-cartao.com	
eflow-tolls-payments.com	
rbccanada.org	
my-portal-update.com	
govcan.secure-loginportals.com	
govca.userverifyca.com	
accountcorrectionca.com	
eflowtoll-pay.com	
pcoptimum.club	
royalonline-secure.life	
www.royalonline-secure.life	
govcan.userverifyca.com	
an.post-moneyteam.com	
grbinteract0939.com	
op-mobili-fi-net-in.com	
www.dhlcadstatus.ink	
eflowireland.com	
hsetestireland.com	
onlinetransfer-confirm.online	
bmo-secure.ca	
claim-intercfnd.com	
redeem-deposit.com	
online-eflowtolls.com	
caipdeposit.com	
dhlmydeliveryca.com	
cra-gouv23-taxdeposit.info	
wwwrefund.info	
desj-update-mouv.info	
resolveasblogin.com	
etrnsferlive-transfr.online	
auspost-delivery-service.com	
telus.mobility-accounts.com	
nzp-hr109827nz.com	
bmo.clients-app.com	
onlinetransfer-confirm.com	
intiemt.ink	
telus.paymentid-mobile.com	
et-sent.online	
lnterac-housing-benefit.com	
actions-crafill.com	
deposit-2023cra.com	
bmo.alertsonline-app.com	
ap-onlinerenewal.com	
asb-security-system.com	
asb-support-service.com	
aussiepost.info	
testcapcap.com	
alert-mygov.link	
asb-security-aid.com	
anzid4online.com	
online-redelivery-support-postalnz.com	
telus.myaccess1-id.com	
bmo-updates.top	
instantreceive.org	
mygov-onlinealerts.com	
nzpost.support-layer.com	
mydhl-tracking.info	
netflix-mobile.ca	
nzp-tr388748nz.com	
mobilebillingsupport.com	
govca.mobilebillingsupport.com	
my.commonwealthbank-email-access.link	
eflowservice-queries.com	
eflow-updatealert.com	
deposit-interacccra.online	
aibpersonal-activity.com	
anpostcustomfeedelivery.com	
postexpress.mobi	
www.mouv-acadie.info	
eflow-tollfare.com	
ir218736nz.info	
eflowfeeresolve-ie.com	
scotia-live-resetzpolicyv.com	
housing-interac.ca	
accountcorrection0423.co.uk	
rogers-return.info	
rogers.monster	
restore-appleid-service.com	
correctionroute0423.co.uk	
eflow-tollsystem-ie.com	
op-mobili-net-fi-in.com	
www.bellfac.com	
govcan-edepot.ca	
manage-onlineboa.com	
sco5ppretry.com	
www.security-departement.info	
grbinteract023990.com	
alberta-aaplan.com	
mytxretrnca-ams.me	
expresscanadapost.com	
cra23-gouv-deposit.info	
crareturn-etransfer.ca	
spotify-account-payment.com	
govcan-edeposit.ca	
e-trans-cra-tx-inc.com	
qchydroref.info	
asb-security-team.com	
ird-govt.site	
dhlpendingdelivery.com	
interact.monster	
www.statuscadpost.ink	
aapafford-plan.info	
myaccount.5valid.com	
security-dep.info	
sco4pretrys.com	
et-onlinereturn.online	
alberta-affordabilityactionplan.com	
pendinginterac-etransfer.com	
online-support-netflixau.com	
truedatahost.online	
myaccount.3valid.com	
ird-govt-review.co	
up-dispute.com	
aus.post-via-depot.com	
r0yl-rb-cibannk-up.duckdns.org	
my.secure-user-portal.com	
anzid3online.com	
ref-mobility.com	
ref-portal.com	
ref-reminder.com	
bnz-alert-auth61.co	
postexpress-canada.com	
interac-securecra.com	
myato4claims.com	
cra-secureendeposit.com	
eflow-securityalert.com	
eflowtollsonline.com	
revenue-inactivity.com	
mywestpacid.online	
personal-aib.com	
consignment-package-82983.com	
eflowweb-charges.com	
eflow-m50tollpayment.com	
anpostdelivery-customfee.com	
onlineeflow-tolls.com	
postnord.no-leveranse.top	
netapay.info	
myetran.info	
ettranspay.com	
et-amazon.com	
postescanadareporter.com	
mobile-revoconfirm.com	
governmentofontario.online	
eflow.tag-update.com	
interactions-e.live	
insta430.me	
et-id-331.pro	
novascotia-govt.com	
cra-portalinterac.com	
bellportal.ca-mobilitydatareturn.com.	
beii.mobilebillingsupport.com	
www.unclaimed-etransfer.net	
cra-cad.com	
eflow-supportqueries.com	
lmpot-expertqc.com	
impots.arc-qc.com	
quebecexperts.com	
impots.quebecexperts.com	
eflow-etollpayment.com	
www.dhl-pendingpkgs.co	
webroute042023.info	
auspost-redeliver.com	
nevhoran.duckdns.org	
westpacid.com	
etran-interac.ca	
emtxpress.ink	
interac-deposit.me	
asb-security-alert.com	
conzpost.com	
www.inrac.click	
bellfac.com	
inrac.click	
auspost-parcel-service.com	
help-applepay.org	
billnetfl.com	
www.billnetfl.com	
auspost-parcel-services.com	
coupon-reward-members.ca	
restore-appleid-services.com	
aapaffordability-plan2023.info	
interac-etransfercra.com	
interac-etransfercra.com	
contacts4westpacid.com	
my.asb-secure-security.com	
my.asb-secure-security.com	
etransff.shop	
nz-post.co.nz	
et.cra-1online.com	
online-redirect-postal-au.com	
anzid3banking.online	
aus-redirect-parcel.com	
cra-secureinterac.online	
contactless-restriction.com	
cainteracreturn.com	
govcan.cainteracreturn.com	
portaldepositlogin.com	
bell.portaldepositlogin.com	
disbursementdeposit.info	
myapple373672.ddns.net	
eflowqueries-secure.com	
sanatander.org	
taxretun.arc-qc.com	
totta.pt-cartao.com	
plusmsg.info	
virgin.plusmsg.info	
usagecorrection0423.co.uk	
eflow-homepage-tollpay.com	
totta.pt-reveja-cartao.com	
safe-rogers.com	
auth-hsbc-verify.com	
correction-usage0423.uk	
ca-portaldepositlogin.com	
interacv2.ca	
bell.ca-portaldepositlogin.com	
et.interacv2.ca	
help-servcratrans.sbs	
www.secure04s-f1accts.us	
acceptcragov.live	
online-mobile-eflow.com	
anpost-customspayment.com	
crarefund.ink	
asb.support-team-hub.com	
myat-post49490.redirectme.net	
unicajaes.org	
safe-td.com	
help-ee-confirm.com	
eflowsupport.com	
eflowmobileconfirm.com	
bmo.notice1alerts.com	
pay-directdeposit.com	
www.otbplatesrfund.ca	
anz.support-team-hub.com	
unclaimed-post.com	
customercare-netflix.online	
deliveryinfo-canadapost.info	
interact-transfer.net	
albertainflation.info	
commbank-au-updates.com	
reimbursebell.com	
asb-team-security.com	
retour-impot.info	
cra-tax23-deposit.info	
postescan-relivraison.com	
update-security-apple.com	
relivraison-postescan.com	
relivraisonpostescan.com	
nzpost-package.co.nz	
kiwibank.helpdesk-alert.co	
netflix-update-payment.com	
valid-infosecure.com	
sl-et.info	
interac-bell.sl-et.info	
ca2023txref255924.me	
ca2023txref122395.me	
my.secure-customer-portal.com	
verification-au.com	
deliverypending04.com	
mygov-income-report.org	
ing-review.com	
primemembership-resolve.com	
netflixau-online-support.com	
mydeliveryupdate.com	
track-hy287382nzp.info	
home-mygov.com	
access-inbox-mygov.org	
post-verteilerzentrum.info	
www.sp0-tiwifi.life	
eflowsecure-queries.com	
e-ent-updt-acct.duckdns.org	
eflow-updatesecurity.com	
noticemygov.com.au	
resent-transferonline.com	
www.resent-transferonline.com	
cr-depgsta0sit.link	
wttransfer.info	
thpaym.info	
apple.id-restoration-service.com	
id-restoration-service.com	
deposit-rev1.com	
pr0v3farg01st-ath.com	
11-td.com	
gov-energy-uk.com	
portal-crainterac.com	
canagencyrvnue.ink	
www.mobililitycarecenter.com	
depos8-receiv.online	
review-device-update.co.uk	
pay-deposit.com	
capitaloneclient-online.com	
rbcvalidate.com	
portal-interac.info	
aibsecurity.com	
banking-rbc.com	
interacdepositca.top	
securesite-applesupport-auth-nz.com	
track-nzp-567747.info	
ab-registrydeposit.ca	
cra-t2022.com	
banking-safe.com	
2023dep0sit-cra.com	
ca2023tx39.me	
gcrev37.me	
www.bell-customer.link	
nzpost-parcel.co.nz	
asb.fastnet-alert.co	
validationrbc.com	
cra-revclientservice.com	
security-anz-auth.com	
applepay.id-restoration-service.com	
redelivery-support-postalnz.com	
ca-lntraccref.com	
asb-alert-system.com	
bmo.web1notice.com	
primemonthly-info.com	
netflix-account-update.com	
commproid.info	
appie.id-restoration-service.com	
et-website.com	
www.yoursupports.ink	
kiwibank.alert-nz.co	
mybell-resolution.com	
my.protect-client-info.com	
my.client-portal-secure.info	
cadpost-postcad.ink	
my.net-secure-login.com	
my-gov-account.com	
rev-can-benefit.com	
can-post.com	
mycomm.secure-supportdesk.com	
verify-mygov.net	
bom.boat	
loginrbc.info	
eflow-updateportal.com	
contactiess.id-restoration-service.com	
eflowtoll-payment.com	
suncorp-auth-online01a.com	
moneta.cz-online.top	
bom.boats	
eflow-payatoll-homepage.com	
eflowservice-support.com	
funds-recraca.com	
eflowmotorway-fees.com	
e-flowpayment.com	
vrfynovascotiaaccess.com	
aib-secureaccess.com	
scotiaaccess-onlinereset247-policyca.com	
arcdepot-snhwg1.com	
eflow-securityportal.com	
op-fi-mobili-cc-net.com	
eflowqueries-service.com	
bellservice.mobililitycarecenter.com	
eflowonline-mobile.com	
et-rl.info	
interac-bell.et-rl.info	
cagatereimbursement.co.uk	
canemtxpress.ink	
abregistry-deposit.ca	
et-sent.com	
onlinemobi-eflow.com	
mybell-bell.online	
fidoaccount.ca	
return-transfer.info	
cademtxpress.ink	
amzn-customerreturn.com	
clientservice-hydroqc.com	
login-update-sco.com	
crainteracportal.com	
et-valid.website	
revofcad.com	
albertaaffordabilityactionplan-deposit.com	
receive.bio	
datafunds1043-srvonline.org	
asb-system-aware.com	
interac-update.top	
postescanada-prcl-suivre.0b9731s.com	
canadapost-prcl-track.0b9731s.com	
the198.stotr	
user-login-mygov.org	
anz-auth-online.com	
kiwi-login.co.nz	
0b9731s.com	
net-update-cba.com	
bankofmontreai-online.com	
canadapost-prcl.0b9731s.com	
postescanada-prcl.0b9731s.com	
westpacservicedata.com	
netflix-billing.top	
trackingredirect-updates.online	
return-lnterac.info	
interactt.online	
ato-notification.link	
cadposts-postcad.info	
postescanada-reschedule247-gov.com	
anz-alert.link	
controlandsecuremyasb.info	
bell-support-recovery.com	
vp1ca-etran.online	
cba-net-personalupdate.com	
interracetransferr.xyz	
capost.art	
nzpost-book.co.nz	
1tran3c.com	
mydhl-track.info	
cba-secure-updates.com	
portal-au-mygov.com	
my.secure-client-login.com	
anz-security-auth.com	
au-portal-mygov.com	
op-fi-mobili-in-net.com	
eflow-portalupdate.com	
auspost-express.delivery	
op-fi-mobili-co-net.com	
auspost-failed-delivery.com	
failed-delivery-auspost.com	
autoportal-at.info	
anpost-ie.ltd	
op-fi-mobili-net-in.com	
eflowonline-webservice.com	
anpost-packageinfo.com	
tax-revenue.online	
taxref.inretac.com	
op-fi-net-cc-mobili.com	
eflow-paysupport.com	
aib-personal-info.com	
op-net-mobili-fi.com	
my.medi-relink-care.net	
anpost-ie.in	
security-breach.com	
op-net-mobili-fi-in.com	
emt852.ca	
supportservices-canadapost.com	
deliverysupport-canadapost.com	
costcocanada.shop	
eflowonline-web.com	
ptsb.verification-hub.com	
vc-lt.info	
bell-interac.vc-lt.info	
e-flow-auth-settings.com	
cadepositinterac.com	
eflow-payatoll-payments.com	
et-confirmation.website	
secureservicecra.com	
bankaustria-kundin.com	
eflow-onlinepage.com	
cradepositca.com	
sec-reapp-vberif4.info	
custportal0523.com	
direct-sl.com	
commbwellbeing.info	
cradep0sit-now2023.com	
deposit-q526rev.com	
wallet-service-portal.com	
telusidentity.com	
telus.telusidentity.com	
mygov-login-portal.com	
depositinteraccra.com	
royalpersonal-portal.life	
www.interactt.online	
cadinteremt.ink	
nzpost-redelivery.co.nz	
support-apple.org	
emt-deposit.com	
www.depemtcad.ink	
help-transcraserv.sbs	
anz-secure-online.com	
interact-top.buzz	
et-confirmation.com	
westpac-auth-online.com	
banking-login.com	
primeonline-resolve.com	
op-fi-in-net-mobili.com	
nzgovt-refund.co.nz	
op-fi-cc-net-mobili.com	
op-fi-co-net-mobili.com	
eflow-updatesupport.com	
wallet-activate-service.com	
op-fi-net-in-mobili.com	
eflow-support-securequeries.com	
op-co-fi-net--mobili.com	
op-co-fi-net-mobili.com	
aib-service.com	
e-trans-netorg.duckdns.org	
op-in-fi-net-mobili.com	
aupost-verify02a.com	
canadaposte-tracking.info	
op-net-fi-mobili.com	
aib-transactionpersonal.com	
op-fi-in-co-mobili.com	
ie-revolut-auth.com	
anpostpackage-customfee.com	
netbank-security-check.info	
mygov-client-login.info	
eflow-payments-homepage.com	
refundbell.com	
start-myidactivation.com	
myvalidationrbc.com	
canadapost-inteldelivery-247.com	
canadapost-parcels.com	
nbauth-govt.com	
eflow-paytollsupport.com	
eflowpay-charge.com	
7b03c62.com	
et-lnterac-ch.7b03c62.com	
etf-lnterac-arc-web1-deposit.7b03c62.com	
et-calntref.com	
dhlqcxpress.ink	
itran3c.com	
clientcanadapostsupport.ca	
itemca938473644.info	
taxref.inetreac.com	
eflowtollireland.com	
etdirect-ca.com	
mbrefservice.site	
mobileref-ins.online	
etmoney-sl.com	
canadaimpotsgov.info	
myalberta-deposit.ca	
rescheduleparcel.ca	
dhltracking.xyz	
canadapost-tracking.info	
boatocancel04.com	
canadachildbenefitdeposit.online	
cp-scheduleservices.com	
bell-return275.com	
plusmobile.info	
virgin.plusmobile.info	
rogerscustomer-return.com	
cratax23-deposit.info	
online-auth-anz.com	
crxnotlice.xyz	
cradeposit.lntraec.com	
mygov-secureinbox.com	
anz-alert.info	
secure-login-mygov.com	
online-anz-secure.com	
securewestpac.site	
mybell-bell.info	
fppss.info	
kiwimanagesupportnz.com	
auth-kiwi-secure.com	
cra-billrefund.ca	
ca2023ref21.me	
mygov-profile-login.com	
www.customer-review.top	
servius-fund01dep.serveirc.com	
www.bell-customer.top	
help-servcratrans.cfd	
securepage-cra.online	
national-shipping-redirect-au.com	
govvre-fuuud.world	
22cre-fund23.me	
et-tl.info	
bell-interac.et-tl.info	
anz-confirm-contact-details.com	
op-mobili-fi-in-io.com	
my.login-client-user.com	
op-mobili-fi-cc-in.com	
op-mobili-fi-co-in.com	
op-fi-mobili-net-io.com	
op-fi-io-net-mobili.com	
eflow-updatehub.com	
aib-secure-recent.com	
accreview.com	
eflow-onlinenetwork.com	
account-login-mygov.com	
ibs-bnkwest01a.com	
mygov-view.net	
op-fi-net-mobili-in.com	
anpost-info-50.com	
op-fi-net-mobili-io.com	
eflow-onlinecharges.com	
www.inicio-verifique.com	
op-mobili-io-fi.com	
depostcra.inesac.com	
eflowtollsireland.com	
eflow-onlinetoll-payment.com	
eflow-homepage-payatoll.com	
cn-in3com-dpo.duckdns.org	
hydro-trans-dep-ca.com	
eflowtolls.com	
anpostpackagecustomfee.com	
www.monthly-bill.top	
online-barclaysbank.com	
en-thu-can.site	
gstdepositinterac.com	
ptsb.portal-lock.net	
transfr-claims.online	
my-anz.online	
securedeposit.online	
et-in1terac.online	
kiwi-online-3ds.com	
www.cpdes-acc.com	
bmo-loginclient.com	
rbcroyabanking.com	
cra-refinst.com	
anzauth3ds.site	
transhelp-ont.cfd	
servicecanada-2023.com	
cra-2022.com	
e-transfer.cc	
allthelostpackages.com	
climateact-rebates.com	
hstrefca2023.me	
etransfer.club	
anz-helpdesk.co	
medicarehealth.live	
myfido-deposit.com	
postcad-info.ink	
apple-pay-verify.com	
my.update-secure-login.com	
wallet-activate-support-au.com	
verifyprime-online.com	
reactivate-applepay-service.com	
eflow-update-alerts.com	
eflow-securityhub.com	
securekiwi.site	
aib-secure-personal.com	
payynexi.info	
eflowfees.com	
eflow-networkonline.com	
anpostdelivery-parcelfee.com	
et.interac.mx	
e-transfer.interac.mx	
eflow-secure-homepage.com	
etransfer.lol	
en-1come-restall-dpo.duckdns.org	
ltee-videotron.com	
mobile365boi.com	
fidorefundportal.com	
eflow-settings-alert.com	
boi365mobi33.com	
eflowfeeireland.com	
co-op.review2fa.online	
fidorefunddeposit.com	
cra23tax-deposit.info	
e-transfr-pay.cfd	
etransfer-online.ca	
payapple.info	
taxreturninterac.com	
www.taxreturninterac.com	
e-transfer.mobi	
www.cr-gstaadep0.info	
mycrainteractref029320.com	
anzsecure.site	
apple-vertification.com	
membership-reward-coupon.ca	
telus-payacct.com	
ib-nabonline.com	
support-canadapost.info	
dep0sit-1ntrc.info	
et-money-sl.com	
profile-audit-online.com	
cragency-authuser27.info	
securelinkdeposit.info	
cra--workers443.xyz	
fssps.info	
et-pv.info	
bell-interac.et-pv.info	
my-services.online	
appl-resolve.com	
online-3ds-anz.info	
nzp-track-hy5778657.info	
mobi-op.com	
aib-auth-alert.com	
virginplusbill.info	
eflow-updateonline.com	
appleau-mydevice.com	
eflow-networkqueries.com	
elecireland.com	
eflow-networksupport.com	
eflow-updatelive.com	
electric-ie-updates.com	
infoserviceshousing.com	
www.infoserviceshousing.com	
my3updatedetails.com	
mybellauthorized.info	
claim-e-trans.cfd	
cra-interacpay.com	
connection-interac.info	
postcanarv.com	
aib-auth-recent.com	
reimbursementnotify0523.uk	
revenucanada-trsf.info	
interactransfers.fr	
www.et.interac.mx	
lnterac-notifica.com	
myrbcvalidation.com	
online-westpac-3ds.info	
helponline-usverify.com	
mygov-vertification.com	
www.bmo1-supp0rt.top	
crataxrefund.com	
secureinterac-service.com	
help-mybell.me	
4-royalbank.com	
onlinehelp-asb.com	
parcelworld-aus.com	
supportcanadapost.info	
myicbc-deposit.ca	
telus.identity-telus.com	
identity-telus.com	
onlineasbverify.com	
verify-info052023.online	
redirect-parcel-portal-au.com	
bell.servercenterdisbursement.com	
portal.servercenterdisbursement.com	
verifybnzonline.com	
op-co-mobili-fi-in.com	
electricirelandbilling.com	
reverifybnzhelp.com	
op-fi-mobili-net-co.com	
electric-update-alerts.com	
my.income-protect-secure.com	
desk-help-my-gov.com	
aib-secure-auth.com	
op-fi-cc-mobili-net.com	
op-fi-mobili-io-net.com	
electric-ireland-online.com	
minstransportcan.ca	
electricire.com	
wwwbellintrefund.info	
op-fi-net-mobili-cc.com	
op-fi-io-mobili-net.com	
e-trs-authnen.duckdns.org	
eflow-networksecure.com	
mainopen.ca	
freedommobile.mainopen.ca	
eflow-payatollservices.com	
ire-electric.com	
mygroceryreb-cra.com	
electric-ireland-update.com	
poste-italia.com	
taxesontario-gstc-otb.info	
electricityonlinehelp.com	
eflow-tagpayment.com	
electricireland-online.com	
messageriebnc.com	
aib-authentic-secure.com	
telus-mylogin1.com	
et-sh.info	
bell-interac.et-sh.info	
em-con-augumenth.duckdns.org	
electricireland-update.com	
bellmobility-return.com	
https://bellmobility-return.com	
eflowonline-supportservice.com	
bmo.center1notice.com	
cragov-interac.com	
eflowsupportdesk.com	
et-abregistry.ca	
eflow-tollcharges.com	
onlineinterac-etax-return.com	
www.onlineinterac-etax-return.com	
tax-revcad.com	
pepper-support.xyz	
mobileupsfee.com	
telus.mobility1pay.com	
interact-transfer.top	
connexioncompte-enligne.com	
bptransfer.info	
ngbconfirm.info	
trueweb-pay.info	
eitransfer.info	
capitalonelogin-online.com	
www.secure1signin-myaccount.com	
secure1signin-myaccount.com	
bmo.my-clientlogin.com	
bmo.client-log-in.com	
www.cra-interacdeposit.ca	
mnsrefdl.online	
cra-mobile-interacetransfer.ca	
www.cra-mobile-interacetransfer.ca	
help-onlineasb.com	
actionrequiredbnzonline.com	
telus.my-identityid.com	
op-fi-net-io.com	
actionrequiredwestpac1.com	
user.lnteract.info	
acrfnds23.me	
my.secure-login-protect.com	
apple-wallet-restore.com	
eflow-onlinehub.com	
anpost-parcelpayment.com	
enm-thru-pycome.duckdns.org	
ev-agency-cr-autheng.duckdns.org	
eflowtoll-charges.com	
r0-bking-auth0rzatn.duckdns.org	
eflow-tollpayment-queries.com	
eflow-supportpage.com	
aibsecuritycenter.com	
aib-auth-confirm.com	
eflow-onlinecharge.com	
e-transfer-online.com	
canadian-climate-action.com	
admin-support.info	
canada-postalassistances.com	
deposits.climateaction-ab.com	
in-emoti-anthegn.duckdns.org	
bell-accounts.shop	
first-directnow.info	
myrbcverification.com	
arc-impots.online	
arc-impots.live	
confirmationmygov.com	
authenticate-td-easyweb.com	
e-flowonlineupdate.com	
e-direct-sl.com	
lnterac.arc-impots.online	
bmo-myonline.com	
abonnementprime.com	
et-confirmation.site	
elec-ireland.com	
lnteracsupportpaymnt.com	
lnstagram-treendingbaitouts.com	
canadapostsservices.com	
benefit-claim.com	
craefalrt-ca.com	
mythree-via.com	
activate-wallet-support-au.com	
virement-hydroqc.com	
direct-plx.com	
fraude.messageriebnc.com	
gouv.edetransfer.com	
onlinefastnetasb.com	
etransfercra-interac.ca	
wone-3ds-secure.info	
secure-anz-online.com	
fsspp.info	
unclaimedfund-post.com	
climateaction-ab.com	
alberta.climateaction-ab.com	
mc-refpageca.info	
tls-svcpagehome.live	
alberta.gov-cairebates.ca	
gov-cairebates.ca	
prrss.info	
bellinteracrefund.info	
onlinebnzauthenticate.com	
deposit.climateactionselfserve.com	
alberta.climateactionselfserve.com	
climateactionselfserve.com	
commbiz-inbox.com	
check-mygov.com	
reschedulecanada-post.com	
posytca7-gha.serveftp.com	
reviewbnzaccess.com	
spot27tif3.ddns.net	
authenticateonlineaccess.com	
tax-return-line-nz.com	
my.protection-secure-income.com	
electricirelandbill-ie.com	
plusbill.info	
virgin.plusbill.info	
login-myservices.com	
op-fi-io.com	
selfservicetreturn.ca	
posytca4-rha.ddns.net	
posutca0-lhb.ddns.net	
bell-account.info	
myinbox-au.com	
eflow-resolvecharges.com	
en-dpostin-revne-anth.duckdns.org	
aib-auth-transaction.com	
eflow-secureonline.com	
eflowtoll-online-payment.com	
en-thru-wllet.duckdns.org	
bell-customerservice.com	
tracking-canadapost.info	
bnc-serviceclient.com	
direct-flxt.com	
rebcra-grocery.com	
electricireland-service.com	
www.httpdesjsecure100.com	
anpost-deliverycustomfee.com	
helpverify-info.online	
mydelivery-canadapost.info	
www.supp0rt-bmo1.top	
www.mobililtycentre.com	
e-trdb-franci-dethn.duckdns.org	
auth-recent.com	
direct-txml.com	
bordgaismobile.com	
eflowservice-site.com	
eflow-securepaytoll.com	
eflowtollsystem.com	
anpostcustom-parceldelivery.com	
anpostdelivery-parcel.com	
verify-cust0523.com	
electric-ireland-service.com	
postal-replanifsecure.life	
www.postal-replanifsecure.life	
www.bell-reviews.top	
uk-energyplan.com	
xmzayi.com	
service-lnterac-signin.com	
verifierdesjardins.com	
knz.ink	
am-zon-issue-contctdelver-reslts.xyz	
livraisonreplanifier.com	
intercpaymntsupport.com	
rbcroyabank-on.com	
rbcroyabanking-login.com	
www.reviews-bell.top	
www.bill-bellpayment.top	
cafnds-intexcra.com	
interact.rf.gd/?i=1	
posti-cad334.ddns.net	
edirect-et.com	
deposit-cra.info	
cradeposit-interac.com	
www.rfnd-cust0mer.top	
www.rfnd-mobility.link	
interac.e-transfer.io	
telus-clients.org	
member-cash-back.ca	
executive-members-return.ca	
client-coupon-reward.ca	
rogersdeposit.com	
netflintrefund.info	
secured-applelogin.com	
ird.govt-alert.co	
www.royalbsc.com	
www.amazonia4u.com	
netflixcanadalogin.com	
www.cpostparcl.com	
kiwibank.auth-alert.co	
cust-verify.info	
bell.loginportalsupport.com	
bell.onlineservicelogin.com	
securelogin-my-gov.com	
www.checkandupdate.com	
online-asb.co	
2-rbcroyalbank.com	
ca-telus.com	
et.interac.ca-telus.com	
checkandupdate.com	
op-fi-io-net.com	
data-et.info	
bell-interac.data-et.info	
my.client-secure-login.com	
clients-income-report-gov.org	
aus-postal365.info	
secure-wpc-auth-portal.com	
et-ab-registry.ca	
www.rfnd-supp0rt.link	
wallet.sc-profile.com	
aib-mobile-auth.com	
bordgais-energy.com	
canadapost-reschedule.info	
eflow-onlinecentre.com	
security-breached.com	
www.amz-refund.link	
eflow-securetollpay.com	
verificationpage.info	
4rdb87.com	
et-lnterac-sh-auth.4rdb87.com	
et-lnterac-gov-ref-deposit.4rdb87.com	
portalonline-bmo.com	
postal-support-customsfee.com	
eflow-queries-web.com	
bordgaisireland.com	
eflowtollservice.com	
aib-verification.com	
bmo.login-secureid.com	
mobianpostcustoms.com	
electric-ie.com	
canada.gov-cairebates.ca	
caip.gov-cairebates.ca	
cra.gov-cairebates.ca	
anpost-redeliveryfees.com	
direct-ca.com	
bmo.myapp-login1.com	
www.amz-review.link	
et-crainterac.com	
info-cpost.ca	
hydroqc-serviceclient.net	
et-interac.com	
interacgvt000svc.ca	
crainterac-notifica.com	
check-your-account.com	
prprmz.info	
intrc-deposit.com	
crareb-groceryauth.com	
compteprime.com	
https://canada-caip.com	
mygov-alert.info	
mygov-login.link	
bmo.clientid-login.com	
bmo.m-clientid.com	
noticehelpcanadapost.ca	
au-postalsupdate.com	
netauflix-cycle-renewal.com	
apple-securitywallet.com	
e-transfer.site	
cbaactivity.live	
helponline-asb.com	
rbcroyal-login.com	
onlinetdpay.ca	
manage-kiwi.co.nz	
eflowresolvetoll-ie.com	
www.desj-connexion.com	
details-et.info	
bell-interac.details-et.info	
auth-kiwi.co.nz	
my.ib-login-secure.com	
eflowtoll-service.com	
mailupdate.net	
start-myidreactivation.com	
postal-service-customsfee.com	
www.cust0mer-bell.link	
aib-auth-device.com	
www.lnterac-transfert.link	
review-portalbmo.online	
eflow-toll-secureupdate.com	
easydep.info	
instantdeposit.info	
instapayca.info	
govcanada.info	
eflow-resolve-charges.com	
eflow-updateservice.com	
eflow-charges-resolve.com	
3-rbcroyalbank.com	
assistances-canadapost.com	
fsssp.info	
direct-htmx.com	
authaib-account.com	
eflow-onlineregister.com	
irelandrevolut.com	
virginca.plusbill.info	
eflow-resolve-charge.com	
anpostcustoms-support.com	
et-nterac.com	
et-verified.site	
eflow-pay-services.com	
bmo-securelogin.com	
boatocancel05.com	
boatocancel06.com	
boatocancel07.com	
boatocancel08.com	
bmo-idsecure.com	
cra-interacsecure.com	
fsspv.info	
onlinetdweb.ca	
mygov-online.org	
1express-dhl.com	
access-kiwi.co.nz	
executiverewards.ca	
bmo.my1-clientid.com	
onlineapplesecurity.com	
bmo-login-web.com	
accountnetflixsecure.info	
verify.accountnetflixsecure.info	
cbaactivity-au.com	
kiwibank.mobile-auth21.co	
po-depotupdate.com	
kiwi-secure.co.nz	
kiwi-access.co.nz	
my.ib-secure-login.com	
my.client-portal-login.net	
re-activate-wallet-support-au.com	
asb-access.co.nz	
aupostal24-7.info	
aibcard-servicesauth.com	
nzpost-mobile-alert.co	
deposit-pending2023.info	
ee-billingservice.co.uk	
intgovcan.com	
eflowtoll-update.com	
mycanadaposte-tracking.info	
anpostcustomservices.com	
revolut-reset.com	
anz-mobilebanking.unlock-sms.com	
anpostcustoms-supportfees.com	
electricireland.online	
claim-e-transcra.sbs	
netflix.mobililtycentre.com	
interc-depos6cra.com	
bmo.client-identity.com	
eflow-fee-service.com	
12mobility-maintenance.info	
bmo.my-accessid.com	
auth-asb.com	
secure-interaccra.com	
finalizedeposit.net	
bnc-clientservice.com	
verified-mygov.com	
mygov-manager.com	
onlinenet-asb.com	
connect-secure.online	
et-received.website	
postcanreschelude1.com	
phoenixcollections-accounts.info	
govcan.servercenterdisbursement.com	
govca.userverifyportal.com	
anz.mobile-auth6.com	
ceba-aiert-on.line.pm	
delivery-reschedule.net	
postal-redelivery-au.com	
applepay.unlock-sms.com	
sdl2819.online	
holdverify-prime.com	
netbankau.com	
www.netbankau.com	
www-netbankau.ddns.net	
applportal-pyment.info	
reviewpayment.online	
apple.reviewpayment.online	
accountanzlog321.ddns.net	
eflow-toll-ie.com	
mazo23-sup2.ddns.net	
cebanetbank-au.ddns.net	
secure-auth-mobile.com	
direct-tlxt.com	
applewalletupdate.com	
help-ee-verify.com	
eflow-infopayment.com	
eflow-online-reslove.com	
access-kiwi.com	
interac09-emt.net	
dashboard-mybell.info	
trans-claims-ont.sbs	
transmit-mybell.co	
online-aib.com	
hs.sc-profile.com	
telus.pay1mobile.com	
e-direct-et.com	
nzpostdelivery.online	
cpost-info.com	
mytelus.loginclient-id.com	
direct-mstxl.com	
netflixclientsupport04.com	
e-flowonlinepayments.com	
apple-secureid.com	
interac-e-transfer.info	
mygov-s3.info	
gov-cra.com	
remboursement-impot.info	
fastnethelp-asb.com	
www.webmobile.ca	
webmobile.ca	
claim-etranscra.cfd	
et-myicbc.ca	
asb-update-nz.co	
applepay-reactivate.org	
medi-relink-reports.net	
plusbilling.info	
virgin.plusbilling.info	
reauthorise-apple.com	
reauthorise-apple-on.line.pm	
op-fi-nu-mobili.com	
applepayportal.com	
op-fi-mobili-nu.com	
customerupdate.net	
eflow-payment-info.com	
op-fi-mobili-un-co.com	
electricireland-verify.com	
housing-benefit.online	
lnterac.housing-benefit.online	
secure-aib-mobile.com	
flixrecovery.net	
delivery-delay016.com	
eflowonline-reslove.com	
reroutedelay.com	
myawazone.com	
www.myawazone.com	
eflow-homepage-tollpayments.com	
aibcard-service.com	
porfoyal.com	
www.porfoyal.com	
anpostcustoms-packagefee.com	
eflowtoll-onlinepayment.com	
deposit-pending-return.info	
ee-bill.com	
signdirect.ca	
freedommobile.signdirect.ca	
child-benefits-deposit.online	
crasecureinterac.com	
securetsbonline.com	
mevaliderdesjardins.com	
eflow-paymentinfo.com	
servcesca.com	
www.servcesca.com	
re-claim-rev.cfd	
eflowtollservices.com	
knv.ink	
lloydsbank.review-new-registration.com	
amzene.com	
et-revenucanada.info	
www.amzene.com	
inter-acc-directcadweb-review.com	
bmo.login-myclient1.com	
seconecte-nbqc.com	
pos3ti-cea221.ddns.net	
cns-svcportet.live	
gestionprime.com	
cns-incentipayca.info	
primesetting.com	
costco-membership-reward.ca	
claim-e-transcra.cfd	
myir-nz-govt.co	
canada-caip.com	
service-ref.info	
canpostsystem.info	
applepay-au.unlock-sms.com	
etransf-intrq7.com	
appleauanalysis.com	
bell.billingdisbursementca.com	
e-ont-trans.cfd	
bell.mobilereturncentre.com	
ontarioe-hydroe.info	
fastnetverify-asb.com	
parcelrecovery-online.com	
canadapost-tracking.tech	
authicatorsecurebnz.com	
costco-membership-coupon.ca	
etransferdirect.ca	
etransfer-billing.top	
etransfer-billing.info	
rbcroyal-secure.com	
en-ordty-anhtn.com	
postalcanada-tracking.website	
et-virements-ls.com	
rbcroyal-secure1.com	
www.interacdeposit-cra.ca	
interacdeposit-cra.ca	
clientscanada.info	
interactions-e.store	
bell.clientscanada.info	
bmo.auth-mylogin.com	
depos1t1ntrac.com	
truisrx.drvancecast.com	
trst2.drvancecast.com	
depo-elink.com	
online-transferinstant.ca	
www.online-transferinstant.ca	
my.user-secure-portal.com	
applepay-register.info	
applepay-register.online	
canadatreturn.info	
my.portal-secure-login.com	
applepay-reactivated.com	
op-fi-net-nu.com	
secureauthencatioronline.com	
unexpected-transactions.online	
info-dsklive-help.com	
electricireland-ie.com	
eflow-tollpayment.info	
updatewallet-onlineau.com	
nzpost-track2874.info	
my303commzbnk.viewdns.net	
cbatransaction-hold.com	
secure-authservices.com	
electricireland-info.com	
govonline2023.click	
auth-secure-mobile.com	
cbatransfers.info	
mytelus-webinterac.serveirc.com	
check-ee-superfast.online	
eflow-webservices.com	
lloyds.review-new-registration.com	
ert-auction-dep0-cm.com	
interac-depositsecure.com	
santander.securesafe-customer.com	
anposttolls-postagedelivery-fees.com	
support-et.info	
bell-interac.support-et.info	
interacsecurecra.com	
www.customer-bell-rfnd.link	
www.bell-support.link	
cra-taxrev.info	
eflow-toll-fees.com	
eflow-onlinetoll.com	
canada-climates.com	
eflow-supportservice.com	
4-rbcroyalbank.com	
connect-rbcaccounts.com	
cbatransfer.com	
eflowmotortoll.com	
verifcanadapost.com	
bnc-client.net	
climateactioninc.com	
deposit.climateactioninc.com	
alberta.climateactioninc.com	
electric-ireland-myaccount.com	
lnterac-lnfo.online	
bellcanada.billingdisbursementca.com	
nzpost-update.com	
govcan.noticeofreturn.com	
post-canada-rescheduledelivery2023.com	
et-myenbridge.ca	
atbverify.com	
etransfe-deposi2rev.online	
funds-unclaimed2023.info	
help-transac-serv.sbs	
cba-alert.com	
etru-d3p0-craa.duckdns.org	
canadapost-services.pw	
unclaimed-funds23.info	
www.bell-review.info	
www.supp0rt-bell.info	
1tracking32.pw	
depos1in1erac.com	
udapte-mydelivery.pw	
canadapost-delivery.pw	
canadapost-myparcel.pw	
canadapost-schedule.pw	
re-activate-wallet-service-au.com	
mypackage-canadapost.pw	
secureroyal1.com	
et-albertaregistry.ca	
canadapost-services.info	
parcelrecovery-updates.com	
canada-caip.info	
austredi-tlstrpst61402x.shop	
revenueagency-canada.com	
etransfercra-interac.com	
etransfercra-deposit.com	
cra-etransferclaim.com	
canada-revenueagencyclaim.com	
secure-mobile-aib.com	
eflow-supportonlineservice.com	
eflow-acc-supportservice.com	
eflowtoll-fees.com	
int000verified-svc.com	
cra-mypayment.com	
www.cra-mypayment.com	
fprss.info	
center-et.info	
bell-interac.center-et.info	
electricireland-support.com	
online8492.mov	
lnstagram-treendingbaitoutts.com	
eflow-payment-fee.com	
billing-infoverify.online	
interac-crapayment.com	
e-direct-tl.com	
primepaiement.com	
e-direct-ca.com	
funds-unclaimed-23.info	
ca-mybell.com	
et.interac.ca-mybell.com	
authentication.online-ca-via.com	
reroutealert.com	
govenergy.securesafe-customer.com	
childbenefitsdeposit.online	
gov1-cra.com	
verify.gov1-cra.com	
cpost1.thesilver.studio	
reminder-parcel.help	
virginpluscredit.info	
theamazonupdate.com	
receive-your-right.com	
depoint.online	
mynabaccount-ref106232.com	
wwwnotflilxintrfound.info	
sup-interaonline.sbs	
secure-login2.com	
et-gov-bc.ca	
canadapost-mytracking.info	
fdc-grcport.live	
gov-can.com	
package-nzpost.com	
medi-services-relink.net	
bnc-solution-client.info	
canada-retour-client93844.com	
gouv.canada-retour-client93844.com	
austpstreturn-mxyo04si.net	
bmo.profile-1id.com	
telus.id-appmobile.com	
mg-idway.com	
181.174.164.50	
my.bnz-customer-login.com	
hydro-quebec-refund12.com	
scotiacv-resetaccess-policy.com	
www.review-bell.info	
securedlogin-access.com	
op-mobili-fi-so.com	
etdirect-sl.com	
eflow-acconlineservice.com	
eflow-onlinepayservice.com	
secure-auth-aib.com	
cardservices-auth.com	
accweb-acadie.com	
emt-unthn-dep00.online	
eflow-online-support-toll.com	
canada-deposit-return2023.com	
acc-supportservice.com	
bordgais-myaccount.com	
verified-gov.com	
mygov-climatepay.info	
bmo.online-idapp.com	
updateaws.com	
compte-prime.com	
online-servicesupport.com	
online-paymentsupport.com	
eflowtollpayments.com	
mainsign.ca	
freedommobile.mainsign.ca	
user-recovery.net	
eflowtollgate.com	
sant.securesafe-customer.com	
bmo.online-accessapp.com	
eflow-penaltypayment.com	
support-verificationbendigobank.com	
instagram.cheekyleaksuk.com	
cra-interacpayment.com	
wwwrogersintrefund.info	
atbverification.com	
etransfer-notif.help	
secured-login10.com	
secured-login3.com	
securedaccess-login.com	
funds-unclaimed23.info	
interac-cradeposit.com	
www.interac-cradeposit.com	
wwwbellintrefound.info	
interact.revenueaccount.info.	
ib-kiwi.com	
mycrainteractref075940.com	
wwwtelusintrefound.info	
bmo.auth1banking.com	
nationalehq.com	
cba-activate-card.info	
applandupdtealwaysecured.xyz	
direct-stxm.com	
ca-cra.org	
et.interac.ca-cra.org	
received-etransfer.com	
confirm-your-data.com	
rbcselfverification.com	
walletupdateonline-au.com	
secure-mygovref481.com	
auth-mygovref34.com	
update-spotifyuser.info	
bmosecure.net	
canadapost-interndelivery-help.com	
serviceca-ref.com	
myaccount-interacsecure.com	
cra-secureinterac.info	
my.client-online-portal.com	
pxrcelsupdate.com	
courrlerupdate.info	
303nzpost.ddns.net	
402commbnkdirect.ddns.net	
ie-anpost.eu	
electricireland-accservice.com	
apple304direct.ddns.net	
ie-an-post.co.in	
op-fi-so-net.com	
s7-mygov-au.com	
403trcktraceatp.redirectme.net	
online-toll-supportservice.com	
update-your-info.com	
auth-aib-mobile.com	
eflowmotorservice.com	
eflowmotorsupport.com	
verlfy-lcloud.uk	
apple-device-support.com	
inc-ent-ecome-og.duckdns.org	
canada-child-benefit.online	
eflow-penaltyfee.com	
westpac-on.line.pm	
4-easywebtd.com	
inc-cunnm-r0p.com	
eflowpayment.com	
my.govenergy-support.com	
online-supportservice.com	
canadadep.info	
mygovdep.info	
trpayme.info	
hsbc.sc-profile.com	
mycrainteractref022930.com	
interacservicedeposit.com	
cra-interac-deposit.top	
serviceref-ca.com	
interac-deposit-cra.top	
courrierpostexpress.com	
bmo-security2023.com	
apple-wallet.support	
reactivateapplepay.com	
sto.sc-profile.com	
onlinetransfer-et.online	
unclaimedfunds-23.info	
funds-unclaim23.info	
et-interac0.ca	
accesd-serviceclient.com	
delivery-reschedule.team	
canpost-postecan.net	
wgp-datafund.com	
del-importspayment-00021.com	
5-easywebtd.com	
mycrainteref093293.com	
agenrev-ont.cfd	
185.186.246.109	
interac-rogersdeposit.info	
freedom-deposit.ca	
comm7a.com	
cra-interacsecure.info	
valid07a.info	
mycommbank-securelogin.com	
taxesrefund.online	
onlinetransfer-verified.site	
claim-e-trans.info	
cra-deposit-2023return.com	
assist-et.info	
bell-interac.assist-et.info	
mygov-verify-myaccount.com	
energy-saveuk.com	
online-paytoll-service.com	
car-net-anthen.com	
myciti-devcheck.com	
plusbillcycle.info	
online-secure-acc0unt-ama0zon.com	
applepy.ddns.net	
eflowtollaccount.com	
start-appiereactivation.com	
canadapost-ai-support.com	
virgin.plusbillcycle.info	
interac-e-transfer.org	
revenucanada-et.info	
interac-rogers.com	
www.secure-td.top	
apay.steun-help.com	
gou-on-claim.sbs	
telus.idpayment-app.com	
govca.noticeofreturn.com	
update-infonetflix.com	
cba-devices.com	
www.ca-benefit.life	
canadacv-intelinterat-gov.com	
permanent-login.com	
pending-etransfer.com	
securebnk-accverif.info	
verf-accstatus.info	
cra-paymentinterac.com	
etf-interac.ca	
anz.ibanking4.com	
lnterac1trans.live	
auth-mygov-refpkqgov.com	
apple-pay.info	
my-gov-secured.com	
mysecureservice-cra.com	
onlinetransfer-verified.com	
nab1.ibanking4.com	
notice-et.info	
bell-interac.notice-et.info	
applepay1.wallet-suspension.com	
connectwallet.ddns.net	
apple-support-help.net	
interac-update.info	
toll-payment.com	
electricireland-charges.com	
eflow-charge-services.com	
commbank.ibanking4.com	
auth-aib-secure.com	
gc-cra1tax-depos8.ca	
e3-0nile-athnn.com	
canadapost-deliveryintel-help.com	
mobile1secureservice.com	
hydro-transfer-bc.com	
received-benefit.com	
start-myappieactivation.com	
postcanreschelude2023.com	
direct-stxd.com	
lnterac.live	
accounts.freedomobillty.info	
www.bell-alert.top	
caet-interac.com	
hydroquebec-aideservice.com	
lloyds.review-new-mobile.com	
lloydsbank.review-new-mobile.com	
eflow-penaltytollpayment.com	
start-idactivation.com	
accountverifyprime-resolve.com	
gramsor.live	
lnteracservice.com	
gou-bc-help.sbs	
can-lnearc.com	
virgin.mobilecredits.info	
auth-kiwi.com	
telus.app-idpay.com	
www.mobility-support.top	
www.mobility-customer.top	
tax-revcad-etransfr.ca	
arc.gc-ca-transid18759.top	
www.gc-ca-transid18759.top	
canada-retour-client949382.info	
www.canada-retour-client949382.info	
gouv.canada-retour-client949382.info	
finance.canada-retour-client949382.info	
cra.gc-ca-transid18759.top	
gouv.gc-ca-transid18759.top	
canadapost-ai-support.online	
my-govservices.com	
mobilecredits.info	
canada-return-deposit2023.com	
www.nationalehq.com	
myaccount.safebrowse.info	
alert-et.info	
bell-interac.alert-et.info	
secure-mygov-refqbk1.com	
op-fi-ni.com	
confirm-nex-pay.com	
westpacaust.org	
electric-ireland-ie.com	
update-mygov-refqc9k6.com	
aus-post-on.line.pm	
eflow-m50penaltie-fee.com	
anpostpackage-deliveryfee.com	
electric-update.com	
myato.net	
toll-onlinepayment.com	
eflow-webpayments.com	
electricireland-payment.com	
enth-aunthen-auto-ipgrade.duckdns.org	
anpostparcelcustomtarrifspackagefees.com	
eflowmotor-toll.com	
climate-action-may2023.com	
etrsfr.online	
gou-tx-creds.sbs	
eflowmotorireland.com	
lnterac001svc-verified1.com	
e-transfer-cad.com	
livraison-enattente.com	
postecourrier-express.com	
fdc-grcweb.live	
nexi.verifica-24.com	
fhc-intrcpayperca.online	
cra-account.info	
decline-payment.link	
reject-payment.link	
canadapost-support.net	
rogers-communication.online	
canadapostservice.com	
canadapostsservicesportal.com	
bmo.login-myalerts.com	
s7-mygov.com	
cra-lnterac-etransfer.com	
bchydroref.info	
fssp.live	
telus-payaccnt.com	
pos4ci-tea122.ddns.net	
interactransfert.com	
et-revenue-agency.top	
nzpost-book.com	
nzgovt-refund.com	
au-parcel-trackid.com	
bellcanada.signinportal.com	
my-medi-gov-services.net	
cra-etpayment	
cra-etpayment.con	
cra-etpayment.com	
bellcanada.cainteracreturn.com	
bellcanada.loginclientserver.com	
transfers.climateactincentive.com	
deposits.climateactincentive.com	
climateactincentive.com	
login-mygovinbox.com	
op-fi-un.com	
uber-support-help.com	
help-et.info	
bell-interac.help-et.info	
www.mygov-rebate.online	
parcel-redelivery-nzpost.com	
my.mygov-rebate.online	
apple-help-support.com	
mygov-tax.net	
check-it-online.com	
eflowmotorway.com	
mobile-barclays-auth.com	
anpostboarderpackagefee-customs.com	
myee-bill.com	
toll-servicepayment.com	
eflow-charge-service.com	
schedule-nzpost.com	
toll-m50onlinepayment.com	
anpostborder-customsdeliveryparcelfees.com	
craetransfer.com	
onlinebell-over2022.com	
interac-e-transfer.live	
electric-ie-overdue.com	
lnstagram-treendingbaittouts.com	
lnstagram-trendingbaitoutts.com	
eflow-charging-service.com	
gestion-prime.com	
express-courriersupport.com	
canadapostcv-deliveryintel-gov.com	
et-verified.top	
accountupdate-auth.online	
eflowtollcharge.com	
bmo-mylogin.com	
custverification.info	
cad-revnueagnt.net	
atbsecure.com	
austpostdeliveries.com	
austmygov.org	
eflowroadtoll.com	
caet-1nterac.info	
refundsecuredeposit.com	
canpost-online.com	
bmo.login-clientid.com	
transfer.climateactincentives.ca	
guichet-connectez.com	
bellcanada.billingcenterlogin.com	
fhc-svcportalhme.cyou	
climateactincentives.ca	
deposit.climateactincentives.ca	
transfers.climateactincentives.ca	
returns.climateactincentives.ca	
mycrainteractref544820.com	
bell.returncaportal.com	
authentication-revenucanada.info	
mycra-entitlement.ca	
climateactionincentive-secure.info	
s2-mygov-au.info	
executive-members-coupon-rewards.ca	
kiwi-manage.co.nz	
01lnterac536svc-r.ca	
chatr.wirlesscredit.info	
gouv.can.0x0b9820.ca	
cra.authid.0x0b9820.ca	
arc.authid.0x0b9820.ca	
0x0b9820.ca	
rescheduledelivery2023postca.com	
schedule-mynzpost.com	
mobile.return-centerca.com	
bellcanada.return-centerca.com	
com09b.com	
fsss.live	
e-etdirect-ca.com	
com09a.com	
www.alertinfo.live	
confirm-mygov.com	
mygov-secure-login.info	
deposit-cra-refund.com	
mygov-income-rebate.info	
applepay-enabled.com	
cnd0410cad.top	
cad048cnd.top	
cnd1039notification.top	
mygov-ato.net	
mygov-log.in	
account-user.icu	
www.info0102securi.top	
c1bc-authen-comer.duckdns.org	
netflix-update-au.com	
notice-mygovau.com.au	
toll-paymentonline.com	
electricireland-payonline.com	
ee-payment.com	
accesmygov.ddns.net	
secure-mobile-personal.com	
revenucanada-auth.info	
anpost-packagedeliveryfee.com	
bawag.reaktivierung.net	
acc-screverif.info	
cagov-cra.com	
lnstagram-trendiingbaitouts.com	
bell.clientcanadas.info	
clientcanadas.info	
wirlesscredit.info	
cvcanadapost-delivery-gov.com	
e-etdirect.com	
anpostpackage-deliveyfees.com	
rbc-business-secure.com	
nbgcgr.com	
anpost-alert-fee.com	
rbc-accountsecurity.com	
rbc-secure-business.com	
eflowpayment-toll.com	
transfersinterac.com	
ontario-trilliumbenefit.com	
bmo-secure-service.com	
bmo.myapp-clientid.com	
confirmanpost-ireland.com	
bmo-accountlogin.com	
my-au-site.com	
ben-dep-claim.cfd	
myverificationrbc.com	
costcowholesale-securepay.com	
redirect07a.com	
ab-affordabilitypayment.com	
bmo.client-access1.com	
bmo-loginapp.com	
telus-payfailed.com	
interac-etf.ca	
refundbell-secure.top	
www.refundbell-secure.top	
kiwi-verify.co.nz	
bmomyid-secure.com	
interac-etransfersecure.com	
ab-affordabilitypaymentplan.com	
www.cad048cnd.top	
info0102securi.top	
canadacr-interacnotific-gov.com	
interac-financial.com	
royalbank-client.com	
my-nzpost.com	
craagenecytransfraccept.info	
bmo.myid-secure.com	
austpst-update.xyz	
bmo.mobile2-auth.com	
claiminterac.ca	
auspost-customs-ref.com	
secureaccess-mygov.com	
redirect8b.com	
my-gov-inboxalert.com	
canadapostcv-inteldelivery.top	
appleid-wallet-enable.com	
adjust-your-info.com	
ato-inbox.link	
sec3i-lt.info	
portal-mygov-au.com	
checkyourpost.website	
eflow-pay-fees.com	
op-fi-ou.com	
anpostpackage-customsdeliveryfee.com	
arrears-services.com	
notice-mygovaus.com	
op-fi-oi.com	
redelivery-on.line.pm	
verifybilling-net.ddns.net	
aust-post-on.line.pm	
op-fi-vu.com	
www.service-canada.life	
et-notice.info	
bellmobility-interac.et-notice.info	
bell09-interirac.info	
handelsbanken-auth.com	
grocery-rebate-canada.info	
accounts-uber.myftp.org	
cadpoststatus.ink	
002agnceduca.club	
0revenu0ca.online	
agnce008rev.online	
postal-booking.com	
electric-lreland.com	
prime-aw.com	
bawag.reaktivierung.live	
verificationatb.com	
eflowpayments-toll.com	
secure-lntrc.info	
netfi-xbiiiing.ddns.net	
secured-cad.digital	
www.secured-cad.digital	
secure-bellrefund.top	
www.secure-bellrefund.top	
opbank-auth.com	
cra-interactransfer.info	
wallet-verified.ddns.net	
adjust-mybell.me	
benefit-return.com	
op-auth-fi.com	
client-bnc.net	
inte-rcad.com	
atenlogverifction.duckdns.org	
my-cra-entitlement.ca	
direct-txlg.com	
accweb.mouv-desjardin.com	
api-co-op-help.com	
bellcustomercredit.in	
atb-support.info	
shipment-canadapost.com	
bmo.auth1views.com	
canpost-postcan.ca	
receive-your-mygov.com	
mydirect-nzpost.com	
bmo.onlinesecure1.com	
interac-cracredit.com	
bmo.secureweb-app.com	
bchydro-lnterac.org	
bmo.onlineweb-ca.com	
bmo.websecure-ca.com	
bmo.account1view.com	
www.canpost-online.com	
parcelau-online.com	
rbc-verify.info	
bmo.myapp-online.com	
bmo.my-accountapp.com	
pay-cad.top	
report-inbox-gov.net	
govtre-cafoodreb2023irl.info	
ib-kiwi.co.nz	
mytelusschangerequest.com	
gpss.live	
refund-your-mygov.com	
devaib-hold.com	
held-itemnz.com	
orderfunds-inc.com	
op-fi-uv.com	
claimsmygov.com	
op-fi-uv-in.com	
et-alert.info	
interac-servicecanada.et-alert.info	
op.fi-rhyma.com	
royalmail.via-missed.com	
nzpost-tracked.ddns.net	
apple-reactivate.com	
op-fi-oi-in.com	
op-fi-un-in.com	
op-fi-rhyma.com	
postca-onlinetransfer.ca	
anpostpacel-tarrifcharge.com	
op-fi-nu-in.com	
toll-accpayment.com	
bmoservice-management.com	
servicebmo-management.com	
management-service-bmo.com	
op-auth-device.com	
aib-mobile-personal.com	
cagrocery0523.info	
groceryverification0523.info	
cra-interacetransfer.com	
www.cra-interacetransfer.com	
cra-govcan.com	
postexpress-cpcsupport.com	
inter-e-trans.info	
bmo-etransfer.digital	
interac-servicecanada.et-support.info	
rogers-support.online	
incentive-deposit.ca	
acceptemtinnterac.info	
bmo-secure-login.digital	
ca-lnearc.com	
bmo-review.digital	
secure-bmo.digital	
bmo-login.digital	
bmo-security-centre.digital	
interac-refundcra.com	
canadarevnue-agency-emt.ca	
www.canadarevnue-agency-emt.ca	
serviceslivraison.com	
manage-kiwi.com	
hw8j.com/7gr	
op.auth-2fa.com	
relivraisonexpress.com	
expeditioncourrier-express.com	
confirm-your-info.com	
mycadpoststatus.ink	
e-etdirect-sl.com	
tax-return-govofcad2023.ca	
etransferinterac.com	
bendigo.auth-2fa.com	
ab-affordabilityplan-payment.com	
update-ubo.com	
ab-affordability-paymentform.com	
membershipverif-prime.com	
kiwi-manage.com	
virginbillingteam.com	
aliasmarkket.com	
mangateheque-metier.shop	
interac-transfer-cra.info	
interactransfer-cra.info	
auspost.my.to	
nab-security.net	
climateactreturns.ca	
alberta.climateactreturns.ca	
interac.climateactreturns.ca	
deposit.climateactreturns.ca	
claims.climateactreturns.ca	
transfers.climateactreturns.ca	
bawag.reaktivierung.link	
apple.pay-verification.com	
vm4477684.25ssd.had.wf	
etransfer-secure.com	
direct-itmd.com	
dol239pos.ddns.net	
applepay.anal-slavery.com	
e-interact.ca	
atpost.reaktivirung.com	
santanderuk.client-profile.com	
cppost-reschedul-delivery5.com	
bell.clientportals.info	
clientportals.info	
auspost.secure5.online	
secureinterac1service.com	
groceryrebate-cra.com	
groceryauth.com	
etdirect-pl.com	
ptsb-suspension-alert.com	
intract.ca	
intract.online	
eflowtollfees.com	
can-gov.com	
wallet.mobi-profile.com	
mytelus-login.com	
rbc-verified.info	
bmo-mastercard.digital	
mastercard-bmo.digital	
bmo-global.digital	
bmo-cardservices.digital	
bmo-interac.digital	
cxsw1.delbarco.pt	
cxws3.delbarco.pt	
cxws4.delbarco.pt	
cxws5.delbarco.pt	
cxws6.delbarco.pt	
canpomail.com	
e-transfer.us	
secured-citizens-en.top	
www.secured-citizens-en.top	
api-sec-copn62-location.com	
torontodominon.online	
3-updatemyaccount.com	
chatrbillingteam.com	
et-cadrev-deposi.ca	
interac-taxdeposit.com	
activate-wallet-portal.com	
claim-groceryrebate.com	
secure04ae-jpm-verify.com	
kycvertificationservices.com	
change-your-info.com	
commbank-security.net	
et-note.info	
interac-servicecanada.et-note.info	
austpost-on.line.pm	
my.secure-portal-client.com	
inbox-anz.com	
secure3-commbank.com	
eflow-ie-update.com	
eflow-motorway-fee.com	
anpost-service-cutomsfee.com	
toll-eflowpayment.com	
myapplepay.ddns.net	
mytelus-myinterac.com	
updatemy3account.com	
claim-groceryrebate.info	
toll-online-services.com	
canadapost-deliveryintel-services.com	
costcowholesale-rewards.info	
rewards-costcowholesale.info	
interaclink.page	
rbc-validation.info	
myfreedom-deposit.com	
et-cadrev-etrans1.com	
anpostparcel.com	
cadrev-deposi1-emt.com	
etdirect-tl.com	
update-3details.com	
3-4e5.co	
claim-rev.info	
entrcc.com	
receive4u.online	
promos-interac.ca	
mygov-check.com	
desiredtabon.xyz	
interac-etcra.com	
etransf-frmcadrev.com	
telus-mybill.com	
telus-mybillings.com	
telus-mybillpay.com	
telus-mybillpayment.com	
www.info-cust0mer.top	
telus-mybillpayments.com	
telus-mybills.com	
aupos.info	
delivery-reschedule.mobi	
cad-postinfo.com	
online-ib-kiwi.com	
netflix-registration.shop	
op-fi-rhyma.net	
expresspost-cpcreschedule.com	
secure-mygov-log.in	
your-info.live	
s4-mygov-au.com	
upappnow.com	
secure.banking3-commbank.com.au	
ib-kiwi-nz.com	
s8-mygov-au.com	
eflowmotorway-fee.com	
eflow-motorwaytoll.com	
www.carrier-billing.top	
help-anz.com.au	
electric-ireland-alert.com	
toll-acc-payment.com	
grocery-rebate-canada2023.info	
gov-interacdeposit.com	
www.delivery-caposte.life	
electricireland-pay-online.com	
alert-commbank.net	
e-aunth-pments000.com	
dol279zos.ddns.net	
climateincentivereturns.com	
transfers.climateincentivereturns.com	
alberta.climateincentivereturns.com	
deposit.climateincentivereturns.com	
bmo-secureid.com	
www.agency-canada.life	
desjardins-verification.info	
capost1010-parceldeliveryhere.com	
eflow-tollpaymentfee.com	
bmo-auth1login.com	
courriernonlivrer.com	
bmo-myaccess.com	
eflow-arrears-service.com	
	
	
	
	
	
	
	
	
	
	
	
	
	
	
	
	
	
	
	
	
	
	
	
	
	
	
	
	
	
	
	
	
	
	
	
	
	
	
	
	
	
	
	
	
	
	
	
	
	
	
	
	
	
	
	
	
	
	
	
	
	
	
	
	
	
	
	
	
	
	
	
	
	
	
	
	
	
	
	
	
	
	
	
	
	
	
	
	
	
	
	
	
	
	
	
	
	
	
	
	
	
	
	
	
	
	
	
	
	
	
	
	
	
	
	
	
	
	
	
	
	
	
	
	
	
	
	
	
	
	
	
	
	
	
	
	
	
	
	
	
	
	
	
	
	
	
	
	
	
	
	
	
	
	
	
	
	
	
	
	
	
	
	
	
	
	
	
	
	
	
	
	
	
	
	
	
	
	
	
	
	
	
	
	
	
	
	
	
	
	
	
	
	
	
	
	
	
	
	
	
	
	
	
	
	
	
	
	
	
	
	
	
	
	
	
	
	
	
	
	
	
	
	
	
	
	
	
	
	
	
	
	
	
	
	
	
	
	
	
	
	
	
	
	
	
	
	
	
	
	
	
	
	
	
	
	
	
	
	
	
	
	
	
	
	
	
	
	
	
	
	
	
	
	
	
	
	
	
	
	
	
	
	
	
	
	
	
	
	
	
	
	
	
	
	
	
	
	
	
	
	
	
	
	
	
	
	
	
	
	
	
	
	
	
	
	
	
	
	
	
	
	
	
	
	
	
	
	
	
	
	
	
	
	
	
	
	
	
	
	
	
	
	
	
	
	
	
	
	
	
	
	
	
	
	
	
	
	
	
	
	
	
	
	
	
	
	
	
	
	
	
	
	
	
	
	
	
	
	
	
	
	
	
	
	
	
	
	
	
	
	
	
	
	
	
	
	
	
	
	
	
	
	
	
	
	
	
	
	
	
	
	
	
	
	
	
	
	
	
	
	
	
	
	
	
	
	
	
	
	
	
	
	
	
	
	
	
	
	
	
	
	
	
	
	
	
	
	
	
	
	
	
	
	
	
	
	
	
	
	
	
	
	
	
	
	
	
	
	
	
	
	
	
	
	
	
	
	
	
	
	
	
	
	
	
	
	
	
	
	
	
	
	
	
	
	
	
	
	
	
	
	
	
	
	
	
	
	
	
	
	
	
	
	
	
	
	
	
	
	
	
	
	
	
	
	
	
	
	
	
	
	
	
	
	
	
	
	
	
	
	
	
	
	
	
	
	
	
	
	
	
	
	
	
	
	
	
	
	
	
	
	
	
	
	
	
	
	
	
	
	
	
	
	
	
	
	
	
	
	
	
	
	
	
	
	
	
	
	
	
	
	
	
	
	
	
	
	
	
	
	
	
	
	
	
	
	
	
	
	
	
	
	
	
	
	
	
	
	
	
	
	
	
	
	
	
	
	
	
	
	
	
	
	
	
	
	
	
	
	
	
	
	
	
	
	
	
	
	
	
	
	
	
	
	
	
	
	
	
	
	
	
	
	
	
	
	
	
	
	
	
	
	
	
	
	
	
	
	
	
	
	
	
	
	
	
	
	
	
	
	
	
	
	
	
	
	
	
	
	
	
	
	
	
	
	
	
	
	
	
	
	
	
	
	
	
	
	
	
	
	
	
	
	
	
	
	
	
	
	
	
	
	
	
	
	
	
	
	
	
	
	
	
	
	
	
	
	
	
	
	
	
	
	
	
	
	
	
	
	
	
	
	
	
	
	
	
	
	
	
	
	
	
	
	
	
	
	
	
	
	
	
	
	
	
	
	
	
	
	
	
	
	
	
	
	
	
	
	
	
	
	
	
	
	
	
	
	
	
	
	
	
	
	
	
	
	
	
	
	
	
	
	
	
	
	
	
	
	
	
	
	
	
	
	
	
	
	
	
	
	
	
	
	
	
	
	
	
	
	
	
	
	
	
	
	
	
	
	
	
	
	
	
	
	
	
	
	
	
	
	
	
	
	
	
	
	
	
	
	
	
	
	
	
	
	
	
	
	
	
	
	
	
	
	
	
	
	
	
	
	
	
	
	
	
	
	
	
	
	
	
	
	
	
	
	
	
	
	
	
	
	
	
	
	
	
	
	
	
	
	
	
	
	
	
	
	
	
	
	
	
	
	
	
	
	
	
	
	
	
	
	
	
	
	
	
	
	
	
	
	
	
	
	
	
	
	
	
	
	
	
	
	
	
	
	
	
	
	
	
	
	
	
	
	
	
	
	
	
	
	
	
	
	
	
	
	
	
	
	
	
	
	
	
	
	
	
	
	
	
	
	
	
	
	
	
	
	
	
	
	
	
	
	
	
	
	
	
	
	
	
	
	
	
	
	
	
	
	
	
	
	
	
	
	
	
	
	
	
	
	
	
	
	
	
	
	
	
	
	
	
	
	
	
	
	
	
	
	
	
	
	
	
	
	
	
	
	
	
	
	
	
	
	
	
	
	
	
	
	
	
	
	
	
	
	
	
	
	
	
	
	
	
	
	
	
	
	
	
	
	
	
	
	
	
	
	
	
	
	
	
	
	
	
	
	
	
	
	
	
	
	
	
	
	
	
	
	
	
	
	
	
	
	
	
	
	
	
	
	
	
	
	
	
	
	
	
	
	
	
	
	
	
	
	
	
	
	
	
	
	
	
	
	
	
	
	
	
	
	
	
	
	
	
	
	
	
	
	
	
	
	
	
	
	
	
	
	
	
	
	
	
	
	
	
	
	
	
	
	
	
	
	
	
	
	
	
	
	
	
	
	
	
	
	
	
	
	
	
	
	
	
	
	
	
	
	
	
	
	
	
	
	
	
	
	
	
	
	
	
	
	
	
	
	
	
	
	
	
	
	
	
	
	
	
	
	
	
	
	
	
	
	
	
	
	
	
	
	
	
	
	
	
	
	
	
	
	
	
	
	
	
	
	
	
	
	
	
	
	
	
	
	
	
	
	
	
	
	
	
	
	
	
	
	
	
	
	
	
	
	
	
	
	
	
	
	
	
	
	
	
	
	
	
	
	
	
	
	
	
	
	
	
	
	
	
	
	
	
	
	
	
	
	
	
	
	
	
	
	
	
	
	
	
	
	
	
	
	
	
	
	
	
	
	
	
	
	
	
	
	
	
	
	
	
	
	
	
	
	
	
	
	
	
	
	
	
	
	
	
	
	
	
	
	
	
	
	
	
	
	
	
	
	
	
	
	
	
	
	
	
	
	
	
	
	
	
	
	
	
	
	
	
	
	
	
	
	
	
	
	
	
	
	
	
	
	
	
	
	
	
	
	
	
	
	
	
	
	
	
	
	
	
	
	
	
	
	
	
	
	
	
	
	
	
	
	
	
	
	
	
	
	
	
	
	
	
	
	
	
	
	
	
	
	
	
	
	
	
	
	
	
	
	
	
	
	
	
	
	
	
	
	
	
	
	
	
	
	
	
	
	
	
	
	
	
	
	
	
	
	
	
	
	
	
	
	
	
	
	
	
	
	
	
	
	
	
	
	
	
	
	
	
	
	
	
	
	
	
	
	
	
	
	
	
	
	
	
	
	
	
	
	
	
	
	
	
	
	
	
	
	
	
	
	
	
	
	
	
	
	
	
	
	
	
	
	
	
	
	
	
	
	
	
	
	
	
	
	
	
	
	
	
	
	
	
	
	
	
	
	
	
	
	
	
	
	
	
	
	
	
	
	
	
	
	
	
	
	
	
	
	
	
	
	
	
	
	
	
	
	
	
	
	
	
	
	
	
	
	
	
	
	
	
	
	
	
	
	
	
	
	
	
	
	
	
	
	
	
	
	
	
	
	
	
	
	
	
	
	
	
	
	
	
	
	
	
	
	
	
	
	
	
	
	
	
	
	
	
	
	
	
	
	
	
	
	
	
	
	
	
	
	
	
	
	
	
	
	
	
	
	
	
	
	
	
	
	
	
	
	
	
	
	
	
	
	
	
	
	
	
	
	
	
	
	
	
	
	
	
	
	
	
	
	
	
	
	
	
	
	
	
	
	
	
	
	
	
	
	
	
	
	
	
	
	
	
	
	
	
	
	
	
	
	
	
	
	
	
	
	
	
	
	
	
	
	
	
	
	
	
	
	
	
	
	
	
	
	
	
	
	
	
	
	
	
	
	
	
	
	
	
	
	
	
	
	
	
	
	
	
	
	
	
	
	
	
	
	
	
	
	
	
	
	
	
	
	
	
	
	
	
	
	
	
	
	
	
	
	
	
	
	
	
	
	
	
	
	
	
	
	
	
	
	
	
	
	
	
	
	
	
	
	
	
	
	
	
	
	
	
	
	
	
	
	
	
	
	
	
	
	
	
	
	
	
	
	
	
	
	
	
	
	
	
	
	
	
	
	
	
	
	
	
	
	
	
	
	
	
	
	
	
	
	
	
	
	
	
	
	
	
	
	
	
	
	
	
	
	
	
	
	
	
	
	
	
	
	
	
	
	
	
	
	
	
	
	
	
	
	
	
	
	
	
	
	
	
	
	
	
	
	
	
	
	
	
	
	
	
	
	
	
	
	
	
	
	
	
	
	
	
	
	
	
	
	
	
	
	
	
	
	
	
	
	
	
	
	
	
	
	
	
	
	
	
	
	
	
	
	
	
	
	
	
	
	
	
	
	
	
	
	
	
	
	
	
	
	
	
	
	
	
	
	
	
	
	
	
	
	
	
	
	
	
	
	
	
	
	
	
	
	
	
	
	
	
	
	
	
	
	
	
	
	
	
	
	
	
	
	
	
	
	
	
	
	
	
	
	
	
	
	
	
	
	
	
	
	
	
	
	
	
	
	
	
	
	
	
	
	
	
	
	
	
	
	
	
	
	
	
	
	
	
	
	
	
	
	
	
	
	
	
	
	
	
	
	
	
	
	
	
	
	
	
	
	
	
	
	
	
	
	
	
	
	
	
	
	
	
	
	
	
	
	
	
	
	
	
	
	
	
	
	
	
	
	
	
	
	
	
	
	
	
	
	
	
	
	
	
	
	
	
	
	
	
	
	
	
	
	
	
	
	
	
	
	
	
	
	
	
	
	
	
	
	
	
	
	
	
	
	
	
	
	
	
	
	
	
	
	
	
	
	
	
	
	
	
	
	
	
	
	
	
	
	
	
	
	
	
	
	
	
	
	
	
	
	
	
	
	
	
	
	
	
	
	
	
	
	
	
	
	
	
	
	
	
	
	
	
	
	
	
	
	
	
	
	
	
	
	
	
	
	
	
	
	
	
	
	
	
	
	
	
	
	
	
	
	
	
	
	
	
	
	
	
	
	
	
	
	
	
	
	
	
	
	
	
	
	
	
	
	
	
	
	
	
	
	
	
	
	
	
	
	
	
	
	
	
	
	
	
	
	
	
	
	
	
	
	
	
	
	
	
	
	
	
	
	
	
	
	
	
	
	
	
	
	
	
	
	
	
	
	
	
	
	
	
	
	
	
	
	
	
	
	
	
	
	
	
	
	
	
	
	
	
	
	
	
	
	
	
	
	
	
	
	
	
	
	
	
	
	
	
	
	
	
	
	
	
	
	
	
	
	
	
	
	
	
	
	
	
	
	
	
	
	
	
	
	
	
	
	
	
	
	
	
	
	
	
	
	
	
	
	
	
	
	
	
	
	
	
	
	
	
	
	
	
	
	
	
	
	
	
	
	
	
	
	
	
	
	
	
	
	
	
	
	
	
	
	
	
	
	
	
	
	
	
	
	
	
	
	
	
	
	
	
	
	
	
	
	
	
	
	
	
	
	
	
	
	
	
	
	
	
	
	
	
	
	
	
	
	
	
	
	
	
	
	
	
	
	
	
	
	
	
	
	
	
	
	
	
	
	
	
	
	
	
	
	
	
	
	
	
	
	
	
	
	
	
	
	
	
	
	
	
	
	
	
	
	
	
	
	
	
	
	
	
	
	
	
	
	
	
	
	
	
	
	
	
	
	
	
	
	
	
	
	
	
	
	
	
	
	
	
	
	
	
	
	
	
	
	
	
	
	
	
	
	
	
	
	
	
	
	
	
	
	
	
	
	
	
	
	
	
	
	
	
	
	
	
	
	
	
	
	
	
	
	
	
	
	
	
	
	
	
	
	
	
	
	
	
	
	
	
	
	
	
	
	
	
	
	
	
	
	
	
	
	
	
	
	
	
	
	
	
	
	
	
	
	
	
	
	
	
	
	
	
	
	
	
	
	
	
	
	
	
	
	
	
	
	
	
	
	
	
	
	
	
	
	
	
	
	
	
	
	
	
	
	
	
	
	
	
	
	
	
	
	
	
	
	
	
	
	
	
	
	
	
	
	
	
	
	
	
	
	
	
	
	
	
	
	
	
	
	
	
	
	
	
	
	
	
	
	
	
	
	
	
	
	
	
	
	
	
	
	
	
	
	
	
	
	
	
	
	
	
	
	
	
	
	
	
	
	
	
	
	
	
	
	
	
	
	
	
	
	
	
	
	
	
	
	
	
	
	
	
	
	
	
	
	
	
	
	
	
	
	
	
	
	
	
	
	
	
	
	
	
	
	
	
	
	
	
	
	
	
	
	
	
	
	
	
	
	
	
	
	
	
	
	
	
	
	
	
	
	
	
	
	
	
	
	
	
	
	
	
	
	
	
	
	
	
	
	
	
	
	
	
	
	
	
	
	
	
	
	
	
	
	
	
	
	
	
	
	
	
	
	
	
	
	
	
	
	
	
	
	
	
	
	
	
	
	
	
	
	
	
	
	
	
	
	
	
	
	
	
	
	
	
	
	
	
	
	
	
	
	
	
	
	
	
	
	
	
	
	
	
	
	
	
	
	
	
	
	
	
	
	
	
	
	
	
	
	
	
	
	
	
	
	
	
	
	
	
	
	
	
	
	
	
	
	
	
	
	
	
	
	
	
	
	
	
	
	
	
	
	
	
	
	
	
	
	
	
	
	
	
	
	
	
	
	
	
	
	
	
	
	
	
	
	
	
	
	
	
	
	
	
	
	
	
	
	
	
	
	
	
	
	
	
	
	
	
	
	
	
	
	
	
	
	
	
	
	
	
	
	
	
	
	
	
	
	
	
	
	
	
	
	
	
	
	
	
	
	
	
	
	
	
	
	
	
	
	
	
	
	
	
	
	
	
	
	
	
	
	
	
	
	
	
	
	
	
	
	
	
	
	
	
	
	
	
	
	
	
	
	
	
	
	
	
	
	
	
	
	
	
	
	
	
	
	
	
	
	
	
	
	
	
	
	
	
	
	
	
	
	
	
	
	
	
	
	
	
	
	
	
	
	
	
	
	
	
	
	
	
	
	
	
	
	
	
	
	
	
	
	
	
	
	
	
	
	
	
	
	
	
	
	
	
	
	
	
	
	
	
	
	
	
	
	
	
	
	
	
	
	
	
	
	
	
	
	
	
	
	
	
	
	
	
	
	
	
	
	
	
	
	
	
	
	
	
	
	
	
	
	
	
	
	
	
	
	
	
	
	
	
	
	
	
	
	
	
	
	
	
	
	
	
	
	
	
	
	
	
	
	
	
	
	
	
	
	
	
	
	
	
	
	
	
	
	
	
	
	
	
	
	
	
	
	
	
	
	
	
	
	
	
	
	
	
	
	
	
	
	
	
	
	
	
	
	
	
	
	
	
	
	
	
	
	
	
	
	
	
	
	
	
	
	
	
	
	
	
	
	
	
	
	
	
	
	
	
	
	
	
	
	
	
	
	
	
	
	
	
	
	
	
	
	
	
	
	
	
	
	
	
	
	
	
	
	
	
	
	
	
	
	
	
	
	
	
	
	
	
	
	
	
	
	
	
	
	
	
	
	
	
	
	
	
	
	
	
	
	
	
	
	
	
	
	
	
	
	
	
	
	
	
	
	
	
	
	
	
	
	
	
	
	
	
	
	
	
	
	
	
	
	
	
	
	
	
	
	
	
	
	
	
	
	
	
	
	
	
	
	
	
	
	
	
	
	
	
	
	
	
	
	
	
	
	
	
	
	
	
	
	
	
	
	
	
	
	
	
	
	
	
	
	
	
	
	
	
	
	
	
	
	
	
	
	
	
	
	
	
	
	
	
	
	
	
	
	
	
	
	
	
	
	
	
	
	
	
	
	
	
	
	
	
	
	
	
	
	
	
	
	
	
	
	
	
	
	
	
	
	
	
	
	
	
	
	
	
	
	
	
	
	
	
	
	
	
	
	
	
	
	
	
	
	
	
	
	
	
	
	
	
	
	
	
	
	
	
	
	
	
	
	
	
	
	
	
	
	
	
	
	
	
	
	
	
	
	
	
	
	
	
	
	
	
	
	
	
	
	
	
	
	
	
	
	
	
	
	
	
	
	
	
	
	
	
	
	
	
	
	
	
	
	
	
	
	
	
	
	
	
	
	
	
	
	
	
	
	
	
	
	
	
	
	
	
	
	
	
	
	
	
	
	
	
	
	
	
	
	
	
	
	
	
	
	
	
	
	
	
	
	
	
	
	
	
	
	
	
	
	
	
	
	
	
	
	
	
	
	
	
	
	
	
	
	
	
	
	
	
	
	
	
	
	
	
	
	
	
	
	
	
	
	
	
	
	
	
	
	
	
	
	
	
	
	
	
	
	
	
	
	
	
	
	
	
	
	
	
	
	
	
	
	
	
	
	
	
	
	
	
	
	
	
	
	
	
	
	
	
	
	
	
	
	
	
	
	
	
	
	
	
	
	
	
	
	
	
	
	
	
	
	
	
	
	
	
	
	
	
	
	
	
	
	
	
	
	
	
	
	
	
	
	
	
	
	
	
	
	
	
	
	
	
	
	
	
	
	
	
	
	
	
	
	
	
	
	
	
	
	
	
	
	
	
	
	
	
	
	
	
	
	
	
	
	
	
	
	
	
	
	
	
	
	
	
	
	
	
	
	
	
	
	
	
	
	
	
	
	
	
	
	
	
	
	
	
	
	
	
	
	
	
	
	
	
	
	
	
	
	
	
	
	
	
	
	
	
	
	
	
	
	
	
	
	
	
	
	
	
	
	
	
	
	
	
	
	
	
	
	
	
	
	
	
	
	
	
	
	
	
	
	
	
	
	
	
	
	
	
	
	
	
	
	
	
	
	
	
	
	
	
	
	
	
	
	
	
	
	
	
	
	
	
	
	
	
	
	
	
	
	
	
	
	
	
	
	
	
	
	
	
	
	
	
	
	
	
	
	
	
	
	
	
	
	
	
	
	
	
	
	
	
	
	
	
	
	
	
	
	
	
	
	
	
	
	
	
	
	
	
	
	
	
	
	
	
	
	
	
	
	
	
	
	
	
	
	
	
	
	
	
	
	
	
	
	
	
	
	
	
	
	
	
	
	
	
	
	
	
	
	
	
	
	
	
	
	
	
	
	
	
	
	
	
	
	
	
	
	
	
	
	
	
	
	
	
	
	
	
	
	
	
	
	
	
	
	
	
	
	
	
	
	
	
	
	
	
	
	
	
	
	
	
	
	
	
	
	
	
	
	
	
	
	
	
	
	
	
	
	
	
	
	
	
	
	
	
	
	
	
	
	
	
	
	
	
	
	
	
	
	
	
	
	
	
	
	
	
	
	
	
	
	
	
	
	
	
	
	
	
	
	
	
	
	
	
	
	
	
	
	
	
	
	
	
	
	
	
	
	
	
	
	
	
	
	
	
	
	
	
	
	
	
	
	
	
	
	
	
	
	
	
	
	
	
	
	
	
	
	
	
	
	
	
	
	
	
	
	
	
	
	
	
	
	
	
	
	
	
	
	
	
	
	
	
	
	
	
	
	
	
	
	
	
	
	
	
	
	
	
	
	
	
	
	
	
	
	
	
	
	
	
	
	
	
	
	
	
	
	
	
	
	
	
	
	
	
	
	
	
	
	
	
	
	
	
	
	
	
	
	
	
	
	
	
	
	
	
	
	
	
	
	
	
	
	
	
	
	
	
	
	
	
	
	
	
	
	
	
	
	
	
	
	
	
	
	
	
	
	
	
	
	
	
	
	
	
	
	
	
	
	
	
	
	
	
	
	
	
	
	
	
	
	
	
	
	
	
	
	
	
	
	
	
	
	
	
	
	
	
	
	
	
	
	
	
	
	
	
	
	
	
	
	
	
	
	
	
	
	
	
	
	
	
	
	
	
	
	
	
	
	
	
	
	
	
	
	
	
	
	
	
	
	
	
	
	
	
	
	
	
	
	
	
	
	
	
	
	
	
	
	
	
	
	
	
	
	
	
	
	
	
	
	
	
	
	
	
	
	
	
	
	
	
	
	
	
	
	
	
	
	
	
	
	
	
	
	
	
	
	
	
	
	
	
	
	
	
	
	
	
	
	
	
	
	
	
	
	
	
	
	
	
	
	
	
	
	
	
	
	
	
	
	
	
	
	
	
	
	
	
	
	
	
	
	
	
	
	
	
	
	
	
	
	
	
	
	
	
	
	
	
	
	
	
	
	
	
	
	
	
	
	
	
	
	
	
	
	
	
	
	
	
	
	
	
	
	
	
	
	
	
	
	
	
	
	
	
	
	
	
	
	
	
	
	
	
	
	
	
	
	
	
	
	
	
	
	
	
	
	
	
	
	
	
	
	
	
	
	
	
	
	
	
	
	
	
	
	
	
	
	
	
	
	
	
	
	
	
	
	
	
	
	
	
	
	
	
	
	
	
	
	
	
	
	
	
	
	
	
	
	
	
	
	
	
	
	
	
	
	
	
	
	
	
	
	
	
	
	
	
	
	
	
	
	
	
	
	
	
	
	
	
	
	
	
	
	
	
	
	
	
	
	
	
	
	
	
	
	
	
	
	
	
	
	
	
	
	
	
	
	
	
	
	
	
	
	
	
	
	
	
	
	
	
	
	
	
	
	
	
	
	
	
	
	
	
	
	
	
	
	
	
	
	
	
	
	
	
	
	
	
	
	
	
	
	
	
	
	
	
	
	
	
	
	
	
	
	
	
	
	
	
	
	
	
	
	
	
	
	
	
	
	
	
	
	
	
	
	
	
	
	
	
	
	
	
	
	
	
	
	
	
	
	
	
	
	
	
	
	
	
	
	
	
	
	
	
	
	
	
	
	
	
	
	
	
	
	
	
	
	
	
	
	
	
	
	
	
	
	
	
	
	
	
	
	
	
	
	
	
	
	
	
	
	
	
	
	
	
	
	
	
	
	
	
	
	
	
	
	
	
	
	
	
	
	
	
	
	
	
	
	
	
	
	
	
	
	
	
	
	
	
	
	
	
	
	
	
	
	
	
	
	
	
	
	
	
	
	
	
	
	
	
	
	
	
	
	
	
	
	
	
	
	
	
	
	
	
	
	
	
	
	
	
	
	
	
	
	
	
	
	
	
	
	
	
	
	
	
	
	
	
	
	
	
	
	
	
	
	
	
	
	
	
	
	
	
	
	
	
	
	
	
	
	
	
	
	
	
	
	
	
	
	
	
	
	
	
	
	
	
	
	
	
	
	
	
	
	
	
	
	
	
	
	
	
	
	
	
	
	
	
	
	
	
	
	
	
	
	
	
	
	
	
	
	
	
	
	
	
	
	
	
	
	
	
	
	
	
	
	
	
	
	
	
	
	
	
	
	
	
	
	
	
	
	
	
	
	
	
	
	
	
	
	
	
	
	
	
	
	
	
	
	
	
	
	
	
	
	
	
	
	
	
	
	
	
	
	
	
	
	
	
	
	
	
	
	
	
	
	
	
	
	
	
	
	
	
	
	
	
	
	
	
	
	
	
	
	
	
	
	
	
	
	
	
	
	
	
	
	
	
	
	
	
	
	
	
	
	
	
	
	
	
	
	
	
	
	
	
	
	
	
	
	
	
	
	
	
	
	
	
	
	
	
	
	
	
	
	
	
	
	
	
	
	
	
	
	
	
	
	
	
	
	
	
	
	
	
	
	
	
	
	
	
	
	
	
	
	
	
	
	
	
	
	
	
	
	
	
	
	
	
	
	
	
	
	
	
	
	
	
	
	
	
	
	
	
	
	
	
	
	
	
	
	
	
	
	
	
	
	
	
	
	
	
	
	
	
	
	
	
	
	
	
	
	
	
	
	
	
	
	
	
	
	
	
	
	
	
	
	
	
	
	
	
	
	
	
	
	
	
	
	
	
	
	
	
	
	
	
	
	
	
	
	
	
	
	
	
	
	
	
	
	
	
	
	
	
	
	
	
	
	
	
	
	
	
	
	
	
	
	
	
	
	
	
	
	
	
	
	
	
	
	
	
	
	
	
	
	
	
	
	
	
	
	
	
	
	
	
	
	
	
	
	
	
	
	
	
	
	
	
	
	
	
	
	
	
	
	
	
	
	
	
	
	
	
	
	
	
	
	
	
	
	
	
	
	
	
	
	
	
	
	
	
	
	
	
	
	
	
	
	
	
	
	
	
	
	
	
	
	
	
	
	
	
	
	
	
	
	
	
	
	
	
	
	
	
	
	
	
	
	
	
	
	
	
	
	
	
	
	
	
	
	
	
	
	
	
	
	
	
	
	
	
	
	
	
	
	
	
	
	
	
	
	
	
	
	
	
	
	
	
	
	
	
	
	
	
	
	
	
	
	
	
	
	
	
	
	
	
	
	
	
	
	
	
	
	
	
	
	
	
	
	
	
	
	
	
	
	
	
	
	
	
	
	
	
	
	
	
	
	
	
	
	
	
	
	
	
	
	
	
	
	
	
	
	
	
	
	
	
	
	
	
	
	
	
	
	
	
	
	
	
	
	
	
	
	
	
	
	
	
	
	
	
	
	
	
	
	
	
	
	
	
	
	
	
	
	
	
	
	
	
	
	
	
	
	
	
	
	
	
	
	
	
	
	
	
	
	
	
	
	
	
	
	
	
	
	
	
	
	
	
	
	
	
	
	
	
	
	
	
	
	
	
	
	
	
	
	
	
	
	
	
	
	
	
	
	
	
	
	
	
	
	
	
	
	
	
	
	
	
	
	
	
	
	
	
	
	
	
	
	
	
	
	
	
	
	
	
	
	
	
	
	
	
	
	
	
	
	
	
	
	
	
	
	
	
	
	
	
	
	
	
	
	
	
	
	
	
	
	
	
	
	
	
	
	
	
	
	
	
	
	
	
	
	
	
	
	
	
	
	
	
	
	
	
	
	
	
	
	
	
	
	
	
	
	
	
	
	
	
	
	
	
	
	
	
	
	
	
	
	
	
	
	
	
	
	
	
	
	
	
	
	
	
	
	
	
	
	
	
	
	
	
	
	
	
	
	
	
	
	
	
	
	
	
	
	
	
	
	
	
	
	
	
	
	
	
	
	
	
	
	
	
	
	
	
	
	
	
	
	
	
	
	
	
	
	
	
	
	
	
	
	
	
	
	
	
	
	
	
	
	
	
	
	
	
	
	
	
	
	
	
	
	
	
	
	
	
	
	
	
	
	
	
	
	
	
	
	
	
	
	
	
	
	
	
	
	
	
	
	
	
	
	
	
	
	
	
	
	
	
	
	
	
	
	
	
	
	
	
	
	
	
	
	
	
	
	
	
	
	
	
	
	
	
	
	
	
	
	
	
	
	
	
	
	
	
	
	
	
	
	
	
	
	
	
	
	
	
	
	
	
	
	
	
	
	
	
	
	
	
	
	
	
	
	
	
	
	
	
	
	
	
	
	
	
	
	
	
	
	
	
	
	
	
	
	
	
	
	
	
	
	
	
	
	
	
	
	
	
	
	
	
	
	
	
	
	
	
	
	
	
	
	
	
	
	
	
	
	
	
	
	
	
	
	
	
	
	
	
	
	
	
	
	
	
	
	
	
	
	
	
	
	
	
	
	
	
	
	
	
	
	
	
	
	
	
	
	
	
	
	
	
	
	
	
	
	
	
	
	
	
	
	
	
	
	
	
	
	
	
	
	
	
	
	
	
	
	
	
	
	
	
	
	
	
	
	
	
	
	
	
	
	
	
	
	
	
	
	
	
	
	
	
	
	
	
	
	
	
	
	
	
	
	
	
	
	
	
	
	
	
	
	
	
	
	
	
	
	
	
	
	
	
	
	
	
	
	
	
	
	
	
	
	
	
	
	
	
	
	
	
	
	
	
	
	
	
	
	
	
	
	
	
	
	
	
	
	
	
	
	
	
	
	
	
	
	
	
	
	
	
	
	
	
	
	
	
	
	
	
	
	
	
	
	
	
	
	
	
	
	
	
	
	
	
	
	
	
	
	
	
	
	
	
	
	
	
	
	
	
	
	
	
	
	
	
	
	
	
	
	
	
	
	
	
	
	
	
	
	
	
	
	
	
	
	
	
	
	
	
	
	
	
	
	
	
	
	
	
	
	
	
	
	
	
	
	
	
	
	
	
	
	
	
	
	
	
	
	
	
	
	
	
	
	
	
	
	
	
	
	
	
	
	
	
	
	
	
	
	
	
	
	
	
	
	
	
	
	
	
	
	
	
	
	
	
	
	
	
	
	
	
	
	
	
	
	
	
	
	
	
	
	
	
	
	
	
	
	
	
	
	
	
	
	
	
	
	
	
	
	
	
	
	
	
	
	
	
	
	
	
	
	
	
	
	
	
	
	
	
	
	
	
	
	
	
	
	
	
	
	
	
	
	
	
	
	
	
	
	
	
	
	
	
	
	
	
	
	
	
	
	
	
	
	
	
	
	
	
	
	
	
	
	
	
	
	
	
	
	
	
	
	
	
	
	
	
	
	
	
	
	
	
	
	
	
	
	
	
	
	
	
	
	
	
	
	
	
	
	
	
	
	
	
	
	
	
	
	
	
	
	
	
	
	
	
	
	
	
	
	
	
	
	
	
	
	
	
	
	
	
	
	
	
	
	
	
	
	
	
	
	
	
	
	
	
	
	
	
	
	
	
	
	
	
	
	
	
	
	
	
	
	
	
	
	
	
	
	
	
	
	
	
	
	
	
	
	
	
	
	
	
	
	
	
	
	
	
	
	
	
	
	
	
	
	
	
	
	
	
	
	
	
	
	
	
	
	
	
	
	
	
	
	
	
	
	
	
	
	
	
	
	
	
	
	
	
	
	
	
	
	
	
	
	
	
	
	
	
	
	
	
	
	
	
	
	
	
	
	
	
	
	
	
	
	
	
	
	
	
	
	
	
	
	
	
	
	
	
	
	
	
	
	
	
	
	
	
	
	
	
	
	
	
	
	
	
	
	
	
	
	
	
	
	
	
	
	
	
	
	
	
	
	
	
	
	
	
	
	
	
	
	
	
	
	
	
	
	
	
	
	
	
	
	
	
	
	
	
	
	
	
	
	
	
	
	
	
	
	
	
	
	
	
	
	
	
	
	
	
	
	
	
	
	
	
	
	
	
	
	
	
	
	
	
	
	
	
	
	
	
	
	
	
	
	
	
	
	
	
	
	
	
	
	
	
	
	
	
	
	
	
	
	
	
	
	
	
	
	
	
	
	
	
	
	
	
	
	
	
	
	
	
	
	
	
	
	
	
	
	
	
	
	
	
	
	
	
	
	
	
	
	
	
	
	
	
	
	
	
	
	
	
	
	
	
	
	
	
	
	
	
	
	
	
	
	
	
	
	
	
	
	
	
	
	
	
	
	
	
	
	
	
	
	
	
	
	
	
	
	
	
	
	
	
	
	
	
	
	
	
	
	
	
	
	
	
	
	
	
	
	
	
	
	
	
	
	
	
	
	
	
	
	
	
	
	
	
	
	
	
	
	
	
	
	
	
	
	
	
	
	
	
	
	
	
	
	
	
	
	
	
	
	
	
	
	
	
	
	
	
	
	
	
	
	
	
	
	
	
	
	
	
	
	
	
	
	
	
	
	
	
	
	
	
	
	
	
	
	
	
	
	
	
	
	
	
	
	
	
	
	
	
	
	
	
	
	
	
	
	
	
	
	
	
	
	
	
	
	
	
	
	
	
	
	
	
	
	
	
	
	
	
	
	
	
	
	
	
	
	
	
	
	
	
	
	
	
	
	
	
	
	
	
	
	
	
	
	
	
	
	
	
	
	
	
	
	
	
	
	
	
	
	
	
	
	
	
	
	
	
	
	
	
	
	
	
	
	
	
	
	
	
	
	
	
	
	
	
	
	
	
	
	
	
	
	
	
	
	
	
	
	
	
	
	
	
	
	
	
	
	
	
	
	
	
	
	
	
	
	
	
	
	
	
	
	
	
	
	
	
	
	
	
	
	
	
	
	
	
	
	
	
	
	
	
	
	
	
	
	
	
	
	
	
	
	
	
	
	
	
	
	
	
	
	
	
	
	
	
	
	
	
	
	
	
	
	
	
	
	
	
	
	
	
	
	
	
	
	
	
	
	
	
	
	
	
	
	
	
	
	
	
	
	
	
	
	
	
	
	
	
	
	
	
	
	
	
	
	
	
	
	
	
	
	
	
	
	
	
	
	
	
	
	
	
	
	
	
	
	
	
	
	
	
	
	
	
	
	
	
	
	
	
	
	
	
	
	
	
	
	
	
	
	
	
	
	
	
	
	
	
	
	
	
	
	
	
	
	
	
	
	
	
	
	
	
	
	
	
	
	
	
	
	
	
	
	
	
	
	
	
	
	
	
	
	
	
	
	
	
	
	
	
	
	
	
	
	
	
	
	
	
	
	
	
	
	
	
	
	
	
	
	
	
	
	
	
	
	
	
	
	
	
	
	
	
	
	
	
	
	
	
	
	
	
	
	
	
	
	
	
	
	
	
	
	
	
	
	
	
	
	
	
	
	
	
	
	
	
	
	
	
	
	
	
	
	
	
	
	
	
	
	
	
	
	
	
	
	
	
	
	
	
	
	
	
	
	
	
	
	
	
	
	
	
	
	
	
	
	
	
	
	
	
	
	
	
	
	
	
	
	
	
	
	
	
	
	
	
	
	
	
	
	
	
	
	
	
	
	
	
	
	
	
	
	
	
	
	
	
	
	
	
	
	
	
	
	
	
	
	
	
	
	
	
	
	
	
	
	
	
	
	
	
	
	
	
	
	
	
	
	
	
	
	
	
	
	
	
	
	
	
	
	
	
	
	
	
	
	
	
	
	
	
	
	
	
	
	
	
	
	
	
	
	
	
	
	
	
	
	
	
	
	
	
	
	
	
	
	
	
	
	
	
	
	
	
	
	
	
	
	
	
	
	
	
	
	
	
	
	
	
	
	
	
	
	
	
	
	
	
	
	
	
	
	
	
	
	
	
	
	
	
	
	
	
	
	
	
	
	
	
	
	
	
	
	
	
	
	
	
	
	
	
	
	
	
	
	
	
	
	
	
	
	
	
	
	
	
	
	
	
	
	
	
	
	
	
	
	
	
	
	
	
	
	
	
	
	
	
	
	
	
	
	
	
	
	
	
	
	
	
	
	
	
	
	
	
	
	
	
	
	
	
	
	
	
	
	
	
	
	
	
	
	
	
	
	
	
	
	
	
	
	
	
	
	
	
	
	
	
	
	
	
	
	
	
	
	
	
	
	
	
	
	
	
	
	
	
	
	
	
	
	
	
	
	
	
	
	
	
	
	
	
	
	
	
	
	
	
	
	
	
	
	
	
	
	
	
	
	
	
	
	
	
	
	
	
	
	
	
	
	
	
	
	
	
	
	
	
	
	
	
	
	
	
	
	
	
	
	
	
	
	
	
	
	
	
	
	
	
	
	
	
	
	
	
	
	
	
	
	
	
	
	
	
	
	
	
	
	
	
	
	
	
	
	
	
	
	
	
	
	
	
	
	
	
	
	
	
	
	
	
	
	
	
	
	
	
	
	
	
	
	
	
	
	
	
	
	
	
	
	
	
	
	
	
	
	
	
	
	
	
	
	
	
	
	
	
	
	
	
	
	
	
	
	
	
	
	
	
	
	
	
	
	
	
	
	
	
	
	
	
	
	
	
	
	
	
	
	
	
	
	
	
	
	
	
	
	
	
	
	
	
	
	
	
	
	
	
	
	
	
	
	
	
	
	
	
	
	
	
	
	
	
	
	
	
	
	
	
	
	
	
	
	
	
	
	
	
	
	
	
	
	
	
	
	
	
	
	
	
	
	
	
	
	
	
	
	
	
	
	
	
	
	
	
	
	
	
	
	
	
	
	
	
	
	
	
	
	
	
	
	
	
	
	
	
	
	
	
	
	
	
	
	
	
	
	
	
	
	
	
	
	
	
	
	
	
	
	
	
	
	
	
	
	
	
	
	
	
	
	
	
	
	
	
	
	
	
	
	
	
	
	
	
	
	
	
	
	
	
	
	
	
	
	
	
	
	
	
	
	
	
	
	
	
	
	
	
	
	
	
	
	
	
	
	
	
	
	
	
	
	
	
	
	
	
	
	
	
	
	
	
	
	
	
	
	
	
	
	
	
	
	
	
	
	
	
	
	
	
	
	
	
	
	
	
	
	
	
	
	
	
	
	
	
	
	
	
	
	
	
	
	
	
	
	
	
	
	
	
	
	
	
	
	
	
	
	
	
	
	
	
	
	
	
	
	
	
	
	
	
	
	
	
	
	
	
	
	
	
	
	
	
	
	
	
	
	
	
	
	
	
	
	
	
	
	
	
	
	
	
	
	
	
	
	
	
	
	
	
	
	
	
	
	
	
	
	
	
	
	
	
	
	
	
	
	
	
	
	
	
	
	
	
	
	
	
	
	
	
	
	
	
	
	
	
	
	
	
	
	
	
	
	
	
	
	
	
	
	
	
	
	
	
	
	
	
	
	
	
	
	
	
	
	
	
	
	
	
	
	
	
	
	
	
	
	
	
	
	
	
	
	
	
	
	
	
	
	
	
	
	
	
	
	
	
	
	
	
	
	
	
	
	
	
	
	
	
	
	
	
	
	
	
	
	
	
	
	
	
	
	
	
	
	
	
	
	
	
	
	
	
	
	
	
	
	
	
	
	
	
	
	
	
	
	
	
	
	
	
	
	
	
	
	
	
	
	
	
	
	
	
	
	
	
	
	
	
	
	
	
	
	
	
	
	
	
	
	
	
	
	
	
	
	
	
	
	
	
	
	
	
	
	
	
	
	
	
	
	
	
	
	
	
	
	
	
	
	
	
	
	
	
	
	
	
	
	
	
	
	
	
	
	
	
	
	
	
	
	
	
	
	
	
	
	
	
	
	
	
	
	
	
	
	
	
	
	
	
	
	
	
	
	
	
	
	
	
	
	
	
	
	
	
	
	
	
	
	
	
	
	
	
	
	
	
	
	
	
	
	
	
	
	
	
	
	
	
	
	
	
	
	
	
	
	
	
	
	
	
	
	
	
	
	
	
	
	
	
	
	
	
	
	
	
	
	
	
	
	
	
	
	
	
	
	
	
	
	
	
	
	
	
	
	
	
	
	
	
	
	
	
	
	
	
	
	
	
	
	
	
	
	
	
	
	
	
	
	
	
	
	
	
	
	
	
	
	
	
	
	
	
	
	
	
	
	
	
	
	
	
	
	
	
	
	
	
	
	
	
	
	
	
	
	
	
	
	
	
	
	
	
	
	
	
	
	
	
	
	
	
	
	
	
	
	
	
	
	
	
	
	
	
	
	
	
	
	
	
	
	
	
	
	
	
	
	
	
	
	
	
	
	
	
	
	
	
	
	
	
	
	
	
	
	
	
	
	
	
	
	
	
	
	
	
	
	
	
	
	
	
	
	
	
	
	
	
	
	
	
	
	
	
	
	
	
	
	
	
	
	
	
	
	
	
	
	
	
	
	
	
	
	
	
	
	
	
	
	
	
	
	
	
	
	
	
	
	
	
	
	
	
	
	
	
	
	
	
	
	
	
	
	
	
	
	
	
	
	
	
	
	
	
	
	
	
	
	
	
	
	
	
	
	
	
	
	
	
	
	
	
	
	
	
	
	
	
	
	
	
	
	
	
	
	
	
	
	
	
	
	
	
	
	
	
	
	
	
	
	
	
	
	
	
	
	
	
	
	
	
	
	
	
	
	
	
	
	
	
	
	
	
	
	
	
	
	
	
	
	
	
	
	
	
	
	
	
	
	
	
	
	
	
	
	
	
	
	
	
	
	
	
	
	
	
	
	
	
	
	
	
	
	
	
	
	
	
	
	
	
	
	
	
	
	
	
	
	
	
	
	
	
	
	
	
	
	
	
	
	
	
	
	
	
	
	
	
	
	
	
	
	
	
	
	
	
	
	
	
	
	
	
	
	
	
	
	
	
	
	
	
	
	
	
	
	
	
	
	
	
	
	
	
	
	
	
	
	
	
	
	
	
	
	
	
	
	
	
	
	
	
	
	
	
	
	
	
	
	
	
	
	
	
	
	
	
	
	
	
	
	
	
	
	
	
	
	
	
	
	
	
	
	
	
	
	
	
	
	
	
	
	
	
	
	
	
	
	
	
	
	
	
	
	
	
	
	
	
	
	
	
	
	
	
	
	
	
	
	
	
	
	
	
	
	
	
	
	
	
	
	
	
	
	
	
	
	
	
	
	
	
	
	
	
	
	
	
	
	
	
	
	
	
	
	
	
	
	
	
	
	
	
	
	
	
	
	
	
	
	
	
	
	
	
	
	
	
	
	
	
	
	
	
	
	
	
	
	
	
	
	
	
	
	
	
	
	
	
	
	
	
	
	
	
	
	
	
	
	
	
	
	
	
	
	
	
	
	
	
	
	
	
	
	
	
	
	
	
	
	
	
	
	
	
	
	
	
	
	
	
	
	
	
	
	
	
	
	
	
	
	
	
	
	
	
	
	
	
	
	
	
	
	
	
	
	
	
	
	
	
	
	
	
	
	
	
	
	
	
	
	
	
	
	
	
	
	
	
	
	
	
	
	
	
	
	
	
	
	
	
	
	
	
	
	
	
	
	
	
	
	
	
	
	
	
	
	
	
	
	
	
	
	
	
	
	
	
	
	
	
	
	
	
	
	
	
	
	
	
	
	
	
	
	
	
	
	
	
	
	
	
	
	
	
	
	
	
	
	
	
	
	
	
	
	
	
	
	
	
	
	
	
	
	
	
	
	
	
	
	
	
	
	
	
	
	
	
	
	
	
	
	
	
	
	
	
	
	
	
	
	
	
	
	
	
	
	
	
	
	
	
	
	
	
	
	
	
	
	
	
	
	
	
	
	
	
	
	
	
	
	
	
	
	
	
	
	
	
	
	
	
	
	
	
	
	
	
	
	
	
	
	
	
	
	
	
	
	
	
	
	
	
	
	
	
	
	
	
	
	
	
	
	
	
	
	
	
	
	
	
	
	
	
	
	
	
	
	
	
	
	
	
	
	
	
	
	
	
	
	
	
	
	
	
	
	
	
	
	
	
	
	
	
	
	
	
	
	
	
	
	
	
	
	
	
	
	
	
	
	
	
	
	
	
	
	
	
	
	
	
	
	
	
	
	
	
	
	
	
	
	
	
	
	
	
	
	
	
	
	
	
	
	
	
	
	
	
	
	
	
	
	
	
	
	
	
	
	
	
	
	
	
	
	
	
	
	
	
	
	
	
	
	
	
	
	
	
	
	
	
	
	
	
	
	
	
	
	
	
	
	
	
	
	
	
	
	
	
	
	
	
	
	
	
	
	
	
	
	
	
	
	
	
	
	
	
	
	
	
	
	
	
	
	
	
	
	
	
	
	
	
	
	
	
	
	
	
	
	
	
	
	
	
	
	
	
	
	
	
	
	
	
	
	
	
	
	
	
	
	
	
	
	
	
	
	
	
	
	
	
	
	
	
	
	
	
	
	
	
	
	
	
	
	
	
	
	
	
	
	
	
	
	
	
	
	
	
	
	
	
	
	
	
	
	
	
	
	
	
	
	
	
	
	
	
	
	
	
	
	
	
	
	
	
	
	
	
	
	
	
	
	
	
	
	
	
	
	
	
	
	
	
	
	
	
	
	
	
	
	
	
	
	
	
	
	
	
	
	
	
	
	
	
	
	
	
	
	
	
	
	
	
	
	
	
	
	
	
	
	
	
	
	
	
	
	
	
	
	
	
	
	
	
	
	
	
	
	
	
	
	
	
	
	
	
	
	
	
	
	
	
	
	
	
	
	
	
	
	
	
	
	
	
	
	
	
	
	
	
	
	
	
	
	
	
	
	
	
	
	
	
	
	
	
	
	
	
	
	
	
	
	
	
	
	
	
	
	
	
	
	
	
	
	
	
	
	
	
	
	
	
	
	
	
	
	
	
	
	
	
	
	
	
	
	
	
	
	
	
	
	
	
	
	
	
	
	
	
	
	
	
	
	
	
	
	
	
	
	
	
	
	
	
	
	
	
	
	
	
	
	
	
	
	
	
	
	
	
	
	
	
	
	
	
	
	
	
	
	
	
	
	
	
	
	
	
	
	
	
	
	
	
	
	
	
	
	
	
	
	
	
	
	
	
	
	
	
	
	
	
	
	
	
	
	
	
	
	
	
	
	
	
	
	
	
	
	
	
	
	
	
	
	
	
	
	
	
	
	
	
	
	
	
	
	
	
	
	
	
	
	
	
	
	
	
	
	
	
	
	
	
	
	
	
	
	
	
	
	
	
	
	
	
	
	
	
	
	
	
	
	
	
	
	
	
	
	
	
	
	
	
	
	
	
	
	
	
	
	
	
	
	
	
	
	
	
	
	
	
	
	
	
	
	
	
	
	
	
	
	
	
	
	
	
	
	
	
	
	
	
	
	
	
	
	
	
	
	
	
	
	
	
	
	
	
	
	
	
	
	
	
	
	
	
	
	
	
	
	
	
	
	
	
	
	
	
	
	
	
	
	
	
	
	
	
	
	
	
	
	
	
	
	
	
	
	
	
	
	
	
	
	
	
	
	
	
	
	
	
	
	
	
	
	
	
	
	
	
	
	
	
	
	
	
	
	
	
	
	
	
	
	
	
	
	
	
	
	
	
	
	
	
	
	
	
	
	
	
	
	
	
	
	
	
	
	
	
	
	
	
	
	
	
	
	
	
	
	
	
	
	
	
	
	
	
	
	
	
	
	
	
	
	
	
	
	
	
	
	
	
	
	
	
	
	
	
	
	
	
	
	
	
	
	
	
	
	
	
	
	
	
	
	
	
	
	
	
	
	
	
	
	
	
	
	
	
	
	
	
	
	
	
	
	
	
	
	
	
	
	
	
	
	
	
	
	
	
	
	
	
	
	
	
	
	
	
	
	
	
	
	
	
	
	
	
	
	
	
	
	
	
	
	
	
	
	
	
	
	
	
	
	
	
	
	
	
	
	
	
	
	
	
	
	
	
	
	
	
	
	
	
	
	
	
	
	
	
	
	
	
	
	
	
	
	
	
	
	
	
	
	
	
	
	
	
	
	
	
	
	
	
	
	
	
	
	
	
	
	
	
	
	
	
	
	
	
	
	
	
	
	
	
	
	
	
	
	
	
	
	
	
	
	
	
	
	
	
	
	
	
	
	
	
	
	
	
	
	
	
	
	
	
	
	
	
	
	
	
	
	
	
	
	
	
	
	
	
	
	
	
	
	
	
	
	
	
	
	
	
	
	
	
	
	
	
	
	
	
	
	
	
	
	
	
	
	
	
	
	
	
	
	
	
	
	
	
	
	
	
	
	
	
	
	
	
	
	
	
	
	
	
	
	
	
	
	
	
	
	
	
	
	
	
	
	
	
	
	
	
	
	
	
	
	
	
	
	
	
	
	
	
	
	
	
	
	
	
	
	
	
	
	
	
	
	
	
	
	
	
	
	
	
	
	
	
	
	
	
	
	
	
	
	
	
	
	
	
	
	
	
	
	
	
	
	
	
	
	
	
	
	
	
	
	
	
	
	
	
	
	
	
	
	
	
	
	
	
	
	
	
	
	
	
	
	
	
	
	
	
	
	
	
	
	
	
	
	
	
	
	
	
	
	
	
	
	
	
	
	
	
	
	
	
	
	
	
	
	
	
	
	
	
	
	
	
	
	
	
	
	
	
	
	
	
	
	
	
	
	
	
	
	
	
	
	
	
	
	
	
	
	
	
	
	
	
	
	
	
	
	
	
	
	
	
	
	
	
	
	
	
	
	
	
	
	
	
	
	
	
	
	
	
	
	
	
	
	
	
	
	
	
	
	
	
	
	
	
	
	
	
	
	
	
	
	
	
	
	
	
	
	
	
	
	
	
	
	
	
	
	
	
	
	
	
	
	
	
	
	
	
	
	
	
	
	
	
	
	
	
	
	
	
	
	
	
	
	
	
	
	
	
	
	
	
	
	
	
	
	
	
	
	
	
	
	
	
	
	
	
	
	
	
	
	
	
	
	
	
	
	
	
	
	
	
	
	
	
	
	
	
	
	
	
	
	
	
	
	
	
	
	
	
	
	
	
	
	
	
	
	
	
	
	
	
	
	
	
	
	
	
	
	
	
	
	
	
	
	
	
	
	
	
	
	
	
	
	
	
	
	
	
	
	
	
	
	
	
	
	
	
	
	
	
	
	
	
	
	
	
	
	
	
	
	
	
	
	
	
	
	
	
	
	
	
	
	
	
	
	
	
	
	
	
	
	
	
	
	
	
	
	
	
	
	
	
	
	
	
	
	
	
	
	
	
	
	
	
	
	
	
	
	
	
	
	
	
	
	
	
	
	
	
	
	
	
	
	
	
	
	
	
	
	
	
	
	
	
	
	
	
	
	
	
	
	
	
	
	
	
	
	
	
	
	
	
	
	
	
	
	
	
	
	
	
	
	
	
	
	
	
	
	
	
	
	
	
	
	
	
	
	
	
	
	
	
	
	
	
	
	
	
	
	
	
	
	
	
	
	
	
	
	
	
	
	
	
	
	
	
	
	
	
	
	
	
	
	
	
	
	
	
	
	
	
	
	
	
	
	
	
	
	
	
	
	
	
	
	
	
	
	
	
	
	
	
	
	
	
	
	
	
	
	
	
	
	
	
	
	
	
	
	
	
	
	
	
	
	
	
	
	
	
	
	
	
	
	
	
	
	
	
	
	
	
	
	
	
	
	
	
	
	
	
	
	
	
	
	
	
	
	
	
	
	
	
	
	
	
	
	
	
	
	
	
	
	
	
	
	
	
	
	
	
	
	
	
	
	
	
	
	
	
	
	
	
	
	
	
	
	
	
	
	
	
	
	
	
	
	
	
	
	
	
	
	
	
	
	
	
	
	
	
	
	
	
	
	
	
	
	
	
	
	
	
	
	
	
	
	
	
	
	
	
	
	
	
	
	
	
	
	
	
	
	
	
	
	
	
	
	
	
	
	
	
	
	
	
	
	
	
	
	
	
	
	
	
	
	
	
	
	
	
	
	
	
	
	
	
	
	
	
	
	
	
	
	
	
	
	
	
	
	
	
	
	
	
	
	
	
	
	
	
	
	
	
	
	
	
	
	
	
	
	
	
	
	
	
	
	
	
	
	
	
	
	
	
	
	
	
	
	
	
	
	
	
	
	
	
	
	
	
	
	
	
	
	
	
	
	
	
	
	
	
	
	
	
	
	
	
	
	
	
	
	
	
	
	
	
	
	
	
	
	
	
	
	
	
	
	
	
	
	
	
	
	
	
	
	
	
	
	
	
	
	
	
	
	
	
	
	
	
	
	
	
	
	
	
	
	
	
	
	
	
	
	
	
	
	
	
	
	
	
	
	
	
	
	
	
	
	
	
	
	
	
	
	
	
	
	
	
	
	
	
	
	
	
	
	
	
	
	
	
	
	
	
	
	
	
	
	
	
	
	
	
	
	
	
	
	
	
	
	
	
	
	
	
	
	
	
	
	
	
	
	
	
	
	
	
	
	
	
	
	
	
	
	
	
	
	
	
	
	
	
	
	
	
	
	
	
	
	
	
	
	
	
	
	
	
	
	
	
	
	
	
	
	
	
	
	
	
	
	
	
	
	
	
	
	
	
	
	
	
	
	
	
	
	
	
	
	
	
	
	
	
	
	
	
	
	
	
	
	
	
	
	
	
	
	
	
	
	
	
	
	
	
	
	
	
	
	
	
	
	
	
	
	
	
	
	
	
	
	
	
	
	
	
	
	
	
	
	
	
	
	
	
	
	
	
	
	
	
	
	
	
	
	
	
	
	
	
	
	
	
	
	
	
	
	
	
	
	
	
	
	
	
	
	
	
	
	
	
	
	
	
	
	
	
	
	
	
	
	
	
	
	
	
	
	
	
	
	
	
	
	
	
	
	
	
	
	
	
	
	
	
	
	
	
	
	
	
	
	
	
	
	
	
	
	
	
	
	
	
	
	
	
	
	
	
	
	
	
	
	
	
	
	
	
	
	
	
	
	
	
	
	
	
	
	
	
	
	
	
	
	
	
	
	
	
	
	
	
	
	
	
	
	
	
	
	
	
	
	
	
	
	
	
	
	
	
	
	
	
	
	
	
	
	
	
	
	
	
	
	
	
	
	
	
	
	
	
	
	
	
	
	
	
	
	
	
	
	
	
	
	
	
	
	
	
	
	
	
	
	
	
	
	
	
	
	
	
	
	
	
	
	
	
	
	
	
	
	
	
	
	
	
	
	
	
	
	
	
	
	
	
	
	
	
	
	
	
	
	
	
	
	
	
	
	
	
	
	
	
	
	
	
	
	
	
	
	
	
	
	
	
	
	
	
	
	
	
	
	
	
	
	
	
	
	
	
	
	
	
	
	
	
	
	
	
	
	
	
	
	
	
	
	
	
	
	
	
	
	
	
	
	
	
	
	
	
	
	
	
	
	
	
	
	
	
	
	
	
	
	
	
	
	
	
	
	
	
	
	
	
	
	
	
	
	
	
	
	
	
	
	
	
	
	
	
	
	
	
	
	
	
	
	
	
	
	
	
	
	
	
	
	
	
	
	
	
	
	
	
	
	
	
	
	
	
	
	
	
	
	
	
	
	
	
	
	
	
	
	
	
	
	
	
	
	
	
	
	
	
	
	
	
	
	
	
	
	
	
	
	
	
	
	
	
	
	
	
	
	
	
	
	
	
	
	
	
	
	
	
	
	
	
	
	
	
	
	
	
	
	
	
	
	
	
	
	
	
	
	
	
	
	
	
	
	
	
	
	
	
	
	
	
	
	
	
	
	
	
	
	
	
	
	
	
	
	
	
	
	
	
	
	
	
	
	
	
	
	
	
	
	
	
	
	
	
	
	
	
	
	
	
	
	
	
	
	
	
	
	
	
	
	
	
	
	
	
	
	
	
	
	
	
	
	
	
	
	
	
	
	
	
	
	
	
	
	
	
	
	
	
	
	
	
	
	
	
	
	
	
	
	
	
	
	
	
	
	
	
	
	
	
	
	
	
	
	
	
	
	
	
	
	
	
	
	
	
	
	
	
	
	
	
	
	
	
	
	
	
	
	
	
	
	
	
	
	
	
	
	
	
	
	
	
	
	
	
	
	
	
	
	
	
	
	
	
	
	
	
	
	
	
	
	
	
	
	
	
	
	
	
	
	
	
	
	
	
	
	
	
	
	
	
	
	
	
	
	
	
	
	
	
	
	
	
	
	
	
	
	
	
	
	
	
	
	
	
	
	
	
	
	
	
	
	
	
	
	
	
	
	
	
	
	
	
	
	
	
	
	
	
	
	
	
	
	
	
	
	
	
	
	
	
	
	
	
	
	
	
	
	
	
	
	
	
	
	
	
	
	
	
	
	
	
	
	
	
	
	
	
	
	
	
	
	
	
	
	
	
	
	
	
	
	
	
	
	
	
	
	
	
	
	
	
	
	
	
	
	
	
	
	
	
	
	
	
	
	
	
	
	
	
	
	
	
	
	
	
	
	
	
	
	
	
	
	
	
	
	
	
	
	
	
	
	
	
	
	
	
	
	
	
	
	
	
	
	
	
	
	
	
	
	
	
	
	
	
	
	
	
	
	
	
	
	
	
	
	
	
	
	
	
	
	
	
	
	
	
	
	
	
	
	
	
	
	
	
	
	
	
	
	
	
	
	
	
	
	
	
	
	
	
	
	
	
	
	
	
	
	
	
	
	
	
	
	
	
	
	
	
	
	
	
	
	
	
	
	
	
	
	
	
	
	
	
	
	
	
	
	
	
	
	
	
	
	
	
	
	
	
	
	
	
	
	
	
	
	
	
	
	
	
	
	
	
	
	
	
	
	
	
	
	
	
	
	
	
	
	
	
	
	
	
	
	
	
	
	
	
	
	
	
	
	
	
	
	
	
	
	
	
	
	
	
	
	
	
	
	
	
	
	
	
	
	
	
	
	
	
	
	
	
	
	
	
	
	
	
	
	
	
	
	
	
	
	
	
	
	
	
	
	
	
	
	
	
	
	
	
	
	
	
	
	
	
	
	
	
	
	
	
	
	
	
	
	
	
	
	
	
	
	
	
	
	
	
	
	
	
	
	
	
	
	
	
	
	
	
	
	
	
	
	
	
	
	
	
	
	
	
	
	
	
	
	
	
	
	
	
	
	
	
	
	
	
	
	
	
	
	
	
	
	
	
	
	
	
	
	
	
	
	
	
	
	
	
	
	
	
	
	
	
	
	
	
	
	
	
	
	
	
	
	
	
	
	
	
	
	
	
	
	
	
	
	
	
	
	
	
	
	
	
	
	
	
	
	
	
	
	
	
	
	
	
	
	
	
	
	
	
	
	
	
	
	
	
	
	
	
	
	
	
	
	
	
	
	
	
	
	
	
	
	
	
	
	
	
	
	
	
	
	
	
	
	
	
	
	
	
	
	
	
	
	
	
	
	
	
	
	
	
	
	
	
	
	
	
	
	
	
	
	
	
	
	
	
	
	
	
	
	
	
	
	
	
	
	
	
	
	
	
	
	
	
	
	
	
	
	
	
	
	
	
	
	
	
	
	
	
	
	
	
	
	
	
	
	
	
	
	
	
	
	
	
	
	
	
	
	
	
	
	
	
	
	
	
	
	
	
	
	
	
	
	
	
	
	
	
	
	
	
	
	
	
	
	
	
	
	
	
	
	
	
	
	
	
	
	
	
	
	
	
	
	
	
	
	
	
	
	
	
	
	
	
	
	
	
	
	
	
	
	
	
	
	
	
	
	
	
	
	
	
	
	
	
	
	
	
	
	
	
	
	
	
	
	
	
	
	
	
	
	
	
	
	
	
	
	
	
	
	
	
	
	
	
	
	
	
	
	
	
	
	
	
	
	
	
	
	
	
	
	
	
	
	
	
	
	
	
	
	
	
	
	
	
	
	
	
	
	
	
	
	
	
	
	
	
	
	
	
	
	
	
	
	
	
	
	
	
	
	
	
	
	
	
	
	
	
	
	
	
	
	
	
	
	
	
	
	
	
	
	
	
	
	
	
	
	
	
	
	
	
	
	
	
	
	
	
	
	
	
	
	
	
	
	
	
	
	
	
	
	
	
	
	
	
	
	
	
	
	
	
	
	
	
	
	
	
	
	
	
	
	
	
	
	
	
	
	
	
	
	
	
	
	
	
	
	
	
	
	
	
	
	
	
	
	
	
	
	
	
	
	
	
	
	
	
	
	
	
	
	
	
	
	
	
	
	
	
	
	
	
	
	
	
	
	
	
	
	
	
	
	
	
	
	
	
	
	
	
	
	
	
	
	
	
	
	
	
	
	
	
	
	
	
	
	
	
	
	
	
	
	
	
	
	
	
	
	
	
	
	
	
	
	
	
	
	
	
	
	
	
	
	
	
	
	
	
	
	
	
	
	
	
	
	
	
	
	
	
	
	
	
	
	
	
	
	
	
	
	
	
	
	
	
	
	
	
	
	
	
	
	
	
	
	
	
	
	
	
	
	
	
	
	
	
	
	
	
	
	
	
	
	
	
	
	
	
	
	
	
	
	
	
	
	
	
	
	
	
	
	
	
	
	
	
	
	
	
	
	
	
	
	
	
	
	
	
	
	
	
	
	
	
	
	
	
	
	
	
	
	
	
	
	
	
	
	
	
	
	
	
	
	
	
	
	
	
	
	
	
	
	
	
	
	
	
	
	
	
	
	
	
	
	
	
	
	
	
	
	
	
	
	
	
	
	
	
	
	
	
	
	
	
	
	
	
	
	
	
	
	
	
	
	
	
	
	
	
	
	
	
	
	
	
	
	
	
	
	
	
	
	
	
	
	
	
	
	
	
	
	
	
	
	
	
	
	
	
	
	
	
	
	
	
	
	
	
	
	
	
	
	
	
	
	
	
	
	
	
	
	
	
	
	
	
	
	
	
	
	
	
	
	
	
	
	
	
	
	
	
	
	
	
	
	
	
	
	
	
	
	
	
	
	
	
	
	
	
	
	
	
	
	
	
	
	
	
	
	
	
	
	
	
	
	
	
	
	
	
	
	
	
	
	
	
	
	
	
	
	
	
	
	
	
	
	
	
	
	
	
	
	
	
	
	
	
	
	
	
	
	
	
	
	
	
	
	
	
	
	
	
	
	
	
	
	
	
	
	
	
	
	
	
	
	
	
	
	
	
	
	
	
	
	
	
	
	
	
	
	
	
	
	
	
	
	
	
	
	
	
	
	
	
	
	
	
	
	
	
	
	
	
	
	
	
	
	
	
	
	
	
	
	
	
	
	
	
	
	
	
	
	
	
	
	
	
	
	
	
	
	
	
	
	
	
	
	
	
	
	
	
	
	
	
	
	
	
	
	
	
	
	
	
	
	
	
	
	
	
	
	
	
	
	
	
	
	
	
	
	
	
	
	
	
	
	
	
	
	
	
	
	
	
	
	
	
	
	
	
	
	
	
	
	
	
	
	
	
	
	
	
	
	
	
	
	
	
	
	
	
	
	
	
	
	
	
	
	
	
	
	
	
	
	
	
	
	
	
	
	
	
	
	
	
	
	
	
	
	
	
	
	
	
	
	
	
	
	
	
	
	
	
	
	
	
	
	
	
	
	
	
	
	
	
	
	
	
	
	
	
	
	
	
	
	
	
	
	
	
	
	
	
	
	
	
	
	
	
	
	
	
	
	
	
	
	
	
	
	
	
	
	
	
	
	
	
	
	
	
	
	
	
	
	
	
	
	
	
	
	
	
	
	
	
	
	
	
	
	
	
	
	
	
	
	
	
	
	
	
	
	
	
	
	
	
	
	
	
	
	
	
	
	
	
	
	
	
	
	
	
	
	
	
	
	
	
	
	
	
	
	
	
	
	
	
	
	
	
	
	
	
	
	
	
	
	
	
	
	
	
	
	
	
	
	
	
	
	
	
	
	
	
	
	
	
	
	
	
	
	
	
	
	
	
	
	
	
	
	
	
	
	
	
	
	
	
	
	
	
	
	
	
	
	
	
	
	
	
	
	
	
	
	
	
	
	
	
	
	
	
	
	
	
	
	
	
	
	
	
	
	
	
	
	
	
	
	
	
	
	
	
	
	
	
	
	
	
	
	
	
	
	
	
	
	
	
	
	
	
	
	
	
	
	
	
	
	
	
	
	
	
	
	
	
	
	
	
	
	
	
	
	
	
	
	
	
	
	
	
	
	
	
	
	
	
	
	
	
	
	
	
	
	
	
	
	
	
	
	
	
	
	
	
	
	
	
	
	
	
	
	
	
	
	
	
	
	
	
	
	
	
	
	
	
	
	
	
	
	
	
	
	
	
	
	
	
	
	
	
	
	
	
	
	
	
	
	
	
	
	
	
	
	
	
	
	
	
	
	
	
	
	
	
	
	
	
	
	
	
	
	
	
	
	
	
	
	
	
	
	
	
	
	
	
	
	
	
	
	
	
	
	
	
	
	
	
	
	
	
	
	
	
	
	
	
	
	
	
	
	
	
	
	
	
	
	
	
	
	
	
	
	
	
	
	
	
	
	
	
	
	
	
	
	
	
	
	
	
	
	
	
	
	
	
	
	
	
	
	
	
	
	
	
	
	
	
	
	
	
	
	
	
	
	
	
	
	
	
	
	
	
	
	
	
	
	
	
	
	
	
	
	
	
	
	
	
	
	
	
	
	
	
	
	
	
	
	
	
	
	
	
	
	
	
	
	
	
	
	
	
	
	
	
	
	
	
	
	
	
	
	
	
	
	
	
	
	
	
	
	
	
	
	
	
	
	
	
	
	
	
	
	
	
	
	
	
	
	
	
	
	
	
	
	
	
	
	
	
	
	
	
	
	
	
	
	
	
	
	
	
	
	
	
	
	
	
	
	
	
	
	
	
	
	
	
	
	
	
	
	
	
	
	
	
	
	
	
	
	
	
	
	
	
	
	
	
	
	
	
	
	
	
	
	
	
	
	
	
	
	
	
	
	
	
	
	
	
	
	
	
	
	
	
	
	
	
	
	
	
	
	
	
	
	
	
	
	
	
	
	
	
	
	
	
	
	
	
	
	
	
	
	
	
	
	
	
	
	
	
	
	
	
	
	
	
	
	
	
	
	
	
	
	
	
	
	
	
	
	
	
	
	
	
	
	
	
	
	
	
	
	
	
	
	
	
	
	
	
	
	
	
	
	
	
	
	
	
	
	
	
	
	
	
	
	
	
	
	
	
	
	
	
	
	
	
	
	
	
	
	
	
	
	
	
	
	
	
	
	
	
	
	
	
	
	
	
	
	
	
	
	
	
	
	
	
	
	
	
	
	
	
	
	
	
	
	
	
	
	
	
	
	
	
	
	
	
	
	
	
	
	
	
	
	
	
	
	
	
	
	
	
	
	
	
	
	
	
	
	
	
	
	
	
	
	
	
	
	
	
	
	
	
	
	
	
	
	
	
	
	
	
	
	
	
	
	
	
	
	
	
	
	
	
	
	
	
	
	
	
	
	
	
	
	
	
	
	
	
	
	
	
	
	
	
	
	
	
	
	
	
	
	
	
	
	
	
	
	
	
	
	
	
	
	
	
	
	
	
	
	
	
	
	
	
	
	
	
	
	
	
	
	
	
	
	
	
	
	
	
	
	
	
	
	
	
	
	
	
	
	
	
	
	
	
	
	
	
	
	
	
	
	
	
	
	
	
	
	
	
	
	
	
	
	
	
	
	
	
	
	
	
	
	
	
	
	
	
	
	
	
	
	
	
	
	
	
	
	
	
	
	
	
	
	
	
	
	
	
	
	
	
	
	
	
	
	
	
	
	
	
	
	
	
	
	
	
	
	
	
	
	
	
	
	
	
	
	
	
	
	
	
	
	
	
	
	
	
	
	
	
	
	
	
	
	
	
	
	
	
	
	
	
	
	
	
	
	
	
	
	
	
	
	
	
	
	
	
	
	
	
	
	
	
	
	
	
	
	
	
	
	
	
	
	
	
	
	
	
	
	
	
	
	
	
	
	
	
	
	
	
	
	
	
	
	
	
	
	
	
	
	
	
	
	
	
	
	
	
	
	
	
	
	
	
	
	
	
	
	
	
	
	
	
	
	
	
	
	
	
	
	
	
	
	
	
	
	
	
	
	
	
	
	
	
	
	
	
	
	
	
	
	
	
	
	
	
	
	
	
	
	
	
	
	
	
	
	
	
	
	
	
	
	
	
	
	
	
	
	
	
	
	
	
	
	
	
	
	
	
	
	
	
	
	
	
	
	
	
	
	
	
	
	
	
	
	
	
	
	
	
	
	
	
	
	
	
	
	
	
	
	
	
	
	
	
	
	
	
	
	
	
	
	
	
	
	
	
	
	
	
	
	
	
	
	
	
	
	
	
	
	
	
	
	
	
	
	
	
	
	
	
	
	
	
	
	
	
	
	
	
	
	
	
	
	
	
	
	
	
	
	
	
	
	
	
	
	
	
	
	
	
	
	
	
	
	
	
	
	
	
	
	
	
	
	
	
	
	
	
	
	
	
	
	
	
	
	
	
	
	
	
	
	
	
	
	
	
	
	
	
	
	
	
	
	
	
	
	
	
	
	
	
	
	
	
	
	
	
	
	
	
	
	
	
	
	
	
	
	
	
	
	
	
	
	
	
	
	
	
	
	
	
	
	
	
	
	
	
	
	
	
	
	
	
	
	
	
	
	
	
	
	
	
	
	
	
	
	
	
	
	
	
	
	
	
	
	
	
	
	
	
	
	
	
	
	
	
	
	
	
	
	
	
	
	
	
	
	
	
	
	
	
	
	
	
	
	
	
	
	
	
	
	
	
	
	
	
	
	
	
	
	
	
	
	
	
	
	
	
	
	
	
	
	
	
	
	
	
	
	
	
	
	
	
	
	
	
	
	
	
	
	
	
	
	
	
	
	
	
	
	
	
	
	
	
	
	
	
	
	
	
	
	
	
	
	
	
	
	
	
	
	
	
	
	
	
	
	
	
	
	
	
	
	
	
	
	
	
	
	
	
	
	
	
	
	
	
	
	
	
	
	
	
	
	
	
	
	
	
	
	
	
	
	
	
	
	
	
	
	
	
	
	
	
	
	
	
	
	
	
	
	
	
	
	
	
	
	
	
	
	
	
	
	
	
	
	
	
	
	
	
	
	
	
	
	
	
	
	
	
	
	
	
	
	
	
	
	
	
	
	
	
	
	
	
	
	
	
	
	
	
	
	
	
	
	
	
	
	
	
	
	
	
	
	
	
	
	
	
	
	
	
	
	
	
	
	
	
	
	
	
	
	
	
	
	
	
	
	
	
	
	
	
	
	
	
	
	
	
	
	
	
	
	
	
	
	
	
	
	
	
	
	
	
	
	
	
	
	
	
	
	
	
	
	
	
	
	
	
	
	
	
	
	
	
	
	
	
	
	
	
	
	
	
	
	
	
	
	
	
	
	
	
	
	
	
	
	
	
	
	
	
	
	
	
	
	
	
	
	
	
	
	
	
	
	
	
	
	
	
	
	
	
	
	
	
	
	
	
	
	
	
	
	
	
	
	
	
	
	
	
	
	
	
	
	
	
	
	
	
	
	
	
	
	
	
	
	
	
	
	
	
	
	
	
	
	
	
	
	
	
	
	
	
	
	
	
	
	
	
	
	
	
	
	
	
	
	
	
	
	
	
	
	
	
	
	
	
	
	
	
	
	
	
	
	
	
	
	
	
	
	
	
	
	
	
	
	
	
	
	
	
	
	
	
	
	
	
	
	
	
	
	
	
	
	
	
	
	
	
	
	
	
	
	
	
	
	
	
	
	
	
	
	
	
	
	
	
	
	
	
	
	
	
	
	
	
	
	
	
	
	
	
	
	
	
	
	
	
	
	
	
	
	
	
	
	
	
	
	
	
	
	
	
	
	
	
	
	
	
	
	
	
	
	
	
	
	
	
	
	
	
	
	
	
	
	
	
	
	
	
	
	
	
	
	
	
	
	
	
	
	
	
	
	
	
	
	
	
	
	
	
	
	
	
	
	
	
	
	
	
	
	
	
	
	
	
	
	
	
	
	
	
	
	
	
	
	
	
	
	
	
	
	
	
	
	
	
	
	
	
	
	
	
	
	
	
	
	
	
	
	
	
	
	
	
	
	
	
	
	
	
	
	
	
	
	
	
	
	
	
	
	
	
	
	
	
	
	
	
	
	
	
	
	
	
	
	
	
	
	
	
	
	
	
	
	
	
	
	
	
	
	
	
	
	
	
	
	
	
	
	
	
	
	
	
	
	
	
	
	
	
	
	
	
	
	
	
	
	
	
	
	
	
	
	
	
	
	
	
	
	
	
	
	
	
	
	
	
	
	
	
	
	
	
	
	
	
	
	
	
	
	
	
	
	
	
	
	
	
	
	
	
	
	
	
	
	
	
	
	
	
	
	
	
	
	
	
	
	
	
	
	
	
	
	
	
	
	
	
	
	
	
	
	
	
	
	
	
	
	
	
	
	
	
	
	
	
	
	
	
	
	
	
	
	
	
	
	
	
	
	
	
	
	
	
	
	
	
	
	
	
	
	
	
	
	
	
	
	
	
	
	
	
	
	
	
	
	
	
	
	
	
	
	
	
	
	
	
	
	
	
	
	
	
	
	
	
	
	
	
	
	
	
	
	
	
	
	
	
	
	
	
	
	
	
	
	
	
	
	
	
	
	
	
	
	
	
	
	
	
	
	
	
	
	
	
	
	
	
	
	
	
	
	
	
	
	
	
	
	
	
	
	
	
	
	
	
	
	
	
	
	
	
	
	
	
	
	
	
	
	
	
	
	
	
	
	
	
	
	
	
	
	
	
	
	
	
	
	
	
	
	
	
	
	
	
	
	
	
	
	
	
	
	
	
	
	
	
	
	
	
	
	
	
	
	
	
	
	
	
	
	
	
	
	
	
	
	
	
	
	
	
	
	
	
	
	
	
	
	
	
	
	
	
	
	
	
	
	
	
	
	
	
	
	
	
	
	
	
	
	
	
	
	
	
	
	
	
	
	
	
	
	
	
	
	
	
	
	
	
	
	
	
	
	
	
	
	
	
	
	
	
	
	
	
	
	
	
	
	
	
	
	
	
	
	
	
	
	
	
	
	
	
	
	
	
	
	
	
	
	
	
	
	
	
	
	
	
	
	
	
	
	
	
	
	
	
	
	
	
	
	
	
	
	
	
	
	
	
	
	
	
	
	
	
	
	
	
	
	
	
	
	
	
	
	
	
	
	
	
	
	
	
	
	
	
	
	
	
	
	
	
	
	
	
	
	
	
	
	
	
	
	
	
	
	
	
	
	
	
	
	
	
	
	
	
	
	
	
	
	
	
	
	
	
	
	
	
	
	
	
	
	
	
	
	
	
	
	
	
	
	
	
	
	
	
	
	
	
	
	
	
	
	
	
	
	
	
	
	
	
	
	
	
	
	
	
	
	
	
	
	
	
	
	
	
	
	
	
	
	
	
	
	
	
	
	
	
	
	
	
	
	
	
	
	
	
	
	
	
	
	
	
	
	
	
	
	
	
	
	
	
	
	
	
	
	
	
	
	
	
	
	
	
	
	
	
	
	
	
	
	
	
	
	
	
	
	
	
	
	
	
	
	
	
	
	
	
	
	
	
	
	
	
	
	
	
	
	
	
	
	
	
	
	
	
	
	
	
	
	
	
	
	
	
	
	
	
	
	
	
	
	
	
	
	
	
	
	
	
	
	
	
	
	
	
	
	
	
	
	
	
	
	
	
	
	
	
	
	
	
	
	
	
	
	
	
	
	
	
	
	
	
	
	
	
	
	
	
	
	
	
	
	
	
	
	
	
	
	
	
	
	
	
	
	
	
	
	
	
	
	
	
	
	
	
	
	
	
	
	
	
	
	
	
	
	
	
	
	
	
	
	
	
	
	
	
	
	
	
	
	
	
	
	
	
	
	
	
	
	
	
	
	
	
	
	
	
	
	
	
	
	
	
	
	
	
	
	
	
	
	
	
	
	
	
	
	
	
	
	
	
	
	
	
	
	
	
	
	
	
	
	
	
	
	
	
	
	
	
	
	
	
	
	
	
	
	
	
	
	
	
	
	
	
	
	
	
	
	
	
	
	
	
	
	
	
	
	
	
	
	
	
	
	
	
	
	
	
	
	
	
	
	
	
	
	
	
	
	
	
	
	
	
	
	
	
	
	
	
	
	
	
	
	
	
	
	
	
	
	
	
	
	
	
	
	
	
	
	
	
	
	
	
	
	
	
	
	
	
	
	
	
	
	
	
	
	
	
	
	
	
	
	
	
	
	
	
	
	
	
	
	
	
	
	
	
	
	
	
	
	
	
	
	
	
	
	
	
	
	
	
	
	
	
	
	
	
	
	
	
	
	
	
	
	
	
	
	
	
	
	
	
	
	
	
	
	
	
	
	
	
	
	
	
	
	
	
	
	
	
	
	
	
	
	
	
	
	
	
	
	
	
	
	
	
	
	
	
	
	
	
	
	
	
	
	
	
	
	
	
	
	
	
	
	
	
	
	
	
	
	
	
	
	
	
	
	
	
	
	
	
	
	
	
	
	
	
	
	
	
	
	
	
	
	
	
	
	
	
	
	
	
	
	
	
	
	
	
	
	
	
	
	
	
	
	
	
	
	
	
	
	
	
	
	
	
	
	
	
	
	
	
	
	
	
	
	
	
	
	
	
	
	
	
	
	
	
	
	
	
	
	
	
	
	
	
	
	
	
	
	
	
	
	
	
	
	
	
	
	
	
	
	
	
	
	
	
	
	
	
	
	
	
	
	
	
	
	
	
	
	
	
	
	
	
	
	
	
	
	
	
	
	
	
	
	
	
	
	
	
	
	
	
	
	
	
	
	
	
	
	
	
	
	
	
	
	
	
	
	
	
	
	
	
	
	
	
	
	
	
	
	
	
	
	
	
	
	
	
	
	
	
	
	
	
	
	
	
	
	
	
	
	
	
	
	
	
	
	
	
	
	
	
	
	
	
	
	
	
	
	
	
	
	
	
	
	
	
	
	
	
	
	
	
	
	
	
	
	
	
	
	
	
	
	
	
	
	
	
	
	
	
	
	
	
	
	
	
	
	
	
	
	
	
	
	
	
	
	
	
	
	
	
	
	
	
	
	
	
	
	
	
	
	
	
	
	
	
	
	
	
	
	
	
	
	
	
	
	
	
	
	
	
	
	
	
	
	
	
	
	
	
	
	
	
	
	
	
	
	
	
	
	
	
	
	
	
	
	
	
	
	
	
	
	
	
	
	
	
	
	
	
	
	
	
	
	
	
	
	
	
	
	
	
	
	
	
	
	
	
	
	
	
	
	
	
	
	
	
	
	
	
	
	
	
	
	
	
	
	
	
	
	
	
	
	
	
	
	
	
	
	
	
	
	
	
	
	
	
	
	
	
	
	
	
	
	
	
	
	
	
	
	
	
	
	
	
	
	
	
	
	
	
	
	
	
	
	
	
	
	
	
	
	
	
	
	
	
	
	
	
	
	
	
	
	
	
	
	
	
	
	
	
	
	
	
	
	
	
	
	
	
	
	
	
	
	
	
	
	
	
	
	
	
	
	
	
	
	
	
	
	
	
	
	
	
	
	
	
	
	
	
	
	
	
	
	
	
	
	
	
	
	
	
	
	
	
	
	
	
	
	
	
	
	
	
	
	
	
	
	
	
	
	
	
	
	
	
	
	
	
	
	
	
	
	
	
	
	
	
	
	
	
	
	
	
	
	
	
	
	
	
	
	
	
	
	
	
	
	
	
	
	
	
	
	
	
	
	
	
	
	
	
	
	
	
	
	
	
	
	
	
	
	
	
	
	
	
	
	
	
	
	
	
	
	
	
	
	
	
	
	
	
	
	
	
	
	
	
	
	
	
	
	
	
	
	
	
	
	
	
	
	
	
	
	
	
	
	
	
	
	
	
	
	
	
	
	
	
	
	
	
	
	
	
	
	
	
	
	
	
	
	
	
	
	
	
	
	
	
	
	
	
	
	
	
	
	
	
	
	
	
	
	
	
	
	
	
	
	
	
	
	
	
	
	
	
	
	
	
	
	
	
	
	
	
	
	
	
	
	
	
	
	
	
	
	
	
	
	
	
	
	
	
	
	
	
	
	
	
	
	
	
	
	
	
	
	
	
	
	
	
	
	
	
	
	
	
	
	
	
	
	
	
	
	
	
	
	
	
	
	
	
	
	
	
	
	
	
	
	
	
	
	
	
	
	
	
	
	
	
	
	
	
	
	
	
	
	
	
	
	
	
	
	
	
	
	
	
	
	
	
	
	
	
	
	
	
	
	
	
	
	
	
	
	
	
	
	
	
	
	
	
	
	
	
	
	
	
	
	
	
	
	
	
	
	
	
	
	
	
	
	
	
	
	
	
	
	
	
	
	
	
	
	
	
	
	
	
	
	
	
	
	
	
	
	
	
	
	
	
	
	
	
	
	
	
	
	
	
	
	
	
	
	
	
	
	
	
	
	
	
	
	
	
	
	
	
	
	
	
	
	
	
	
	
	
	
	
	
	
	
	
	
	
	
	
	
	
	
	
	
	
	
	
	
	
	
	
	
	
	
	
	
	
	
	
	
	
	
	
	
	
	
	
	
	
	
	
	
	
	
	
	
	
	
	
	
	
	
	
	
	
	
	
	
	
	
	
	
	
	
	
	
	
	
	
	
	
	
	
	
	
	
	
	
	
	
	
	
	
	
	
	
	
	
	
	
	
	
	
	
	
	
	
	
	
	
	
	
	
	
	
	
	
	
	
	
	
	
	
	
	
	
	
	
	
	
	
	
	
	
	
	
	
	
	
	
	
	
	
	
	
	
	
	
	
	
	
	
	
	
	
	
	
	
	
	
	
	
	
	
	
	
	
	
	
	
	
	
	
	
	
	
	
	
	
	
	
	
	
	
	
	
	
	
	
	
	
	
	
	
	
	
	
	
	
	
	
	
	
	
	
	
	
	
	
	
	
	
	
	
	
	
	
	
	
	
	
	
	
	
	
	
	
	
	
	
	
	
	
	
	
	
	
	
	
	
	
	
	
	
	
	
	
	
	
	
	
	
	
	
	
	
	
	
	
	
	
	
	
	
	
	
	
	
	
	
	
	
	
	
	
	
	
	
	
	
	
	
	
	
	
	
	
	
	
	
	
	
	
	
	
	
	
	
	
	
	
	
	
	
	
	
	
	
	
	
	
	
	
	
	
	
	
	
	
	
	
	
	
	
	
	
	
	
	
	
	
	
	
	
	
	
	
	
	
	
	
	
	
	
	
	
	
	
	
	
	
	
	
	
	
	
	
	
	
	
	
	
	
	
	
	
	
	
	
	
	
	
	
	
	
	
	
	
	
	
	
	
	
	
	
	
	
	
	
	
	
	
	
	
	
	
	
	
	
	
	
	
	
	
	
	
	
	
	
	
	
	
	
	
	
	
	
	
	
	
	
	
	
	
	
	
	
	
	
	
	
	
	
	
	
	
	
	
	
	
	
	
	
	
	
	
	
	
	
	
	
	
	
	
	
	
	
	
	
	
	
	
	
	
	
	
	
	
	
	
	
	
	
	
	
	
	
	
	
	
	
	
	
	
	
	
	
	
	
	
	
	
	
	
	
	
	
	
	
	
	
	
	
	
	
	
	
	
	
	
	
	
	
	
	
	
	
	
	
	
	
	
	
	
	
	
	
	
	
	
	
	
	
	
	
	
	
	
	
	
	
	
	
	
	
	
	
	
	
	
	
	
	
	
	
	
	
	
	
	
	
	
	
	
	
	
	
	
	
	
	
	
	
	
	
	
	
	
	
	
	
	
	
	
	
	
	
	
	
	
	
	
	
	
	
	
	
	
	
	
	
	
	
	
	
	
	
	
	
	
	
	
	
	
	
	
	
	
	
	
	
	
	
	
	
	
	
	
	
	
	
	
	
	
	
	
	
	
	
	
	
	
	
	
	
	
	
	
	
	
	
	
	
	
	
	
	
	
	
	
	
	
	
	
	
	
	
	
	
	
	
	
	
	
	
	
	
	
	
	
	
	
	
	
	
	
	
	
	
	
	
	
	
	
	
	
	
	
	
	
	
	
	
	
	
	
	
	
	
	
	
	
	
	
	
	
	
	
	
	
	
	
	
	
	
	
	
	
	
	
	
	
	
	
	
	
	
	
	
	
	
	
	
	
	
	
	
	
	
	
	
	
	
	
	
	
	
	
	
	
	
	
	
	
	
	
	
	
	
	
	
	
	
	
	
	
	
	
	
	
	
	
	
	
	
	
	
	
	
	
	
	
	
	
	
	
	
	
	
	
	
	
	
	
	
	
	
	
	
	
	
	
	
	
	
	
	
	
	
	
	
	
	
	
	
	
	
	
	
	
	
	
	
	
	
	
	
	
	
	
	
	
	
	
	
	
	
	
	
	
	
	
	
	
	
	
	
	
	
	
	
	
	
	
	
	
	
	
	
	
	
	
	
	
	
	
	
	
	
	
	
	
	
	
	
	
	
	
	
	
	
	
	
	
	
	
	
	
	
	
	
	
	
	
	
	
	
	
	
	
	
	
	
	
	
	
	
	
	
	
	
	
	
	
	
	
	
	
	
	
	
	
	
	
	
	
	
	
	
	
	
	
	
	
	
	
	
	
	
	
	
	
	
	
	
	
	
	
	
	
	
	
	
	
	
	
	
	
	
	
	
	
	
	
	
	
	
	
	
	
	
	
	
	
	
	
	
	
	
	
	
	
	
	
	
	
	
	
	
	
	
	
	
	
	
	
	
	
	
	
	
	
	
	
	
	
	
	
	
	
	
	
	
	
	
	
	
	
	
	
	
	
	
	
	
	
	
	
	
	
	
	
	
	
	
	
	
	
	
	
	
	
	
	
	
	
	
	
	
	
	
	
	
	
	
	
	
	
	
	
	
	
	
	
	
	
	
	
	
	
	
	
	
	
	
	
	
	
	
	
	
	
	
	
	
	
	
	
	
	
	
	
	
	
	
	
	
	
	
	
	
	
	
	
	
	
	
	
	
	
	
	
	
	
	
	
	
	
	
	
	
	
	
	
	
	
	
	
	
	
	
	
	
	
	
	
	
	
	
	
	
	
	
	
	
	
	
	
	
	
	
	
	
	
	
	
	
	
	
	
	
	
	
	
	
	
	
	
	
	
	
	
	
	
	
	
	
	
	
	
	
	
	
	
	
	
	
	
	
	
	
	
	
	
	
	
	
	
	
	
	
	
	
	
	
	
	
	
	
	
	
	
	
	
	
	
	
	
	
	
	
	
	
	
	
	
	
	
	
	
	
	
	
	
	
	
	
	
	
	
	
	
	
	
	
	
	
	
	
	
	
	
	
	
	
	
	
	
	
	
	
	
	
	
	
	
	
	
	
	
	
	
	
	
	
	
	
	
	
	
	
	
	
	
	
	
	
	
	
	
	
	
	
	
	
	
	
	
	
	
	
	
	
	
	
	
	
	
	
	
	
	
	
	
	
	
	
	
	
	
	
	
	
	
	
	
	
	
	
	
	
	
	
	
	
	
	
	
	
	
	
	
	
	
	
	
	
	
	
	
	
	
	
	
	
	
	
	
	
	
	
	
	
	
	
	
	
	
	
	
	
	
	
	
	
	
	
	
	
	
	
	
	
	
	
	
	
	
	
	
	
	
	
	
	
	
	
	
	
	
	
	
	
	
	
	
	
	
	
	
	
	
	
	
	
	
	
	
	
	
	
	
	
	
	
	
	
	
	
	
	
	
	
	
	
	
	
	
	
	
	
	
	
	
	
	
	
	
	
	
	
	
	
	
	
	
	
	
	
	
	
	
	
	
	
	
	
	
	
	
	
	
	
	
	
	
	
	
	
	
	
	
	
	
	
	
	
	
	
	
	
	
	
	
	
	
	
	
	
	
	
	
	
	
	
	
	
	
	
	
	
	
	
	
	
	
	
	
	
	
	
	
	
	
	
	
	
	
	
	
	
	
	
	
	
	
	
	
	
	
	
	
	
	
	
	
	
	
	
	
	
	
	
	
	
	
	
	
	
	
	
	
	
	
	
	
	
	
	
	
	
	
	
	
	
	
	
	
	
	
	
	
	
	
	
	
	
	
	
	
	
	
	
	
	
	
	
	
	
	
	
	
	
	
	
	
	
	
	
	
	
	
	
	
	
	
	
	
	
	
	
	
	
	
	
	
	
	
	
	
	
	
	
	
	
	
	
	
	
	
	
	
	
	
	
	
	
	
	
	
	
	
	
	
	
	
	
	
	
	
	
	
	
	
	
	
	
	
	
	
	
	
	
	
	
	
	
	
	
	
	
	
	
	
	
	
	
	
	
	
	
	
	
	
	
	
	
	
	
	
	
	
	
	
	
	
	
	
	
	
	
	
	
	
	
	
	
	
	
	
	
	
	
	
	
	
	
	
	
	
	
	
	
	
	
	
	
	
	
	
	
	
	
	
	
	
	
	
	
	
	
	
	
	
	
	
	
	
	
	
	
	
	
	
	
	
	
	
	
	
	
	
	
	
	
	
	
	
	
	
	
	
	
	
	
	
	
	
	
	
	
	
	
	
	
	
	
	
	
	
	
	
	
	
	
	
	
	
	
	
	
	
	
	
	
	
	
	
	
	
	
	
	
	
	
	
	
	
	
	
	
	
	
	
	
	
	
	
	
	
	
	
	
	
	
	
	
	
	
	
	
	
	
	
	
	
	
	
	
	
	
	
	
	
	
	
	
	
	
	
	
	
	
	
	
	
	
	
	
	
	
	
	
	
	
	
	
	
	
	
	
	
	
	
	
	
	
	
	
	
	
	
	
	
	
	
	
	
	
	
	
	
	
	
	
	
	
	
	
	
	
	
	
	
	
	
	
	
	
	
	
	
	
	
	
	
	
	
	
	
	
	
	
	
	
	
	
	
	
	
	
	
	
	
	
	
	
	
	
	
	
	
	
	
	
	
	
	
	
	
	
	
	
	
	
	
	
	
	
	
	
	
	
	
	
	
	
	
	
	
	
	
	
	
	
	
	
	
	
	
	
	
	
	
	
	
	
	
	
	
	
	
	
	
	
	
	
	
	
	
	
	
	
	
	
	
	
	
	
	
	
	
	
	
	
	
	
	
	
	
	
	
	
	
	
	
	
	
	
	
	
	
	
	
	
	
	
	
	
	
	
	
	
	
	
	
	
	
	
	
	
	
	
	
	
	
	
	
	
	
	
	
	
	
	
	
	
	
	
	
	
	
	
	
	
	
	
	
	
	
	
	
	
	
	
	
	
	
	
	
	
	
	
	
	
	
	
	
	
	
	
	
	
	
	
	
	
	
	
	
	
	
	
	
	
	
	
	
	
	
	
	
	
	
	
	
	
	
	
	
	
	
	
	
	
	
	
	
	
	
	
	
	
	
	
	
	
	
	
	
	
	
	
	
	
	
	
	
	
	
	
	
	
	
	
	
	
	
	
	
	
	
	
	
	
	
	
	
	
	
	
	
	
	
	
	
	
	
	
	
	
	
	
	
	
	
	
	
	
	
	
	
	
	
	
	
	
	
	
	
	
	
	
	
	
	
	
	
	
	
	
	
	
	
	
	
	
	
	
	
	
	
	
	
	
	
	
	
	
	
	
	
	
	
	
	
	
	
	
	
	
	
	
	
	
	
	
	
	
	
	
	
	
	
	
	
	
	
	
	
	
	
	
	
	
	
	
	
	
	
	
	
	
	
	
	
	
	
	
	
	
	
	
	
	
	
	
	
	
	
	
	
	
	
	
	
	
	
	
	
	
	
	
	
	
	
	
	
	
	
	
	
	
	
	
	
	
	
	
	
	
	
	
	
	
	
	
	
	
	
	
	
	
	
	
	
	
	
	
	
	
	
	
	
	
	
	
	
	
	
	
	
	
	
	
	
	
	
	
	
	
	
	
	
	
	
	
	
	
	
	
	
	
	
	
	
	
	
	
	
	
	
	
	
	
	
	
	
	
	
	
	
	
	
	
	
	
	
	
	
	
	
	
	
	
	
	
	
	
	
	
	
	
	
	
	
	
	
	
	
	
	
	
	
	
	
	
	
	
	
	
	
	
	
	
	
	
	
	
	
	
	
	
	
	
	
	
	
	
	
	
	
	
	
	
	
	
	
	
	
	
	
	
	
	
	
	
	
	
	
	
	
	
	
	
	
	
	
	
	
	
	
	
	
	
	
	
	
	
	
	
	
	
	
	
	
	
	
	
	
	
	
	
	
	
	
	
	
	
	
	
	
	
	
	
	
	
	
	
	
	
	
	
	
	
	
	
	
	
	
	
	
	
	
	
	
	
	
	
	
	
	
	
	
	
	
	
	
	
	
	
	
	
	
	
	
	
	
	
	
	
	
	
	
	
	
	
	
	
	
	
	
	
	
	
	
	
	
	
	
	
	
	
	
	
	
	
	
	
	
	
	
	
	
	
	
	
	
	
	
	
	
	
	
	
	
	
	
	
	
	
	
	
	
	
	
	
	
	
	
	
	
	
	
	
	
	
	
	
	
	
	
	
	
	
	
	
	
	
	
	
	
	
	
	
	
	
	
	
	
	
	
	
	
	
	
	
	
	
	
	
	
	
	
	
	
	
	
	
	
	
	
	
	
	
	
	
	
	
	
	
	
	
	
	
	
	
	
	
	
	
	
	
	
	
	
	
	
	
	
	
	
	
	
	
	
	
	
	
	
	
	
	
	
	
	
	
	
	
	
	
	
	
	
	
	
	
	
	
	
	
	
	
	
	
	
	
	
	
	
	
	
	
	
	
	
	
	
	
	
	
	
	
	
	
	
	
	
	
	
	
	
	
	
	
	
	
	
	
	
	
	
	
	
	
	
	
	
	
	
	
	
	
	
	
	
	
	
	
	
	
	
	
	
	
	
	
	
	
	
	
	
	
	
	
	
	
	
	
	
	
	
	
	
	
	
	
	
	
	
	
	
	
	
	
	
	
	
	
	
	
	
	
	
	
	
	
	
	
	
	
	
	
	
	
	
	
	
	
	
	
	
	
	
	
	
	
	
	
	
	
	
	
	
	
	
	
	
	
	
	
	
	
	
	
	
	
	
	
	
	
	
	
	
	
	
	
	
	
	
	
	
	
	
	
	
	
	
	
	
	
	
	
	
	
	
	
	
	
	
	
	
	
	
	
	
	
	
	
	
	
	
	
	
	
	
	
	
	
	
	
	
	
	
	
	
	
	
	
	
	
	
	
	
	
	
	
	
	
	
	
	
	
	
	
	
	
	
	
	
	
	
	
	
	
	
	
	
	
	
	
	
	
	
	
	
	
	
	
	
	
	
	
	
	
	
	
	
	
	
	
	
	
	
	
	
	
	
	
	
	
	
	
	
	
	
	
	
	
	
	
	
	
	
	
	
	
	
	
	
	
	
	
	
	
	
	
	
	
	
	
	
	
	
	
	
	
	
	
	
	
	
	
	
	
	
	
	
	
	
	
	
	
	
	
	
	
	
	
	
	
	
	
	
	
	
	
	
	
	
	
	
	
	
	
	
	
	
	
	
	
	
	
	
	
	
	
	
	
	
	
	
	
	
	
	
	
	
	
	
	
	
	
	
	
	
	
	
	
	
	
	
	
	
	
	
	
	
	
	
	
	
	
	
	
	
	
	
	
	
	
	
	
	
	
	
	
	
	
	
	
	
	
	
	
	
	
	
	
	
	
	
	
	
	
	
	
	
	
	
	
	
	
	
	
	
	
	
	
	
	
	
	
	
	
	
	
	
	
	
	
	
	
	
	
	
	
	
	
	
	
	
	
	
	
	
	
	
	
	
	
	
	
	
	
	
	
	
	
	
	
	
	
	
	
	
	
	
	
	
	
	
	
	
	
	
	
	
	
	
	
	
	
	
	
	
	
	
	
	
	
	
	
	
	
	
	
	
	
	
	
	
	
	
	
	
	
	
	
	
	
	
	
	
	
	
	
	
	
	
	
	
	
	
	
	
	
	
	
	
	
	
	
	
	
	
	
	
	
	
	
	
	
	
	
	
	
	
	
	
	
	
	
	
	
	
	
	
	
	
	
	
	
	
	
	
	
	
	
	
	
	
	
	
	
	
	
	
	
	
	
	
	
	
	
	
	
	
	
	
	
	
	
	
	
	
	
	
	
	
	
	
	
	
	
	
	
	
	
	
	
	
	
	
	
	
	
	
	
	
	
	
	
	
	
	
	
	
	
	
	
	
	
	
	
	
	
	
	
	
	
	
	
	
	
	
	
	
	
	
	
	
	
	
	
	
	
	
	
	
	
	
	
	
	
	
	
	
	
	
	
	
	
	
	
	
	
	
	
	
	
	
	
	
	
	
	
	
	
	
	
	
	
	
	
	
	
	
	
	
	
	
	
	
	
	
	
	
	
	
	
	
	
	
	
	
	
	
	
	
	
	
	
	
	
	
	
	
	
	
	
	
	
	
	
	
	
	
	
	
	
	
	
	
	
	
	
	
	
	
	
	
	
	
	
	
	
	
	
	
	
	
	
	
	
	
	
	
	
	
	
	
	
	
	
	
	
	
	
	
	
	
	
	
	
	
	
	
	
	
	
	
	
	
	
	
	
	
	
	
	
	
	
	
	
	
	
	
	
	
	
	
	
	
	
	
	
	
	
	
	
	
	
	
	
	
	
	
	
	
	
	
	
	
	
	
	
	
	
	
	
	
	
	
	
	
	
	
	
	
	
	
	
	
	
	
	
	
	
	
	
	
	
	
	
	
	
	
	
	
	
	
	
	
	
	
	
	
	
	
	
	
	
	
	
	
	
	
	
	
	
	
	
	
	
	
	
	
	
	
	
	
	
	
	
	
	
	
	
	
	
	
	
	
	
	
	
	
	
	
	
	
	
	
	
	
	
	
	
	
	
	
	
	
	
	
	
	
	
	
	
	
	
	
	
	
	
	
	
	
	
	
	
	
	
	
	
	
	
	
	
	
	
	
	
	
	
	
	
	
	
	
	
	
	
	
	
	
	
	
	
	
	
	
	
	
	
	
	
	
	
	
	
	
	
	
	
	
	
	
	
	
	
	
	
	
	
	
	
	
	
	
	
	
	
	
	
	
	
	
	
	
	
	
	
	
	
	
	
	
	
	
	
	
	
	
	
	
	
	
	
	
	
	
	
	
	
	
	
	
	
	
	
	
	
	
	
	
	
	
	
	
	
	
	
	
	
	
	
	
	
	
	
	
	
	
	
	
	
	
	
	
	
	
	
	
	
	
	
	
	
	
	
	
	
	
	
	
	
	
	
	
	
	
	
	
	
	
	
	
	
	
	
	
	
	
	
	
	
	
	
	
	
	
	
	
	
	
	
	
	
	
	
	
	
	
	
	
	
	
	
	
	
	
	
	
	
	
	
	
	
	
	
	
	
	
	
	
	
	
	
	
	
	
	
	
	
	
	
	
	
	
	
	
	
	
	
	
	
	
	
	
	
	
	
	
	
	
	
	
	
	
	
	
	
	
	
	
	
	
	
	
	
	
	
	
	
	
	
	
	
	
	
	
	
	
	
	
	
	
	
	
	
	
	
	
	
	
	
	
	
	
	
	
	
	
	
	
	
	
	
	
	
	
	
	
	
	
	
	
	
	
	
	
	
	
	
	
	
	
	
	
	
	
	
	
	
	
	
	
	
	
	
	
	
	
	
	
	
	
	
	
	
	
	
	
	
	
	
	
	
	
	
	
	
	
	
	
	
	
	
	
	
	
	
	
	
	
	
	
	
	
	
	
	
	
	
	
	
	
	
	
	
	
	
	
	
	
	
	
	
	
	
	
	
	
	
	
	
	
	
	
	
	
	
	
	
	
	
	
	
	
	
	
	
	
	
	
	
	
	
	
	
	
	
	
	
	
	
	
	
	
	
	
	
	
	
	
	
	
	
	
	
	
	
	
	
	
	
	
	
	
	
	
	
	
	
	
	
	
	
	
	
	
	
	
	
	
	
	
	
	
	
	
	
	
	
	
	
	
	
	
	
	
	
	
	
	
	
	
	
	
	
	
	
	
	
	
	
	
	
	
	
	
	
	
	
	
	
	
	
	
	
	
	
	
	
	
	
	
	
	
	
	
	
	
	
	
	
	
	
	
	
	
	
	
	
	
	
	
	
	
	
	
	
	
	
	
	
	
	
	
	
	
	
	
	
	
	
	
	
	
	
	
	
	
	
	
	
	
	
	
	
	
	
	
	
	
	
	
	
	
	
	
	
	
	
	
	
	
	
	
	
	
	
	
	
	
	
	
	
	
	
	
	
	
	
	
	
	
	
	
	
	
	
	
	
	
	
	
	
	
	
	
	
	
	
	
	
	
	
	
	
	
	
	
	
	
	
	
	
	
	
	
	
	
	
	
	
	
	
	
	
	
	
	
	
	
	
	
	
	
	
	
	
	
	
	
	
	
	
	
	
	
	
	
	
	
	
	
	
	
	
	
	
	
	
	
	
	
	
	
	
	
	
	
	
	
	
	
	
	
	
	
	
	
	
	
	
	
	
	
	
	
	
	
	
	
	
	
	
	
	
	
	
	
	
	
	
	
	
	
	
	
	
	
	
	
	
	
	
	
	
	
	
	
	
	
	
	
	
	
	
	
	
	
	
	
	
	
	
	
	
	
	
	
	
	
	
	
	
	
	
	
	
	
	
	
	
	
	
	
	
	
	
	
	
	
	
	
	
	
	
	
	
	
	
	
	
	
	
	
	
	
	
	
	
	
	
	
	
	
	
	
	
	
	
	
	
	
	
	
	
	
	
	
	
	
	
	
	
	
	
	
	
	
	
	
	
	
	
	
	
	
	
	
	
	
	
	
	
	
	
	
	
	
	
	
	
	
	
	
	
	
	
	
	
	
	
	
	
	
	
	
	
	
	
	
	
	
	
	
	
	
	
	
	
	
	
	
	
	
	
	
	
	
	
	
	
	
	
	
	
	
	
	
	
	
	
	
	
	
	
	
	
	
	
	
	
	
	
	
	
	
	
	
	
	
	
	
	
	
	
	
	
	
	
	
	
	
	
	
	
	
	
	
	
	
	
	
	
	
	
	
	
	
	
	
	
	
	
	
	
	
	
	
	
	
	
	
	
	
	
	
	
	
	
	
	
	
	
	
	
	
	
	
	
	
	
	
	
	
	
	
	
	
	
	
	
	
	
	
	
	
	
	
	
	
	
	
	
	
	
	
	
	
	
	
	
	
	
	
	
	
	
	
	
	
	
	
	
	
	
	
	
	
	
	
	
	
	
	
	
	
	
	
	
	
	
	
	
	
	
	
	
	
	
	
	
	
	
	
	
	
	
	
	
	
	
	
	
	
	
	
	
	
	
	
	
	
	
	
	
	
	
	
	
	
	
	
	
	
	
	
	
	
	
	
	
	
	
	
	
	
	
	
	
	
	
	
	
	
	
	
	
	
	
	
	
	
	
	
	
	
	
	
	
	
	
	
	
	
	
	
	
	
	
	
	
	
	
	
	
	
	
	
	
	
	
	
	
	
	
	
	
	
	
	
	
	
	
	
	
	
	
	
	
	
	
	
	
	
	
	
	
	
	
	
	
	
	
	
	
	
	
	
	
	
	
	
	
	
	
	
	
	
	
	
	
	
	
	
	
	
	
	
	
	
	
	
	
	
	
	
	
	
	
	
	
	
	
	
	
	
	
	
	
	
	
	
	
	
	
	
	
	
	
	
	
	
	
	
	
	
	
	
	
	
	
	
	
	
	
	
	
	
	
	
	
	
	
	
	
	
	
	
	
	
	
	
	
	
	
	
	
	
	
	
	
	
	
	
	
	
	
	
	
	
	
	
	
	
	
	
	
	
	
	
	
	
	
	
	
	
	
	
	
	
	
	
	
	
	
	
	
	
	
	
	
	
	
	
	
	
	
	
	
	
	
	
	
	
	
	
	
	
	
	
	
	
	
	
	
	
	
	
	
	
	
	
	
	
	
	
	
	
	
	
	
	
	
	
	
	
	
	
	
	
	
	
	
	
	
	
	
	
	
	
	
	
	
	
	
	
	
	
	
	
	
	
	
	
	
	
	
	
	
	
	
	
	
	
	
	
	
	
	
	
	
	
	
	
	
	
	
	
	
	
	
	
	
	
	
	
	
	
	
	
	
	
	
	
	
	
	
	
	
	
	
	
	
	
	
	
	
	
	
	
	
	
	
	
	
	
	
	
	
	
	
	
	
	
	
	
	
	
	
	
	
	
	
	
	
	
	
	
	
	
	
	
	
	
	
	
	
	
	
	
	
	
	
	
	
	
	
	
	
	
	
	
	
	
	
	
	
	
	
	
	
	
	
	
	
	
	
	
	
	
	
	
	
	
	
	
	
	
	
	
	
	
	
	
	
	
	
	
	
	
	
	
	
	
	
	
	
	
	
	
	
	
	
	
	
	
	
	
	
	
	
	
	
	
	
	
	
	
	
	
	
	
	
	
	
	
	
	
	
	
	
	
	
	
	
	
	
	
	
	
	
	
	
	
	
	
	
	
	
	
	
	
	
	
	
	
	
	
	
	
	
	
	
	
	
	
	
	
	
	
	
	
	
	
	
	
	
	
	
	
	
	
	
	
	
	
	
	
	
	
	
	
	
	
	
	
	
	
	
	
	
	
	
	
	
	
	
	
	
	
	
	
	
	
	
	
	
	
	
	
	
	
	
	
	
	
	
	
	
	
	
	
	
	
	
	
	
	
	
	
	
	
	
	
	
	
	
	
	
	
	
	
	
	
	
	
	
	
	
	
	
	
	
	
	
	
	
	
	
	
	
	
	
	
	
	
	
	
	
	
	
	
	
	
	
	
	
	
	
	
	
	
	
	
	
	
	
	
	
	
	
	
	
	
	
	
	
	
	
	
	
	
	
	
	
	
	
	
	
	
	
	
	
	
	
	
	
	
	
	
	
	
	
	
	
	
	
	
	
	
	
	
	
	
	
	
	
	
	
	
	
	
	
	
	
	
	
	
	
	
	
	
	
	
	
	
	
	
	
	
	
	
	
	
	
	
	
	
	
	
	
	
	
	
	
	
	
	
	
	
	
	
	
	
	
	
	
	
	
	
	
	
	
	
	
	
	
	
	
	
	
	
	
	
	
	
	
	
	
	
	
	
	
	
	
	
	
	
	
	
	
	
	
	
	
	
	
	
	
	
	
	
	
	
	
	
	
	
	
	
	
	
	
	
	
	
	
	
	
	
	
	
	
	
	
	
	
	
	
	
	
	
	
	
	
	
	
	
	
	
	
	
	
	
	
	
	
	
	
	
	
	
	
	
	
	
	
	
	
	
	
	
	
	
	
	
	
	
	
	
	
	
	
	
	
	
	
	
	
	
	
	
	
	
	
	
	
	
	
	
	
	
	
	
	
	
	
	
	
	
	
	
	
	
	
	
	
	
	
	
	
	
	
	
	
	
	
	
	
	
	
	
	
	
	
	
	
	
	
	
	
	
	
	
	
	
	
	
	
	
	
	
	
	
	
	
	
	
	
	
	
	
	
	
	
	
	
	
	
	
	
	
	
	
	
	
	
	
	
	
	
	
	
	
	
	
	
	
	
	
	
	
	
	
	
	
	
	
	
	
	
	
	
	
	
	
	
	
	
	
	
	
	
	
	
	
	
	
	
	
	
	
	
	
	
	
	
	
	
	
	
	
	
	
	
	
	
	
	
	
	
	
	
	
	
	
	
	
	
	
	
	
	
	
	
	
	
	
	
	
	
	
	
	
	
	
	
	
	
	
	
	
	
	
	
	
	
	
	
	
	
	
	
	
	
	
	
	
	
	
	
	
	
	
	
	
	
	
	
	
	
	
	
	
	
	
	
	
	
	
	
	
	
	
	
	
	
	
	
	
	
	
	
	
	
	
	
	
	
	
	
	
	
	
	
	
	
	
	
	
	
	
	
	
	
	
	
	
	
	
	
	
	
	
	
	
	
	
	
	
	
	
	
	
	
	
	
	
	
	
	
	
	
	
	
	
	
	
	
	
	
	
	
	
	
	
	
	
	
	
	
	
	
	
	
	
	
	
	
	
	
	
	
	
	
	
	
	
	
	
	
	
	
	
	
	
	
	
	
	
	
	
	
	
	
	
	
	
	
	
	
	
	
	
	
	
	
	
	
	
	
	
	
	
	
	
	
	
	
	
	
	
	
	
	
	
	
	
	
	
	
	
	
	
	
	
	
	
	
	
	
	
	
	
	
	
	
	
	
	
	
	
	
	
	
	
	
	
	
	
	
	
	
	
	
	
	
	
	
	
	
	
	
	
	
	
	
	
	
	
	
	
	
	
	
	
	
	
	
	
	
	
	
	
	
	
	
	
	
	
	
	
	
	
	
	
	
	
	
	
	
	
	
	
	
	
	
	
	
	
	
	
	
	
	
	
	
	
	
	
	
	
	
	
	
	
	
	
	
	
	
	
	
	
	
	
	
	
	
	
	
	
	
	
	
	
	
	
	
	
	
	
	
	
	
	
	
	
	
	
	
	
	
	
	
	
	
	
	
	
	
	
	
	
	
	
	
	
	
	
	
	
	
	
	
	
	
	
	
	
	
	
	
	
	
	
	
	
	
	
	
	
	
	
	
	
	
	
	
	
	
	
	
	
	
	
	
	
	
	
	
	
	
	
	
	
	
	
	
	
	
	
	
	
	
	
	
	
	
	
	
	
	
	
	
	
	
	
	
	
	
	
	
	
	
	
	
	
	
	
	
	
	
	
	
	
	
	
	
	
	
	
	
	
	
	
	
	
	
	
	
	
	
	
	
	
	
	
	
	
	
	
	
	
	
	
	
	
	
	
	
	
	
	
	
	
	
	
	
	
	
	
	
	
	
	
	
	
	
	
	
	
	
	
	
	
	
	
	
	
	
	
	
	
	
	
	
	
	
	
	
	
	
	
	
	
	
	
	
	
	
	
	
	
	
	
	
	
	
	
	
	
	
	
	
	
	
	
	
	
	
	
	
	
	
	
	
	
	
	
	
	
	
	
	
	
	
	
	
	
	
	
	
	
	
	
	
	
	
	
	
	
	
	
	
	
	
	
	
	
	
	
	
	
	
	
	
	
	
	
	
	
	
	
	
	
	
	
	
	
	
	
	
	
	
	
	
	
	
	
	
	
	
	
	
	
	
	
	
	
	
	
	
	
	
	
	
	
	
	
	
	
	
	
	
	
	
	
	
	
	
	
	
	
	
	
	
	
	
	
	
	
	
	
	
	
	
	
	
	
	
	
	
	
	
	
	
	
	
	
	
	
	
	
	
	
	
	
	
	
	
	
	
	
	
	
	
	
	
	
	
	
	
	
	
	
	
	
	
	
	
	
	
	
	
	
	
	
	
	
	
	
	
	
	
	
	
	
	
	
	
	
	
	
	
	
	
	
	
	
	
	
	
	
	
	
	
	
	
	
	
	
	
	
	
	
	
	
	
	
	
	
	
	
	
	
	
	
	
	
	
	
	
	
	
	
	
	
	
	
	
	
	
	
	
	
	
	
	
	
	
	
	
	
	
	
	
	
	
	
	
	
	
	
	
	
	
	
	
	
	
	
	
	
	
	
	
	
	
	
	
	
	
	
	
	
	
	
	
	
	
	
	
	
	
	
	
	
	
	
	
	
	
	
	
	
	
	
	
	
	
	
	
	
	
	
	
	
	
	
	
	
	
	
	
	
	
	
	
	
	
	
	
	
	
	
	
	
	
	
	
	
	
	
	
	
	
	
	
	
	
	
	
	
	
	
	
	
	
	
	
	
	
	
	
	
	
	
	
	
	
	
	
	
	
	
	
	
	
	
	
	
	
	
	
	
	
	
	
	
	
	
	
	
	
	
	
	
	
	
	
	
	
	
	
	
	
	
	
	
	
	
	
	
	
	
	
	
	
	
	
	
	
	
	
	
	
	
	
	
	
	
	
	
	
	
	
	
	
	
	
	
	
	
	
	
	
	
	
	
	
	
	
	
	
	
	
	
	
	
	
	
	
	
	
	
	
	
	
	
	
	
	
	
	
	
	
	
	
	
	
	
	
	
	
	
	
	
	
	
	
	
	
	
	
	
	
	
	
	
	
	
	
	
	
	
	
	
	
	
	
	
	
	
	
	
	
	
	
	
	
	
	
	
	
	
	
	
	
	
	
	
	
	
	
	
	
	
	
	
	
	
	
	
	
	
	
	
	
	
	
	
	
	
	
	
	
	
	
	
	
	
	
	
	
	
	
	
	
	
	
	
	
	
	
	
	
	
	
	
	
	
	
	
	
	
	
	
	
	
	
	
	
	
	
	
	
	
	
	
	
	
	
	
	
	
	
	
	
	
	
	
	
	
	
	
	
	
	
	
	
	
	
	
	
	
	
	
	
	
	
	
	
	
	
	
	
	
	
	
	
	
	
	
	
	
	
	
	
	
	
	
	
	
	
	
	
	
	
	
	
	
	
	
	
	
	
	
	
	
	
	
	
	
	
	
	
	
	
	
	
	
	
	
	
	
	
	
	
	
	
	
	
	
	
	
	
	
	
	
	
	
	
	
	
	
	
	
	
	
	
	
	
	
	
	
	
	
	
	
	
	
	
	
	
	
	
	
	
	
	
	
	
	
	
	
	
	
	
	
	
	
	
	
	
	
	
	
	
	
	
	
	
	
	
	
	
	
	
	
	
	
	
	
	
	
	
	
	
	
	
	
	
	
	
	
	
	
	
	
	
	
	
	
	
	
	
	
	
	
	
	
	
	
	
	
	
	
	
	
	
	
	
	
	
	
	
	
	
	
	
	
	
	
	
	
	
	
	
	
	
	
	
	
	
	
	
	
	
	
	
	
	
	
	
	
	
	
	
	
	
	
	
	
	
	
	
	
	
	
	
	
	
	
	
	
	
	
	
	
	
	
	
	
	
	
	
	
	
	
	
	
	
	
	
	
	
	
	
	
	
	
	
	
	
	
	
	
	
	
	
	
	
	
	
	
	
	
	
	
	
	
	
	
	
	
	
	
	
	
	
	
	
	
	
	
	
	
	
	
	
	
	
	
	
	
	
	
	
	
	
	
	
	
	
	
	
	
	
	
	
	
	
	
	
	
	
	
	
	
	
	
	
	
	
	
	
	
	
	
	
	
	
	
	
	
	
	
	
	
	
	
	
	
	
	
	
	
	
	
	
	
	
	
	
	
	
	
	
	
	
	
	
	
	
	
	
	
	
	
	
	
	
	
	
	
	
	
	
	
	
	
	
	
	
	
	
	
	
	
	
	
	
	
	
	
	
	
	
	
	
	
	
	
	
	
	
	
	
	
	
	
	
	
	
	
	
	
	
	
	
	
	
	
	
	
	
	
	
	
	
	
	
	
	
	
	
	
	
	
	
	
	
	
	
	
	
	
	
	
	
	
	
	
	
	
	
	
	
	
	
	
	
	
	
	
	
	
	
	
	
	
	
	
	
	
	
	
	
	
	
	
	
	
	
	
	
	
	
	
	
	
	
	
	
	
	
	
	
	
	
	
	
	
	
	
	
	
	
	
	
	
	
	
	
	
	
	
	
	
	
	
	
	
	
	
	
	
	
	
	
	
	
	
	
	
	
	
	
	
	
	
	
	
	
	
	
	
	
	
	
	
	
	
	
	
	
	
	
	
	
	
	
	
	
	
	
	
	
	
	
	
	
	
	
	
	
	
	
	
	
	
	
	
	
	
	
	
	
	
	
	
	
	
	
	
	
	
	
	
	
	
	
	
	
	
	
	
	
	
	
	
	
	
	
	
	
	
	
	
	
	
	
	
	
	
	
	
	
	
	
	
	
	
	
	
	
	
	
	
	
	
	
	
	
	
	
	
	
	
	
	
	
	
	
	
	
	
	
	
	
	
	
	
	
	
	
	
	
	
	
	
	
	
	
	
	
	
	
	
	
	
	
	
	
	
	
	
	
	
	
	
	
	
	
	
	
	
	
	
	
	
	
	
	
	
	
	
	
	
	
	
	
	
	
	
	
	
	
	
	
	
	
	
	
	
	
	
	
	
	
	
	
	
	
	
	
	
	
	
	
	
	
	
	
	
	
	
	
	
	
	
	
	
	
	
	
	
	
	
	
	
	
	
	
	
	
	
	
	
	
	
	
	
	
	
	
	
	
	
	
	
	
	
	
	
	
	
	
	
	
	
	
	
	
	
	
	
	
	
	
	
	
	
	
	
	
	
	
	
	
	
	
	
	
	
	
	
	
	
	
	
	
	
	
	
	
	
	
	
	
	
	
	
	
	
	
	
	
	
	
	
	
	
	
	
	
	
	
	
	
	
	
	
	
	
	
	
	
	
	
	
	
	
	
	
	
	
	
	
	
	
	
	
	
	
	
	
	
	
	
	
	
	
	
	
	
	
	
	
	
	
	
	
	
	
	
	
	
	
	
	
	
	
	
	
	
	
	
	
	
	
	
	
	
	
	
	
	
	
	
	
	
	
	
	
	
	
	
	
	
	
	
	
	
	
	
	
	
	
	
	
	
	
	
	
	
	
	
	
	
	
	
	
	
	
	
	
	
	
	
	
	
	
	
	
	
	
	
	
	
	
	
	
	
	
	
	
	
	
	
	
	
	
	
	
	
	
	
	
	
	
	
	
	
	
	
	
	
	
	
	
	
	
	
	
	
	
	
	
	
	
	
	
	
	
	
	
	
	
	
	
	
	
	
	
	
	
	
	
	
	
	
	
	
	
	
	
	
	
	
	
	
	
	
	
	
	
	
	
	
	
	
	
	
	
	
	
	
	
	
	
	
	
	
	
	
	
	
	
	
	
	
	
	
	
	
	
	
	
	
	
	
	
	
	
	
	
	
	
	
	
	
	
	
	
	
	
	
	
	
	
	
	
	
	
	
	
	
	
	
	
	
	
	
	
	
	
	
	
	
	
	
	
	
	
	
	
	
	
	
	
	
	
	
	
	
	
	
	
	
	
	
	
	
	
	
	
	
	
	
	
	
	
	
	
	
	
	
	
	
	
	
	
	
	
	
	
	
	
	
	
	
	
	
	
	
	
	
	
	
	
	
	
	
	
	
	
	
	
	
	
	
	
	
	
	
	
	
	
	
	
	
	
	
	
	
	
	
	
	
	
	
	
	
	
	
	
	
	
	
	
	
	
	
	
	
	
	
	
	
	
	
	
	
	
	
	
	
	
	
	
	
	
	
	
	
	
	
	
	
	
	
	
	
	
	
	
	
	
	
	
	
	
	
	
	
	
	
	
	
	
	
	
	
	
	
	
	
	
	
	
	
	
	
	
	
	
	
	
	
	
	
	
	
	
	
	
	
	
	
	
	
	
	
	
	
	
	
	
	
	
	
	
	
	
	
	
	
	
	
	
	
	
	
	
	
	
	
	
	
	
	
	
	
	
	
	
	
	
	
	
	
	
	
	
	
	
	
	
	
	
	
	
	
	
	
	
	
	
	
	
	
	
	
	
	
	
	
	
	
	
	
	
	
	
	
	
	
	
	
	
	
	
	
	
	
	
	
	
	
	
	
	
	
	
	
	
	
	
	
	
	
	
	
	
	
	
	
	
	
	
	
	
	
	
	
	
	
	
	
	
	
	
	
	
	
	
	
	
	
	
	
	
	
	
	
	
	
	
	
	
	
	
	
	
	
	
	
	
	
	
	
	
	
	
	
	
	
	
	
	
	
	
	
	
	
	
	
	
	
	
	
	
	
	
	
	
	
	
	
	
	
	
	
	
	
	
	
	
	
	
	
	
	
	
	
	
	
	
	
	
	
	
	
	
	
	
	
	
	
	
	
	
	
	
	
	
	
	
	
	
	
	
	
	
	
	
	
	
	
	
	
	
	
	
	
	
	
	
	
	
	
	
	
	
	
	
	
	
	
	
	
	
	
	
	
	
	
	
	
	
	
	
	
	
	
	
	
	
	
	
	
	
	
	
	
	
	
	
	
	
	
	
	
	
	
	
	
	
	
	
	
	
	
	
	
	
	
	
	
	
	
	
	
	
	
	
	
	
	
	
	
	
	
	
	
	
	
	
	
	
	
	
	
	
	
	
	
	
	
	
	
	
	
	
	
	
	
	
	
	
	
	
	
	
	
	
	
	
	
	
	
	
	
	
	
	
	
	
	
	
	
	
	
	
	
	
	
	
	
	
	
	
	
	
	
	
	
	
	
	
	
	
	
	
	
	
	
	
	
	
	
	
	
	
	
	
	
	
	
	
	
	
	
	
	
	
	
	
	
	
	
	
	
	
	
	
	
	
	
	
	
	
	
	
	
	
	
	
	
	
	
	
	
	
	
	
	
	
	
	
	
	
	
	
	
	
	
	
	
	
	
	
	
	
	
	
	
	
	
	
	
	
	
	
	
	
	
	
	
	
	
	
	
	
	
	
	
	
	
	
	
	
	
	
	
	
	
	
	
	
	
	
	
	
	
	
	
	
	
	
	
	
	
	
	
	
	
	
	
	
	
	
	
	
	
	
	
	
	
	
	
	
	
	
	
	
	
	
	
	
	
	
	
	
	
	
	
	
	
	
	
	
	
	
	
	
	
	
	
	
	
	
	
	
	
	
	
	
	
	
	
	
	
	
	
	
	
	
	
	
	
	
	
	
	
	
	
	
	
	
	
	
	
	
	
	
	
	
	
	
	
	
	
	
	
	
	
	
	
	
	
	
	
	
	
	
	
	
	
	
	
	
	
	
	
	
	
	
	
	
	
	
	
	
	
	
	
	
	
	
	
	
	
	
	
	
	
	
	
	
	
	
	
	
	
	
	
	
	
	
	
	
	
	
	
	
	
	
	
	
	
	
	
	
	
	
	
	
	
	
	
	
	
	
	
	
	
	
	
	
	
	
	
	
	
	
	
	
	
	
	
	
	
	
	
	
	
	
	
	
	
	
	
	
	
	
	
	
	
	
	
	
	
	
	
	
	
	
	
	
	
	
	
	
	
	
	
	
	
	
	
	
	
	
	
	
	
	
	
	
	
	
	
	
	
	
	
	
	
	
	
	
	
	
	
	
	
	
	
	
	
	
	
	
	
	
	
	
	
	
	
	
	
	
	
	
	
	
	
	
	
	
	
	
	
	
	
	
	
	
	
	
	
	
	
	
	
	
	
	
	
	
	
	
	
	
	
	
	
	
	
	
	
	
	
	
	
	
	
	
	
	
	
	
	
	
	
	
	
	
	
	
	
	
	
	
	
	
	
	
	
	
	
	
	
	
	
	
	
	
	
	
	
	
	
	
	
	
	
	
	
	
	
	
	
	
	
	
	
	
	
	
	
	
	
	
	
	
	
	
	
	
	
	
	
	
	
	
	
	
	
	
	
	
	
	
	
	
	
	
	
	
	
	
	
	
	
	
	
	
	
	
	
	
	
	
	
	
	
	
	
	
	
	
	
	
	
	
	
	
	
	
	
	
	
	
	
	
	
	
	
	
	
	
	
	
	
	
	
	
	
	
	
	
	
	
	
	
	
	
	
	
	
	
	
	
	
	
	
	
	
	
	
	
	
	
	
	
	
	
	
	
	
	
	
	
	
	
	
	
	
	
	
	
	
	
	
	
	
	
	
	
	
	
	
	
	
	
	
	
	
	
	
	
	
	
	
	
	
	
	
	
	
	
	
	
	
	
	
	
	
	
	
	
	
	
	
	
	
	
	
	
	
	
	
	
	
	
	
	
	
	
	
	
	
	
	
	
	
	
	
	
	
	
	
	
	
	
	
	
	
	
	
	
	
	
	
	
	
	
	
	
	
	
	
	
	
	
	
	
	
	
	
	
	
	
	
	
	
	
	
	
	
	
	
	
	
	
	
	
	
	
	
	
	
	
	
	
	
	
	
	
	
	
	
	
	
	
	
	
	
	
	
	
	
	
	
	
	
	
	
	
	
	
	
	
	
	
	
	
	
	
	
	
	
	
	
	
	
	
	
	
	
	
	
	
	
	
	
	
	
	
	
	
	
	
	
	
	
	
	
	
	
	
	
	
	
	
	
	
	
	
	
	
	
	
	
	
	
	
	
	
	
	
	
	
	
	
	
	
	
	
	
	
	
	
	
	
	
	
	
	
	
	
	
	
	
	
	
	
	
	
	
	
	
	
	
	
	
	
	
	
	
	
	
	
	
	
	
	
	
	
	
	
	
	
	
	
	
	
	
	
	
	
	
	
	
	
	
	
	
	
	
	
	
	
	
	
	
	
	
	
	
	
	
	
	
	
	
	
	
	
	
	
	
	
	
	
	
	
	
	
	
	
	
	
	
	
	
	
	
	
	
	
	
	
	
	
	
	
	
	
	
	
	
	
	
	
	
	
	
	
	
	
	
	
	
	
	
	
	
	
	
	
	
	
	
	
	
	
	
	
	
	
	
	
	
	
	
	
	
	
	
	
	
	
	
	
	
	
	
	
	
	
	
	
	
	
	
	
	
	
	
	
	
	
	
	
	
	
	
	
	
	
	
	
	
	
	
	
	
	
	
	
	
	
	
	
	
	
	
	
	
	
	
	
	
	
	
	
	
	
	
	
	
	
	
	
	
	
	
	
	
	
	
	
	
	
	
	
	
	
	
	
	
	
	
	
	
	
	
	
	
	
	
	
	
	
	
	
	
	
	
	
	
	
	
	
	
	
	
	
	
	
	
	
	
	
	
	
	
	
	
	
	
	
	
	
	
	
	
	
	
	
	
	
	
	
	
	
	
	
	
	
	
	
	
	
	
	
	
	
	
	
	
	
	
	
	
	
	
	
	
	
	
	
	
	
	
	
	
	
	
	
	
	
	
	
	
	
	
	
	
	
	
	
	
	
	
	
	
	
	
	
	
	
	
	
	
	
	
	
	
	
	
	
	
	
	
	
	
	
	
	
	
	
	
	
	
	
	
	
	
	
	
	
	
	
	
	
	
	
	
	
	
	
	
	
	
	
	
	
	
	
	
	
	
	
	
	
	
	
	
	
	
	
	
	
	
	
	
	
	
	
	
	
	
	
	
	
	
	
	
	
	
	
	
	
	
	
	
	
	
	
	
	
	
	
	
	
	
	
	
	
	
	
	
	
	
	
	
	
	
	
	
	
	
	
	
	
	
	
	
	
	
	
	
	
	
	
	
	
	
	
	
	
	
	
	
	
	
	
	
	
	
	
	
	
	
	
	
	
	
	
	
	
	
	
	
	
	
	
	
	
	
	
	
	
	
	
	
	
	
	
	
	
	
	
	
	
	
	
	
	
	
	
	
	
	
	
	
	
	
	
	
	
	
	
	
	
	
	
	
	
	
	
	
	
	
	
	
	
	
	
	
	
	
	
	
	
	
	
	
	
	
	
	
	
	
	
	
	
	
	
	
	
	
	
	
	
	
	
	
	
	
	
	
	
	
	
	
	
	
	
	
	
	
	
	
	
	
	
	
	
	
	
	
	
	
	
	
	
	
	
	
	
	
	
	
	
	
	
	
	
	
	
	
	
	
	
	
	
	
	
	
	
	
	
	
	
	
	
	
	
	
	
	
	
	
	
	
	
	
	
	
	
	
	
	
	
	
	
	
	
	
	
	
	
	
	
	
	
	
	
	
	
	
	
	
	
	
	
	
	
	
	
	
	
	
	
	
	
	
	
	
	
	
	
	
	
	
	
	
	
	
	
	
	
	
	
	
	
	
	
	
	
	
	
	
	
	
	
	
	
	
	
	
	
	
	
	
	
	
	
	
	
	
	
	
	
	
	
	
	
	
	
	
	
	
	
	
	
	
	
	
	
	
	
	
	
	
	
	
	
	
	
	
	
	
	
	
	
	
	
	
	
	
	
	
	
	
	
	
	
	
	
	
	
	
	
	
	
	
	
	
	
	
	
	
	
	
	
	
	
	
	
	
	
	
	
	
	
	
	
	
	
	
	
	
	
	
	
	
	
	
	
	
	
	
	
	
	
	
	
	
	
	
	
	
	
	
	
	
	
	
	
	
	
	
	
	
	
	
	
	
	
	
	
	
	
	
	
	
	
	
	
	
	
	
	
	
	
	
	
	
	
	
	
	
	
	
	
	
	
	
	
	
	
	
	
	
	
	
	
	
	
	
	
	
	
	
	
	
	
	
	
	
	
	
	
	
	
	
	
	
	
	
	
	
	
	
	
	
	
	
	
	
	
	
	
	
	
	
	
	
	
	
	
	
	
	
	
	
	
	
	
	
	
	
	
	
	
	
	
	
	
	
	
	
	
	
	
	
	
	
	
	
	
	
	
	
	
	
	
	
	
	
	
	
	
	
	
	
	
	
	
	
	
	
	
	
	
	
	
	
	
	
	
	
	
	
	
	
	
	
	
	
	
	
	
	
	
	
	
	
	
	
	
	
	
	
	
	
	
	
	
	
	
	
	
	
	
	
	
	
	
	
	
	
	
	
	
	
	
	
	
	
	
	
	
	
	
	
	
	
	
	
	
	
	
	
	
	
	
	
	
	
	
	
	
	
	
	
	
	
	
	
	
	
	
	
	
	
	
	
	
	
	
	
	
	
	
	
	
	
	
	
	
	
	
	
	
	
	
	
	
	
	
	
	
	
	
	
	
	
	
	
	
	
	
	
	
	
	
	
	
	
	
	
	
	
	
	
	
	
	
	
	
	
	
	
	
	
	
	
	
	
	
	
	
	
	
	
	
	
	
	
	
	
	
	
	
	
	
	
	
	
	
	
	
	
	
	
	
	
	
	
	
	
	
	
	
	
	
	
	
	
	
	
	
	
	
	
	
	
	
	
	
	
	
	
	
	
	
	
	
	
	
	
	
	
	
	
	
	
	
	
	
	
	
	
	
	
	
	
	
	
	
	
	
	
	
	
	
	
	
	
	
	
	
	
	
	
	
	
	
	
	
	
	
	
	
	
	
	
	
	
	
	
	
	
	
	
	
	
	
	
	
	
	
	
	
	
	
	
	
	
	
	
	
	
	
	
	
	
	
	
	
	
	
	
	
	
	
	
	
	
	
	
	
	
	
	
	
	
	
	
	
	
	
	
	
	
	
	
	
	
	
	
	
	
	
	
	
	
	
	
	
	
	
	
	
	
	
	
	
	
	
	
	
	
	
	
	
	
	
	
	
	
	
	
	
	
	
	
	
	
	
	
	
	
	
	
	
	
	
	
	
	
	
	
	
	
	
	
	
	
	
	
	
	
	
	
	
	
	
	
	
	
	
	
	
	
	
	
	
	
	
	
	
	
	
	
	
	
	
	
	
	
	
	
	
	
	
	
	
	
	
	
	
	
	
	
	
	
	
	
	
	
	
	
	
	
	
	
	
	
	
	
	
	
	
	
	
	
	
	
	
	
	
	
	
	
	
	
	
	
	
	
	
	
	
	
	
	
	
	
	
	
	
	
	
	
	
	
	
	
	
	
	
	
	
	
	
	
	
	
	
	
	
	
	
	
	
	
	
	
	
	
	
	
	
	
	
	
	
	
	
	
	
	
	
	
	
	
	
	
	
	
	
	
	
	
	
	
	
	
	
	
	
	
	
	
	
	
	
	
	
	
	
	
	
	
	
	
	
	
	
	
	
	
	
	
	
	
	
	
	
	
	
	
	
	
	
	
	
	
	
	
	
	
	
	
	
	
	
	
	
	
	
	
	
	
	
	
	
	
	
	
	
	
	
	
	
	
	
	
	
	
	
	
	
	
	
	
	
	
	
	
	
	
	
	
	
	
	
	
	
	
	
	
	
	
	
	
	
	
	
	
	
	
	
	
	
	
	
	
	
	
	
	
	
	
	
	
	
	
	
	
	
	
	
	
	
	
	
	
	
	
	
	
	
	
	
	
	
	
	
	
	
	
	
	
	
	
	
	
	
	
	
	
	
	
	
	
	
	
	
	
	
	
	
	
	
	
	
	
	
	
	
	
	
	
	
	
	
	
	
	
	
	
	
	
	
	
	
	
	
	
	
	
	
	
	
	
	
	
	
	
	
	
	
	
	
	
	
	
	
	
	
	
	
	
	
	
	
	
	
	
	
	
	
	
	
	
	
	
	
	
	
	
	
	
	
	
	
	
	
	
	
	
	
	
	
	
	
	
	
	
	
	
	
	
	
	
	
	
	
	
	
	
	
	
	
	
	
	
	
	
	
	
	
	
	
	
	
	
	
	
	
	
	
	
	
	
	
	
	
	
	
	
	
	
	
	
	
	
	
	
	
	
	
	
	
	
	
	
	
	
	
	
	
	
	
	
	
	
	
	
	
	
	
	
	
	
	
	
	
	
	
	
	
	
	
	
	
	
	
	
	
	
	
	
	
	
	
	
	
	
	
	
	
	
	
	
	
	
	
	
	
	
	
	
	
	
	
	
	
	
	
	
	
	
	
	
	
	
	
	
	
	
	
	
	
	
	
	
	
	
	
	
	
	
	
	
	
	
	
	
	
	
	
	
	
	
	
	
	
	
	
	
	
	
	
	
	
	
	
	
	
	
	
	
	
	
	
	
	
	
	
	
	
	
	
	
	
	
	
	
	
	
	
	
	
	
	
	
	
	
	
	
	
	
	
	
	
	
	
	
	
	
	
	
	
	
	
	
	
	
	
	
	
	
	
	
	
	
	
	
	
	
	
	
	
	
	
	
	
	
	
	
	
	
	
	
	
	
	
	
	
	
	
	
	
	
	
	
	
	
	
	
	
	
	
	
	
	
	
	
	
	
	
	
	
	
	
	
	
	
	
	
	
	
	
	
	
	
	
	
	
	
	
	
	
	
	
	
	
	
	
	
	
	
	
	
	
	
	
	
	
	
	
	
	
	
	
	
	
	
	
	
	
	
	
	
	
	
	
	
	
	
	
	
	
	
	
	
	
	
	
	
	
	
	
	
	
	
	
	
	
	
	
	
	
	
	
	
	
	
	
	
	
	
	
	
	
	
	
	
	
	
	
	
	
	
	
	
	
	
	
	
	
	
	
	
	
	
	
	
	
	
	
	
	
	
	
	
	
	
	
	
	
	
	
	
	
	
	
	
	
	
	
	
	
	
	
	
	
	
	
	
	
	
	
	
	
	
	
	
	
	
	
	
	
	
	
	
	
	
	
	
	
	
	
	
	
	
	
	
	
	
	
	
	
	
	
	
	
	
	
	
	
	
	
	
	
	
	
	
	
	
	
	
	
	
	
	
	
	
	
	
	
	
	
	
	
	
	
	
	
	
	
	
	
	
	
	
	
	
	
	
	
	
	
	
	
	
	
	
	
	
	
	
	
	
	
	
	
	
	
	
	
	
	
	
	
	
	
	
	
	
	
	
	
	
	
	
	
	
	
	
	
	
	
	
	
	
	
	
	
	
	
	
	
	
	
	
	
	
	
	
	
	
	
	
	
	
	
	
	
	
	
	
	
	
	
	
	
	
	
	
	
	
	
	
	
	
	
	
	
	
	
	
	
	
	
	
	
	
	
	
	
	
	
	
	
	
	
	
	
	
	
	
	
	
	
	
	
	
	
	
	
	
	
	
	
	
	
	
	
	
	
	
	
	
	
	
	
	
	
	
	
	
	
	
	
	
	
	
	
	
	
	
	
	
	
	
	
	
	
	
	
	
	
	
	
	
	
	
	
	
	
	
	
	
	
	
	
	
	
	
	
	
	
	
	
	
	
	
	
	
	
	
	
	
	
	
	
	
	
	
	
	
	
	
	
	
	
	
	
	
	
	
	
	
	
	
	
	
	
	
	
	
	
	
	
	
	
	
	
	
	
	
	
	
	
	
	
	
	
	
	
	
	
	
	
	
	
	
	
	
	
	
	
	
	
	
	
	
	
	
	
	
	
	
	
	
	
	
	
	
	
	
	
	
	
	
	
	
	
	
	
	
	
	
	
	
	
	
	
	
	
	
	
	
	
	
	
	
	
	
	
	
	
	
	
	
	
	
	
	
	
	
	
	
	
	
	
	
	
	
	
	
	
	
	
	
	
	
	
	
	
	
	
	
	
	
	
	
	
	
	
	
	
	
	
	
	
	
	
	
	
	
	
	
	
	
	
	
	
	
	
	
	
	
	
	
	
	
	
	
	
	
	
	
	
	
	
	
	
	
	
	
	
	
	
	
	
	
	
	
	
	
	
	
	
	
	
	
	
	
	
	
	
	
	
	
	
	
	
	
	
	
	
	
	
	
	
	
	
	
	
	
	
	
	
	
	
	
	
	
	
	
	
	
	
	
	
	
	
	
	
	
	
	
	
	
	
	
	
	
	
	
	
	
	
	
	
	
	
	
	
	
	
	
	
	
	
	
	
	
	
	
	
	
	
	
	
	
	
	
	
	
	
	
	
	
	
	
	
	
	
	
	
	
	
	
	
	
	
	
	
	
	
	
	
	
	
	
	
	
	
	
	
	
	
	
	
	
	
	
	
	
	
	
	
	
	
	
	
	
	
	
	
	
	
	
	
	
	
	
	
	
	
	
	
	
	
	
	
	
	
	
	
	
	
	
	
	
	
	
	
	
	
	
	
	
	
	
	
	
	
	
	
	
	
	
	
	
	
	
	
	
	
	
	
	
	
	
	
	
	
	
	
	
	
	
	
	
	
	
	
	
	
	
	
	
	
	
	
	
	
	
	
	
	
	
	
	
	
	
	
	
	
	
	
	
	
	
	
	
	
	
	
	
	
	
	
	
	
	
	
	
	
	
	
	
	
	
	
	
	
	
	
	
	
	
	
	
	
	
	
	
	
	
	
	
	
	
	
	
	
	
	
	
	
	
	
	
	
	
	
	
	
	
	
	
	
	
	
	
	
	
	
	
	
	
	
	
	
	
	
	
	
	
	
	
	
	
	
	
	
	
	
	
	
	
	
	
	
	
	
	
	
	
	
	
	
	
	
	
	
	
	
	
	
	
	
	
	
	
	
	
	
	
	
	
	
	
	
	
	
	
	
	
	
	
	
	
	
	
	
	
	
	
	
	
	
	
	
	
	
	
	
	
	
	
	
	
	
	
	
	
	
	
	
	
	
	
	
	
	
	
	
	
	
	
	
	
	
	
	
	
	
	
	
	
	
	
	
	
	
	
	
	
	
	
	
	
	
	
	
	
	
	
	
	
	
	
	
	
	
	
	
	
	
	
	
	
	
	
	
	
	
	
	
	
	
	
	
	
	
	
	
	
	
	
	
	
	
	
	
	
	
	
	
	
	
	
	
	
	
	
	
	
	
	
	
	
	
	
	
	
	
	
	
	
	
	
	
	
	
	
	
	
	
	
	
	
	
	
	
	
	
	
	
	
	
	
	
	
	
	
	
	
	
	
	
	
	
	
	
	
	
	
	
	
	
	
	
	
	
	
	
	
	
	
	
	
	
	
	
	
	
	
	
	
	
	
	
	
	
	
	
	
	
	
	
	
	
	
	
	
	
	
	
	
	
	
	
	
	
	
	
	
	
	
	
	
	
	
	
	
	
	
	
	
	
	
	
	
	
	
	
	
	
	
	
	
	
	
	
	
	
	
	
	
	
	
	
	
	
	
	
	
	
	
	
	
	
	
	
	
	
	
	
	
	
	
	
	
	
	
	
	
	
	
	
	
	
	
	
	
	
	
	
	
	
	
	
	
	
	
	
	
	
	
	
	
	
	
	
	
	
	
	
	
	
	
	
	
	
	
	
	
	
	
	
	
	
	
	
	
	
	
	
	
	
	
	
	
	
	
	
	
	
	
	
	
	
	
	
	
	
	
	
	
	
	
	
	
	
	
	
	
	
	
	
	
	
	
	
	
	
	
	
	
	
	
	
	
	
	
	
	
	
	
	
	
	
	
	
	
	
	
	
	
	
	
	
	
	
	
	
	
	
	
	
	
	
	
	
	
	
	
	
	
	
	
	
	
	
	
	
	
	
	
	
	
	
	
	
	
	
	
	
	
	
	
	
	
	
	
	
	
	
	
	
	
	
	
	
	
	
	
	
	
	
	
	
	
	
	
	
	
	
	
	
	
	
	
	
	
	
	
	
	
	
	
	
	
	
	
	
	
	
	
	
	
	
	
	
	
	
	
	
	
	
	
	
	
	
	
	
	
	
	
	
	
	
	
	
	
	
	
	
	
	
	
	
	
	
	
	
	
	
	
	
	
	
	
	
	
	
	
	
	
	
	
	
	
	
	
	
	
	
	
	
	
	
	
	
	
	
	
	
	
	
	
	
	
	
	
	
	
	
	
	
	
	
	
	
	
	
	
	
	
	
	
	
	
	
	
	
	
	
	
	
	
	
	
	
	
	
	
	
	
	
	
	
	
	
	
	
	
	
	
	
	
	
	
	
	
	
	
	
	
	
	
	
	
	
	
	
	
	
	
	
	
	
	
	
	
	
	
	
	
	
	
	
	
	
	
	
	
	
	
	
	
	
	
	
	
	
	
	
	
	
	
	
	
	
	
	
	
	
	
	
	
	
	
	
	
	
	
	
	
	
	
	
	
	
	
	
	
	
	
	
	
	
	
	
	
	
	
	
	
	
	
	
	
	
	
	
	
	
	
	
	
	
	
	
	
	
	
	
	
	
	
	
	
	
	
	
	
	
	
	
	
	
	
	
	
	
	
	
	
	
	
	
	
	
	
	
	
	
	
	
	
	
	
	
	
	
	
	
	
	
	
	
	
	
	
	
	
	
	
	
	
	
	
	
	
	
	
	
	
	
	
	
	
	
	
	
	
	
	
	
	
	
	
	
	
	
	
	
	
	
	
	
	
	
	
	
	
	
	
	
	
	
	
	
	
	
	
	
	
	
	
	
	
	
	
	
	
	
	
	
	
	
	
	
	
	
	
	
	
	
	
	
	
	
	
	
	
	
	
	
	
	
	
	
	
	
	
	
	
	
	
	
	
	
	
	
	
	
	
	
	
	
	
	
	
	
	
	
	
	
	
	
	
	
	
	
	
	
	
	
	
	
	
	
	
	
	
	
	
	
	
	
	
	
	
	
	
	
	
	
	
	
	
	
	
	
	
	
	
	
	
	
	
	
	
	
	
	
	
	
	
	
	
	
	
	
	
	
	
	
	
	
	
	
	
	
	
	
	
	
	
	
	
	
	
	
	
	
	
	
	
	
	
	
	
	
	
	
	
	
	
	
	
	
	
	
	
	
	
	
	
	
	
	
	
	
	
	
	
	
	
	
	
	
	
	
	
	
	
	
	
	
	
	
	
	
	
	
	
	
	
	
	
	
	
	
	
	
	
	
	
	
	
	
	
	
	
	
	
	
	
	
	
	
	
	
	
	
	
	
	
	
	
	
	
	
	
	
	
	
	
	
	
	
	
	
	
	
	
	
	
	
	
	
	
	
	
	
	
	
	
	
	
	
	
	
	
	
	
	
	
	
	
	
	
	
	
	
	
	
	
	
	
	
	
	
	
	
	
	
	
	
	
	
	
	
	
	
	
	
	
	
	
	
	
	
	
	
	
	
	
	
	
	
	
	
	
	
	
	
	
	
	
	
	
	
	
	
	
	
	
	
	
	
	
	
	
	
	
	
	
	
	
	
	
	
	
	
	
	
	
	
	
	
	
	
	
	
	
	
	
	
	
	
	
	
	
	
	
	
	
	
	
	
	
	
	
	
	
	
	
	
	
	
	
	
	
	
	
	
	
	
	
	
	
	
	
	
	
	
	
	
	
	
	
	
	
	
	
	
	
	
	
	
	
	
	
	
	
	
	
	
	
	
	
	
	
	
	
	
	
	
	
	
	
	
	
	
	
	
	
	
	
	
	
	
	
	
	
	
	
	
	
	
	
	
	
	
	
	
	
	
	
	
	
	
	
	
	
	
	
	
	
	
	
	
	
	
	
	
	
	
	
	
	
	
	
	
	
	
	
	
	
	
	
	
	
	
	
	
	
	
	
	
	
	
	
	
	
	
	
	
	
	
	
	
	
	
	
	
	
	
	
	
	
	
	
	
	
	
	
	
	
	
	
	
	
	
	
	
	
	
	
	
	
	
	
	
	
	
	
	
	
	
	
	
	
	
	
	
	
	
	
	
	
	
	
	
	
	
	
	
	
	
	
	
	
	
	
	
	
	
	
	
	
	
	
	
	
	
	
	
	
	
	
	
	
	
	
	
	
	
	
	
	
	
	
	
	
	
	
	
	
	
	
	
	
	
	
	
	
	
	
	
	
	
	
	
	
	
	
	
	
	
	
	
	
	
	
	
	
	
	
	
	
	
	
	
	
	
	
	
	
	
	
	
	
	
	
	
	
	
	
	
	
	
	
	
	
	
	
	
	
	
	
	
	
	
	
	
	
	
	
	
	
	
	
	
	
	
	
	
	
	
	
	
	
	
	
	
	
	
	
	
	
	
	
	
	
	
	
	
	
	
	
	
	
	
	
	
	
	
	
	
	
	
	
	
	
	
	
	
	
	
	
	
	
	
	
	
	
	
	
	
	
	
	
	
	
	
	
	
	
	
	
	
	
	
	
	
	
	
	
	
	
	
	
	
	
	
	
	
	
	
	
	
	
	
	
	
	
	
	
	
	
	
	
	
	
	
	
	
	
	
	
	
	
	
	
	
	
	
	
	
	
	
	
	
	
	
	
	
	
	
	
	
	
	
	
	
	
	
	
	
	
	
	
	
	
	
	
	
	
	
	
	
	
	
	
	
	
	
	
	
	
	
	
	
	
	
	
	
	
	
	
	
	
	
	
	
	
	
	
	
	
	
	
	
	
	
	
	
	
	
	
	
	
	
	
	
	
	
	
	
	
	
	
	
	
	
	
	
	
	
	
	
	
	
	
	
	
	
	
	
	
	
	
	
	
	
	
	
	
	
	
	
	
	
	
	
	
	
	
	
	
	
	
	
	
	
	
	
	
	
	
	
	
	
	
	
	
	
	
	
	
	
	
	
	
	
	
	
	
	
	
	
	
	
	
	
	
	
	
	
	
	
	
	
	
	
	
	
	
	
	
	
	
	
	
	
	
	
	
	
	
	
	
	
	
	
	
	
	
	
	
	
	
	
	
	
	
	
	
	
	
	
	
	
	
	
	
	
	
	
	
	
	
	
	
	
	
	
	
	
	
	
	
	
	
	
	
	
	
	
	
	
	
	
	
	
	
	
	
	
	
	
	
	
	
	
	
	
	
	
	
	
	
	
	
	
	
	
	
	
	
	
	
	
	
	
	
	
	
	
	
	
	
	
	
	
	
	
	
	
	
	
	
	
	
	
	
	
	
	
	
	
	
	
	
	
	
	
	
	
	
	
	
	
	
	
	
	
	
	
	
	
	
	
	
	
	
	
	
	
	
	
	
	
	
	
	
	
	
	
	
	
	
	
	
	
	
	
	
	
	
	
	
	
	
	
	
	
	
	
	
	
	
	
	
	
	
	
	
	
	
	
	
	
	
	
	
	
	
	
	
	
	
	
	
	
	
	
	
	
	
	
	
	
	
	
	
	
	
	
	
	
	
	
	
	
	
	
	
	
	
	
	
	
	
	
	
	
	
	
	
	
	
	
	
	
	
	
	
	
	
	
	
	
	
	
	
	
	
	
	
	
	
	
	
	
	
	
	
	
	
	
	
	
	
	
	
	
	
	
	
	
	
	
	
	
	
	
	
	
	
	
	
	
	
	
	
	
	
	
	
	
	
	
	
	
	
	
	
	
	
	
	
	
	
	
	
	
	
	
	
	
	
	
	
	
	
	
	
	
	
	
	
	
	
	
	
	
	
	
	
	
	
	
	
	
	
	
	
	
	
	
	
	
	
	
	
	
	
	
	
	
	
	
	
	
	
	
	
	
	
	
	
	
	
	
	
	
	
	
	
	
	
	
	
	
	
	
	
	
	
	
	
	
	
	
	
	
	
	
	
	
	
	
	
	
	
	
	
	
	
	
	
	
	
	
	
	
	
	
	
	
	
	
	
	
	
	
	
	
	
	
	
	
	
	
	
	
	
	
	
	
	
	
	
	
	
	
	
	
	
	
	
	
	
	
	
	
	
	
	
	
	
	
	
	
	
	
	
	
	
	
	
	
	
	
	
	
	
	
	
	
	
	
	
	
	
	
	
	
	
	
	
	
	
	
	
	
	
	
	
	
	
	
	
	
	
	
	
	
	
	
	
	
	
	
	
	
	
	
	
	
	
	
	
	
	
	
	
	
	
	
	
	
	
	
	
	
	
	
	
	
	
	
	
	
	
	
	
	
	
	
	
	
	
	
	
	
	
	
	
	
	
	
	
	
	
	
	
	
	
	
	
	
	
	
	
	
	
	
	
	
	
	
	
	
	
	
	
	
	
	
	
	
	
	
	
	
	
	
	
	
	
	
	
	
	
	
	
	
	
	
	
	
	
	
	
	
	
	
	
	
	
	
	
	
	
	
	
	
	
	
	
	
	
	
	
	
	
	
	
	
	
	
	
	
	
	
	
	
	
	
	
	
	
	
	
	
	
	
	
	
	
	
	
	
	
	
	
	
	
	
	
	
	
	
	
	
	
	
	
	
	
	
	
	
	
	
	
	
	
	
	
	
	
	
	
	
	
	
	
	
	
	
	
	
	
	
	
	
	
	
	
	
	
	
	
	
	
	
	
	
	
	
	
	
	
	
	
	
	
	
	
	
	
	
	
	
	
	
	
	
	
	
	
	
	
	
	
	
	
	
	
	
	
	
	
	
	
	
	
	
	
	
	
	
	
	
	
	
	
	
	
	
	
	
	
	
	
	
	
	
	
	
	
	
	
	
	
	
	
	
	
	
	
	
	
	
	
	
	
	
	
	
	
	
	
	
	
	
	
	
	
	
	
	
	
	
	
	
	
	
	
	
	
	
	
	
	
	
	
	
	
	
	
	
	
	
	
	
	
	
	
	
	
	
	
	
	
	
	
	
	
	
	
	
	
	
	
	
	
	
	
	
	
	
	
	
	
	
	
	
	
	
	
	
	
	
	
	
	
	
	
	
	
	
	
	
	
	
	
	
	
	
	
	
	
	
	
	
	
	
	
	
	
	
	
	
	
	
	
	
	
	
	
	
	
	
	
	
	
	
	
	
	
	
	
	
	
	
	
	
	
	
	
	
	
	
	
	
	
	
	
	
	
	
	
	
	
	
	
	
	
	
	
	
	
	
	
	
	
	
	
	
	
	
	
	
	
	
	
	
	
	
	
	
	
	
	
	
	
	
	
	
	
	
	
	
	
	
	
	
	
	
	
	
	
	
	
	
	
	
	
	
	
	
	
	
	
	
	
	
	
	
	
	
	
	
	
	
	
	
	
	
	
	
	
	
	
	
	
	
	
	
	
	
	
	
	
	
	
	
	
	
	
	
	
	
	
	
	
	
	
	
	
	
	
	
	
	
	
	
	
	
	
	
	
	
	
	
	
	
	
	
	
	
	
	
	
	
	
	
	
	
	
	
	
	
	
	
	
	
	
	
	
	
	
	
	
	
	
	
	
	
	
	
	
	
	
	
	
	
	
	
	
	
	
	
	
	
	
	
	
	
	
	
	
	
	
	
	
	
	
	
	
	
	
	
	
	
	
	
	
	
	
	
	
	
	
	
	
	
	
	
	
	
	
	
	
	
	
	
	
	
	
	
	
	
	
	
	
	
	
	
	
	
	
	
	
	
	
	
	
	
	
	
	
	
	
	
	
	
	
	
	
	
	
	
	
	
	
	
	
	
	
	
	
	
	
	
	
	
	
	
	
	
	
	
	
	
	
	
	
	
	
	
	
	
	
	
	
	
	
	
	
	
	
	
	
	
	
	
	
	
	
	
	
	
	
	
	
	
	
	
	
	
	
	
	
	
	
	
	
	
	
	
	
	
	
	
	
	
	
	
	
	
	
	
	
	
	
	
	
	
	
	
	
	
	
	
	
	
	
	
	
	
	
	
	
	
	
	
	
	
	
	
	
	
	
	
	
	
	
	
	
	
	
	
	
	
	
	
	
	
	
	
	
	
	
	
	
	
	
	
	
	
	
	
	
	
	
	
	
	
	
	
	
	
	
	
	
	
	
	
	
	
	
	
	
	
	
	
	
	
	
	
	
	
	
	
	
	
	
	
	
	
	
	
	
	
	
	
	
	
	
	
	
	
	
	
	
	
	
	
	
	
	
	
	
	
	
	
	
	
	
	
	
	
	
	
	
	
	
	
	
	
	
	
	
	
	
	
	
	
	
	
	
	
	
	
	
	
	
	
	
	
	
	
	
	
	
	
	
	
	
	
	
	
	
	
	
	
	
	
	
	
	
	
	
	
	
	
	
	
	
	
	
	
	
	
	
	
	
	
	
	
	
	
	
	
	
	
	
	
	
	
	
	
	
	
	
	
	
	
	
	
	
	
	
	
	
	
	
	
	
	
	
	
	
	
	
	
	
	
	
	
	
	
	
	
	
	
	
	
	
	
	
	
	
	
	
	
	
	
	
	
	
	
	
	
	
	
	
	
	
	
	
	
	
	
	
	
	
	
	
	
	
	
	
	
	
	
	
	
	
	
	
	
	
	
	
	
	
	
	
	
