domain	
grocerycad2023.info	
verifygrocery2023.info	
prime-compte.com	
bmo-mysecure.com	
bellmobility-updatepaymentnow.com	
bmo-loginauth.com	
bmo-secure-access.com	
bmo.auth1online-access.com	
itran3aconline.online	
canadapostverification.info	
bmo.mobileid2.com	
4-4e3.co	
servicecanada.et-note.info	
bmo.action-access.com	
update-and-confirm.com	
confirm-your-details.com	
kycservicesmonthly.com	
clicket-lntrc.info	
revenucanada-authqc.info	
primexyz1.shop	
2-4e6.co	
asbonline-nz.com	
alberta-affordabilityplan-payment.com	
bmo.access1my-app.com	
albertaaffordabilityplan-payment.com	
depositemt.ca	
parceldepotonline-aus.com	
telus-failedpay.com	
telus-id-reviews.com	
asb-online.co.nz	
clientlogin-mygov.com	
bmo.mobile2-clients.com	
et-interac.net	
et-cd.info	
servicecanada.et-cd.info	
my.sec-client-portal.com	
s1-mygov.com	
bendigo-cancel.link	
bendigo-payees.com	
apple-register.link	
applemydevice.com	
eflow-arrears-charge.com	
hs.bc-current-user.com	
eflow-online-tollpayment.com	
eflow-motor.com	
dolso389set.ddns.net	
cad-funding.info	
cppost-reschdul-delivery9.com	
cragov-ca.com	
orderfunds-returninc.com	
ent-authenticator.duckdns.org	
personal.bc-current-user.com	
accept-deposit.com	
ontaro-hydro.info	
001et.co	
interac-emt.online	
bmo.views-myapp.com	
italypayweb.com	
meverifier-desjardins.com	
personal.id-current.com	
ffpss.live	
amazongestion.com	
direct-hsvc.com	
supportrelivraison.com	
bmo.myclients-mobile.com	
virement-interac.net	
bmo.loginmobile2.com	
e-etdirectca.com	
td-client.online	
renvoidescolis.com	
online-paymentweb.com	
bmo.mobile2login.com	
distributioncourrier.com	
et-lnterac.net	
mob-mygov.com	
01et.co	
formulaire-relivraison.com	
abaffordabilitypaymentplan.com	
online-secureweb.com	
alberta-affordabilityplan-etransfer.com	
securedrefundsdeposit.com	
apple-wallet-verification.com	
mycra-taxreturn.ca	
caredeem-now.info	
etransferinterac.ca	
tranfrecad.info	
parcel-ausdepotonline.com	
my-mygov.com	
et-pl.info	
servicecanada.et-pl.info	
bmo.mobile-2login.com	
bmo.login2-mobile.com	
control-your-rev.co.uk	
s2-mygov.com	
s3-mygov.com	
oseubancsants.online	
op.fi-rhyma.net	
telus-account.site	
op-fi-ou-in.com	
australpostage24-7.info	
dhlshipmentnotifications.info	
dhlshippingoptions.info	
dhlcustomerportal.info	
toll-paysupportservice.com	
anpost-feeie.com	
op-fi-vu-in.com	
onlineeflow-m.com	
anpostcustoms-parceldelivery.com	
direct-htxvs.info	
secure-1ntrc.ca	
pa22rbtc1.ddns.net	
eflow-paymentsecure.com	
cra-etransferdeposit.com	
www.cra-etransferdeposit.com	
eflow.ie-fine.com	
mychatrbilling.com	
interac-net09.online	
hydro-quebec-refund7.com	
amazon-refund12.com	
interac-crasecure.com	
eflowtoll-services.com	
reporterlalivraison.com	
track-myparcel.pw	
authqc-revenucanada.info	
etdirectca.com	
facturelivraison.com	
n26-sikir.com	
gov-ontariofunding.ca	
envoiprioritaire.com	
desjardins-verifier.com	
reexpeditionservices.com	
10e1.co	
100e1.co	
telinfo.site	
remb-arc-cad-imp.com	
rebategrocery2023.online	
entracccan.com	
freedom-mobile.org	
intrac.live	
annual-rebategrocery.online	
diy-tx-return.com	
rebategrocery2023.info	
my.aus-post-service.com	
posmailetransconfirmredirectqhsbsuw.info	
walletcheckauapple.com	
wallet-support-dashboard.com	
intrcbell-svchomepage.info	
apple-register.info	
myaccountcba.com	
desposables.com	
www.desposables.com	
reschedule-mydelivery.ca	
my.clients-portal-user.com	
amz-info.ca	
s4-mygov.com	
relink-medi-assistance.net	
view-mygov-au.com	
electricireland-fees.com	
toll-payment-account.com	
toll-paymentfee.com	
n26sikir.com	
auspost-delays.com.au	
op-fi-ni-mobili.com	
op-fi-digipalvelu.net	
op-fi-mobili-ni.com	
n26-login.net	
eflow-securedpayment.com	
itbell.delbarco.pt	
itbell1.delbarco.pt	
anpost-deliveryfeepackage.com	
anpost-outstanding-fee.com	
canada-post.pw	
santander.sc-request.com	
eflowsecurity-payment.com	
activate-icioud.com	
www.cust0mer-info.life	
0e10.co	
10e11.co	
rogershelp-distruptionfix-gov.com	
govcra.com	
dol220osu.ddns.net	
wallet.profile-fix.com	
cellularverificationsupport.com	
www.ca-revenu-agency.life	
eflow-onlinepayments.com	
cra-groceryrebate.com	
cra-taxdeposit.com	
www.cra-taxdeposit.com	
grocerygov2023.xyz	
cra-secure2023.com	
capost1-redeliveryparcel.com	
interc.site	
lloyd-device-auth.com	
canadinssur.com	
ativar.cartao-informacao.com	
intrac.pro	
desjardins-valider.com	
eflow-systemupdates.com	
affordabilityactionplan.com	
vogau-info.online	
canadapost-bill.com	
bell-refdeposit.info	
info-bmo.com	
authen-comercial-d3p0.duckdns.org	
canadapost-redelivery.ca	
pscpaymant010.com	
myapplepay202.online	
myapplepay501.online	
primecourrier.com	
www.primecourrier.com	
mg-mygov-au.com	
interac-transfer.net	
www.direct-nz.com	
abaffordabilitypayment.com	
post-delivery.ca	
bm0c0nf1irm849253.com	
interaacaccepttransfercra.info	
www.redirect-to-nz.com	
e-alert.me	
review-login-anz.com	
seconnecter-bmoqxc.com	
bellaccountmanagement.info	
myaccountwestpac.com	
canadagov.accountloginportal.com	
bellaccountservice.info	
bellupdatecenter.info	
soutienclientele.live	
www.soutienclientele.live	
transmit-post.co	
bell.signinserverportal.com	
bellcanada.signinserverportal.com	
canadarit.accountloginportal.com	
signaturemissed-postcanada.info	
mybell-return.me	
secureaccess-mygovlogin.com	
mybell-returns.me	
auspost-customs-au.com	
review-login-nab.com	
gigadatsolutions.info	
mygov-aus.com	
aup-depot.digital	
myato-tax.com	
santander.sc-netuser.com	
au2-mygov.com	
eflow-motorway-toll.com	
pay.sc-netuser.com	
op-fi-mobili-ou.com	
op-fi-mobili-vu.com	
eflowcharges-security.com	
pendingteluspaid.info	
prime-abonnement.ca	
clientaccess-login.com	
dolo3381sw.gleeze.com	
clientsportal.info	
bell.clientsportal.info	
rbc-interac.digital	
comic-connect-authentication.duckdns.org	
anpostcustomparceldelivery.com	
bell-refunds.live	
canadapostweb-trust10100.com	
cad-refund.info	
canadapost-billing.com	
crainterac-groceryrebate.com	
10e10.co	
atb-verification.info	
1e101.co	
applepay.via-activate.com	
eflow-motorway-fees.com	
anpost-deliveypackagefee.com	
en-comn300-eltz.com	
santander-online-check.com	
eflowhelpdesk.com	
eflowupdatesystems.com	
co-op-security.com	
mychatrportal.com	
mygov-user-portal.com	
www.cr0a-gs280slt.info	
neetflixaccountupdaterrestrained-login.info	
belllcanada.accountloginportal.com	
mobility.accountloginportal.com	
postcadstatus.ink	
supportexpedition.com	
bellcadep-refunds.online	
govcan.signinserverportal.com	
postcadqcstatus.ink	
seconnecte-bmoxqcc.com	
myasb-nz.com	
bmo-account-security.info	
national-redirect-postal.com	
auspost-infodelivery.com	
refmobilityca.info	
bmo.id-mymobile2.com	
bmo.my-2mobile.com	
1e001.co	
bmo.myauth2-id.com	
bmo.auth2-login.com	
crasecure-rebate.info	
secure-amazonau.com	
cppost-reschdule-cadelivery5.com	
bmo.auth2-web.com	
bmo.app2-mobile.com	
teracltdrefu-ndca.info	
mygov-user-update.com	
bmo.login-idaccess.com	
bmo.web-accessid2.com	
bmo.access2-auth.com	
asb-mobile-support.com	
interact-repay.com	
securesite-wallet-support-au.com	
dhl-reschedule.info	
auspost-release-charge.com	
canadapost-recovery110.com	
canpostor.com	
redeliveryauonline-postals.com	
commbank-verify-on.line.pm	
aib-mobile-alert.com	
dolwso231.ooguy.com	
anpostdelivery-customparcel.com	
1e011.co	
1e01.co	
netbanksecure403.online	
eflow.toll-payments.com	
annualmygroceryrebate2023.com	
interacet-cra.info	
bmo.secure-mobile2.com	
bmo.clientmobile2.com	
secure-scotiabank.com	
inter-03-racbel.online	
bmo.client2-mobile.com	
bmo.access2-login.com	
bell-direct-deposit.com	
abonnement-prime.ca	
santander.sc-personal.com	
cagrocery2023.info	
santanderplc.sc-personal.com	
scotia3weblog.online	
amazon.abonnement-prime.ca	
etransfer-interac.info	
personal.acc-direct.com	
bmo.online-client2.com	
bmo.my-clientaccess.com	
bmo.access2-id.com	
lnterac-return.com	
claimmrefca.online	
canadrefbeii.online	
refcaclaim.online	
hirefundca.online	
starting-myidactivation.com	
etran8833.com	
etran4020.com	
webverfy3rb.zzux.com	
funding-cad.info	
govcan.info	
funds-tobeclaimed23.info	
connexion-bnc.ca	
freedom-refund.me	
post-livraison-canada.com	
h31rs.com	
postescanada-canadapost-prcl.h31rs.com	
canadapost-postescanada-prcl.h31rs.com	
cibcahelp.online	
mobilebankingrbc.info	
cibconlinehelp.online	
cibcnowhelp.online	
delivery-reschedule.org	
canadapost-tracking3.com	
myservices-home.com	
prime-service.ca	
fido-deposit.com	
amazon.prime-service.ca	
cra-interac-etransfer.top	
gouv.qc.ca.clicsequre-authid29384.com	
quebec.clicsequre-authid29384.com	
gouv.quebec.clicsequre-authid29384.com	
gouv-qc.clicsequre-authid29384.com	
clicsequre-authid29384.com	
canada-posts.info	
netbankaccountreview102.info	
verlf-user.com	
etran0330.com	
etran0331.com	
cad-rev-trans.info	
cibchelpca.online	
branchcibca.online	
abaffordabilityactionplan.com	
abaffordabilityactionplan-transfer.com	
cibcanadhelp.online	
1et100.co	
climateaction-pay.info	
climateactionincentive.info	
cliente-bbva.es	
canadapost-servicedelivery-intel.com	
dol23-otimes1.ddns.net	
myonlinebankingbmo.info	
interac-accept-re.xyz	
mycomm.tech-supportdesk.com	
reroute-post.com	
uk-retail.net	
apple.tapnpay.com.au	
etran085.ca	
etran086.ca	
et-qr.info	
servicecanada.et-qr.info	
commbanksecure403.info	
prime-amazon-annual.com	
amz-inter-ac99.online	
rbcinfohelp.online	
cliente-caixabank.es	
e-transfer-interac.com	
canadapost-redeliverywebtrust.com	
cra-interacrebate.com	
update-eflowservices.com	
mycraentitlement.ca	
rbconlineca.online	
35.234.255.238	
34.130.46.41	
1et001.com	
1et01.com	
clientlogcibc.com	
etdirect-sa.com	
crarev.com	
interac-crarebate.com	
rbccanhelp.online	
kh3r1s.com	
gov-canada-revision-auth-id.kh3r1s.com	
gov-tpstvh-revison-secure.kh3r1s.com	
activate-spotify-membership.com	
etran438.com	
etran439.com	
govofcad-etransf2.com	
et-revcad-etransf0.com	
authenticationsignin.com	
n0wet-1ntrc.info	
rev-agency-craen.com	
truisthelp.info	
webentrc.com	
gvt010.co	
redirect-shippingnz.com	
mychatrwirless.com	
truistnchelp.info	
bellgiveaway.com	
mobile-bawag.at	
www.customer-alert.life	
mycomm.tech-helpdesk.net	
bmo.preventionfraude.com	
preventionfraude.com	
my-netflix.info	
canada.signinserverportal.com	
disbursementuserportal.com	
payauth-myasb.com	
myicbc-autoplan.ca	
postalsnz-reschedule.com	
mycomm.tech-supportdesk.net	
4003metamask.redirectme.net	
1000000001222222.buzz	
www-nzpost.myftp.biz	
comerc-inten-update.duckdns.org	
nexipay.serveirc.com	
caclimates-actionincentives.com	
eflow-services-help.com	
mijnonderneming-2023.click	
cad-fundplan.info	
www.chase-secure.life	
canadapost1web-updates.com	
apple2023pay.zapto.org	
payweb-pt.com	
enteraccanada-ca.com	
etransferca928.com	
crgov-scrtrn.info	
cadpost-info.ca	
e-etdirect-tl.com	
royalbankonline1service.com	
pst-italiane.online	
gigadat-etransfer.info	
eflowupdateonline.com	
bell.clientportalsec.info	
clientportalsec.info	
403posteitaliane.redirectme.net	
rejeitar-seu-pagamnt.online	
eflow.terms-settlngs.com	
deposit-myrefund.com	
bmo.app2-clientid.com	
bmo.app-access2id.com	
www.monthly-review.life	
www.monthly-bill.life	
bmo.2app-auth.com	
revcra.com	
funds-deposit.org	
www.info-monthly.cloud	
e-etdirect-sa.com	
climateaction-incentive.com	
mobile2-bmo.info	
1et01.co	
1et001.co	
postpone-ca.com	
amazon-prm-cancel.info	
bm-oidentitycheck.com	
gov-help-relink.net	
gouv-on-claim.com	
tax-annual-services-reports-login.net	
bmo.web-onlinelock.com	
cancaip-incentive-gov.com	
rbc-gift.online	
bmo.web-access2id.com	
bmo.auth-access2id.com	
bmo.my-access2id.com	
postalredelivery-nzonline.com	
caiptretab.ca	
laurencentral.com	
www.laurencentral.com	
et-cl.info	
my.client-portals-secure.com	
cra-rebateinterac.com	
postecanadashipment.com	
au-applepay.com	
et-interact.online	
mygov-on.line.pm	
kunden-bawag.at	
e-interact.info	
eflow-fine-payments.com	
identifiantaccesd.com	
e-transfer-cra.com	
www.e-transfer-cra.com	
r0yl-authen-commr.duckdns.org	
servicecanada.et-cl.info	
rbb-a-icn.com	
eflow-motor-fees.com	
desjardins-affaire.com	
eflowonline-security.com	
secure-bmo.info	
bell-submitinfo.com	
secureaccountbmo.info	
monweb-cz.com	
transf-devirement-qc-fr.com	
etdirect-txa.com	
grocery-verify2023.info	
cra-interac-etransfer.info	
banquelaurentienne-online.com	
etransferca729.com	
mobieflowtolls.com	
gigadatsolutions.co	
yourbmoupdate-en.com	
bell-account-activation.com	
finalizecanadapost.info	
gst2023tx.me	
mijnteruggave2023.info	
nexi-pay2023.info	
portal-securebmo.online	
secureroyal-authtemp.com	
spotifyrepayment.com	
interaacaccepttransfercra.com	
interacconnect.info	
interacexchange.info	
interacpaymentportal.info	
canadapostasistance.com	
accweb.mouv.desjardins.748323.com	
pagamento-apple.online	
pay.caiptretab.ca	
deposit.caiptretab.ca	
returns.caiptretab.ca	
bus-gift.com	
interac-onlinedeposit.com	
www.bill-review.cloud	
climateactpay.ca	
deposit.climateactpay.ca	
pay.climateactpay.ca	
aus-postdeliveryinfo.com	
mynetflix-udapte.com	
xpresspostxyz2.world	
restore-spotify-account.com	
henrytyr.duckdns.org	
etransferca419.com	
etdirect-tk.com	
etr-ansfer00.com	
1001et.com	
bm0nline.com	
prime-abonnement.org	
amazon.prime-abonnement.org	
bmo.login-access2id.com	
bmo.login-auth2id.com	
bmo.client2-app.com	
e-transfer.top	
dhltrackingstatus.info	
dhlaccountinfo.info	
dhlshipmentupdates.info	
inboxalert-mygovlogin.com	
spotify.subs-error.online	
subs-error.online	
rbc-royalbankclient.ca	
rbcgifts.online	
interac-connect.com	
wallet-activation-support.com	
bnz-nz.co	
op-fi-app.com	
et-vl.info	
servicecanada.et-vl.info	
apple-verify.online	
auspost-payportal.com	
mobieflowtoll.com	
reroute-3728239.com	
www1.help-nabcom.au	
www1.help-nab.com.au	
postag-at.net	
eflow-payment-portal.com	
eflow-ie.info	
apple-pay-alert.com	
affaires-desjardins.com	
bmo.verify-portal.online	
online-trasnferinterac.com	
clientportalnotlce.info	
bell.clientportalnotlce.info	
mobileaibconfirm.com	
bmo.client2-myapp.com	
bmo.client-myapp.com	
nexipay2023.hopto.org	
bmosecureaccount.info	
eflowmobi-online.com	
myapplepay2023.sytes.net	
cra-etransfers.com	
www.cra-etransfers.com	
tdwebtrust-banking1online.com	
benefit-collect.ca	
dhlireland.com	
onlinemobiaib.com	
dol12-atimes0.ddns.net	
junecaipca.com	
amazonprime-gestion.com	
rogersicu.com	
www.rogersicu.com	
interac-househousing.info	
electricire-info.com	
collectnterac.com	
1et00.co	
bmo.lock-accountweb.com	
interac-rebatecra.com	
mybell-resolution.ca	
transit-mybell.me	
hydroqc-rembauth.com	
bmo.account-lockweb.com	
ciffc-etransfer.net	
bmo-access.info	
interac.depositlink-etranssec.com	
bmo.myapp2-login.com	
etran049.com	
bmo.myapp2-auth.com	
capost1-updatesredeliveryweb.com	
bmo.myapp2-online.com	
bmo.myapp2-id.com	
oijohomm.com	
bmo.login-myapp2.com	
bmo.web-myapp2.com	
bmo.id-myapp2.com	
pendingtransfercraacceptetransfer.info	
affordability-alberta.com	
bmo.secure-myapp2.com	
bmo.2webapp.com	
bmo.login-2webapp.com	
bmo-activity-secured.com	
www1bm0.com	
bmo.web2-idlogin.com	
bmo.id2-login.com	
bmo.id2login.com	
desjardins-accesd.com	
htf-svccenterporterc.digital	
bmo-activity-account.com	
bmo-activity-accounts.com	
postcanada-tracking.online	
on-catriliumbenfit.com	
accountalerts.sbs	
desjardinsvalider.com	
intntsvcportonline.icu	
mycreditschatr.com	
accountalterts.sbs	
bmo.login-weblock.com	
myapple-walletindex.com	
mysecured-bmo-activity.com	
bmo.login-locksecure.com	
gigadat-solution.online	
bmo.web1-auth.com	
bmo.auth-web1.com	
bmo.auth-webid1.com	
canadapost.site	
edeposit-interac.com	
mysecure-bmo-activity.com	
secure-mybmo-account.com	
return-mybell.me	
cra-onetimegst.com	
resolution-mybell.app	
mybell-remit.me	
interac-housing.online	
anzshield.info	
updatenotifications.online	
mygovlogin-secure.com	
rbcdeposityourfunds.website	
canadarevenueagency.website	
cad-inburse-funds.online	
cad-funds-help.online	
anz-verify.com	
my.secure-clients-page.com	
e.flow-terms.com	
www.schedule-canadapost.info	
schedule-canadapost.info	
ausapplepay.com	
eflowtoll-fee.com	
paquete-seguro.com	
accountreview.online	
nab.accountreview.online	
eflow-toll-repayment.com	
canadapost.secureclient.ca	
qc-post-service-fr.com	
spotify.secureclient.ca	
anpostdelivery-customsparcel.com	
dhl-ireland.com	
auth-id.xyz	
alberta-affordability.auth-id.xyz	
correos-alerta.com	
interac-emt.net	
ca-secureamznacc.info	
amzn-primeaccverf.info	
tolleflowmobi.com	
pstitalia-transazione.online	
verifcra-ca.com	
secure-bmo.com	
etran550.com	
costgiveback-co.com	
dhl-postal.com	
bmo-verificationalert.com	
volkwebagb.com	
evri-tracking-via.com	
eflow-service-online.com	
rbcsecurityservice1.com	
tolleflowmobile.com	
auth-useraib.com	
livraisonqcp.ink	
interac-groceryrebate.com	
accesdweb-mouv04.com	
wildfire-assists.com	
www.canpost-order.com	
cadrevtax2023.com	
100et.co	
100et1.co	
deliverysupportsecure401.com	
cra-etransfer.online	
www.online-trasnferinterac.com	
desjardinsavalider.com	
on-gouvr-claim2023.com	
on-gouv-claims23.com	
fedex.trackingids-38283429.com	
deliveryonholdsecurehelp3921.site	
deliveryonholdsecurehelp3921.online	
e-etdirect-pl.com	
postcanada-tracking.website	
cibconline.cibc.accntupdts.top	
secureform-dcss.info	
etransfer-gigadat.online	
myfido-deposit.info	
desjardinsverifclient.com	
freedom-mobilitycashback.com	
govbenefits-bc.ca	
etran610.com	
alerts-asb.com	
jpmorgan.chaes.sbs	
auspost-delivery-au.com	
chatrbillportal.com	
dhldelivery.net	
mygovlogin-online.com	
mobile2.bmo-resolve.com	
bmo-resolve.com	
et-kl.info	
servicecanada.et-kl.info	
myfreedom-deposit.net	
jpmorgan.chase.emailupdates.live	
bell-adjust.com	
authentication.td.liveupdates.email	
login-anz-on	
auspos.online	
eflow-tollservice.com	
myee-pay.com	
evri.tracking-via.com	
hsbc-mt.com	
ierevenue-service.com	
eflowsecurity-charges.com	
mobile2-bmo-secure.com	
dhl-courier-redelivery.com	
dhl-onlineparcelservice.com	
correos-envio-es.info	
ie-dhl.com	
desjardinsinfo.com	
etran4088.com	
secureaccountbmo.com	
anpostdelivery-parcelcustomfee.com	
auth-online-mobile.com	
www.delivery-support.cloud	
eflowtoll-queries.com	
bellpaybilref039233.com	
my-rogers-update-039163.com	
504vpayanmeldung.redirectme.net	
formulaire-identifiaction.info	
1bm0.info	
eflowmobi.com	
crainterac-rebate.com	
belca-infobill.com	
ont-caip-claim.com	
freedom-onlinecashback.com	
www.supp0rt-delivery.cloud	
www.canada4-p0st.com	
parceldhl-deliveryupdate.com	
emtransfer-gigadat.online	
eflowonlinemobi.com	
mitid-danskeauthorise.online	
deliveryintel-canadapost-gov.com	
acceptetransfersecuredlinkdeposit.info	
hydroremb-qcxx.com	
rbcroyalbank.accountupdates.info	
volksbank2023.sytes.net	
bmo.lock-securelogin.com	
en-secured.top	
bmo.lock-secureonline.com	
www.dhldeliverycad.ink	
www.amz-support.life	
www.bell-solution.life	
www.agencycafunds.website	
bmo.login-securelock.com	
bmo.online-mobilelock.com	
mybell-invoice.me	
www.j1cad.tech	
j1cad.tech	
bmo.2idlogin-auth.com	
www.payaccountbills.website	
amazontario.info	
www.amazontario.info	
crv-fr-c56345.info	
bmo.web-2idlogin.com	
bmo.auth-2idlogin.com	
e--transfer.com	
www.easyrefund.website	
mycra-return.ca	
etdirectca-sl.com	
bmo-support-internal.com	
aus-post-info-delivery.com	
bmo.my-2idlogin.com	
bmo.secure-2idlogin.com	
bmo.login-2idsecure.com	
myparcel-trackingservice.com	
cad-rev-trans.online	
maxwell.cx	
100011.online	
interacgvt.com	
securecra.tech	
www.mobility-solution.life	
notificationchatr.com	
bell.portalclient.info	
portalclient.info	
cad048cnd.top	
www.cnd1039notification.top	
neetfliixaccountupdaterrestrained-login.info	
capost-service.ca	
in-etran-frmrevcad.com	
www.cnd0410cad.top	
www.en-secured.top	
qc-transf-devirement-en.com	
postonln.com	
interacgvt092.net	
apple-re-activate.com	
my.secure-protect-client.com	
penalties-form.info	
eflowservice-fees.com	
eflow-toll-queries.com	
deposit-myfido.com	
login-aib.com	
mobile-aib-secure.com	
rbc-activation.com	
verify.securedcitizenslogin.com	
evrideliveryinfo.com	
anpostdelivery-customfees.com	
missingdelcad.ink	
15-scotiabank.com	
rogers-mob.net	
returnmobilty.com	
danske.mitid-autentificere.online	
mitid-autentificere.online	
acrfnd-scrbm.info	
www.customer-solution.xyz	
amazon-id84l.com	
account.ssecuredapp.com	
emt554.com	
bma-casecrtrn.info	
scrtrn-bca.info	
mblrtrn-bmcasec.info	
rtrn-scrbmbca.info	
www.amz-membership.click	
cracaip-paymnt090.com	
billingvirginplus.com	
verify.myaccounts-chase.com	
electric-ireland.info	
disbursedreassessment.com	
ie-penalty-form.info	
reassessmentreturn.com	
bmo.2accessid-login.com	
int-transf-devirement-qc.com	
mybellcanada-ab.com	
emt100.com	
ca-emt332.live	
ca-emt3322.live	
nz-postmobile.com	
1bm0-login.info	
my3accountinfo.com	
bmo.2accessid-web.com	
climateactiontransfers.ca	
pay.climateactiontransfers.ca	
returns.climateactiontransfers.ca	
deposit.climateactiontransfers.ca	
pay.caipdirectab.ca	
returns.caipdirectab.ca	
deposit.caipdirectab.ca	
gc-govofcad-etran.com	
caipdirectab.ca	
crabillrefund.com	
bellmobility-cashback.com	
mobile2.bmo-secure.com	
lnterac-accept-payment.social	
mobile2.secureaccess-bmo.com	
onetimepayment-gst.info	
enrol-myg.com	
help.desk-commbank.com.au	
bmo-security-department.com	
authentication-center.com	
post-n0r.com	
eflow.consumer-payments.com	
auth-online.us	
payments-toll.com	
bmo.login-2accessid.com	
bmo.web-2accessid.com	
dhlparcelsupport.com	
caclimate-action-incentives.com	
emt1001.com	
mythreeaccountinfo.com	
bmo.2myclient-id.com	
bmo.2myclient-login.com	
vrfyeb-logrb.com	
retail.personalssc.com	
bmo.2my-access.com	
bmo.2my-accessid.com	
digitalcuconsumer.online	
interac-cramypayment.com	
e-direct-sa.com	
id5a9-rogers.com	
bmo.apponline-alerts.com	
bmo.authentication-1.com	
bmo.2alerts-id.com	
bmo.2alerts-web.com	
bmo.authdigital-ca.com	
id21l-dhl.com	
eflow-onlinemobile.com	
bmo.2alerts-login.com	
bmo.2alerts-access.com	
caip-ontclaim.com	
canada-post-tracking.tech	
aus-post-infodelivery.com	
interac-transfers.ca	
emt.interac-transfers.ca	
et.interac-transfers.ca	
tdcanada.online	
et9334.click	
info-auspost-delivery.com	
canada-post-tracking.shop	
intera5-etrans-cadtax.com	
intrmsvcport.info	
canadapost.website	
canada-post.website	
et4322.click	
mygov-loginsecure.com	
e-transfer.tech	
interac-refund-bell.com	
suspended-bmo-digital.com	
suspended-bmo-digitals.com	
suspended-mybmo-digital.com	
suspended-mybmo-digitals.com	
trilliumbenefitontario.com	
prime-cancelation.live	
amazon.prime-cancelation.live	
authentication-bmo-pin.com	
authentications-bmo-pin.com	
suspended-bmo-pin.com	
suspended-mybmo-pin.com	
my.clients-return-secure.com	
et-rc.info	
servicecanada.et-rc.info	
au3-mygov.com	
infodelivery-auspost.com	
www.verifyhunting.com	
mybell-rebate.info	
eflow-paycharges.com	
eflow-paymentregister.com	
id4s12-rogers.com	
et0177.click	
ie-penalty.info	
eflow-tollqueries.com	
cardservice-auth.com	
toll-service-charge.com	
eflow-payatoll-services.com	
reauthentication-center.com	
lnterac-09.online	
post-service-charge.com	
evri-onl.com	
anpost-fee-alert31.com	
amazon-ca42.com	
courrierprioritaire.com	
renvoiexpress.com	
complete-eflow.com	
anpost-payment-alert.com	
hsbc-portal.com	
reexpeditionexpress.com	
quickportal.info	
bell.quickportal.info	
e-flow-payments.com	
3z91rs.com	
mybelloffers.3z91rs.com	
mybellcredits-ref.3z91rs.com	
mybellconnect-ref.3z91rs.com	
hydro-quebec-refund9.com	
compte-amazonprime.com	
canadaservice.et-rc.info	
relivraisonsupport.com	
completeeflow.com	
cr0a-gs270slt.info	
postal-depot.com	
gigadat-transfert.online	
amazon-refundcanada23.com	
customer-assist-portal.com	
ie-penalties.info	
aibmobi.com	
int277-toso2.ddns.net	
bmo.1login-webid.com	
amazonpayprime.com	
be32.eu	
rbc-verifyme.com	
canadapost1-redelivery.com	
www.mydeep-work.eu	
ca-services.ca	
trillliumbenefit-ont.com	
account-apt.com	
interac-connectca.com	
bmo.secure-applock.com	
interatservices2-mobilegov.com	
bmo.secure-onlineapp.com	
onlinenzpost.com	
reassessmentreturnca.com	
canadaservice.et-kl.info	
canadapost-info.xyz	
vfyu.net	
canadianfederaltransfer.com	
epaymentfederalhelp.com	
canadafederaltransfer.com	
servicefedhelp.com	
ont-trillliumbenefit.com	
interac-mypaymentcra.com	
verify.securedchaselogin.com	
receive-ca-124-25.com	
bnz-devicechk.com	
bmo.1access-id.com	
bell-mobilityinfo.com	
postcanada-tracking.shop	
postcanada-tracking.tech	
postcanada.website	
postcanada.site	
leveringskostnader-nor.com	
bellmobility.quickportal.info	
route-19c0ee3.site	
creditclaimportal.com	
secure-bnz.com	
au4-mygov.com	
et-dl.info	
revenuecanada.et-dl.info	
mygov-tax-return.info	
eflow-unpaidcharges.com	
aus-postdelivery.com	
mobiaib-online.com	
anpost.helpsupport-ie.com	
mygovsecurityregulatory.com	
anpostpackage-postalfees.com	
cadrevenueagencysecured.com	
ca-post-canada.ca	
aib-authenticator-login.com	
net09-flixreturn.info	
atbfinancial.digital	
atb-financial.digital	
eflow-homepage-toll2pay.com	
mobilehelp-aib.com	
online-atb.digital	
eflow-queries-toll.com	
expeditioncolisexpress.com	
3serv-ices.com	
reship-package0982.com	
authorization-service.com	
etdirect-tls.com	
bmo.portailclient1-app.com	
auth-emth-d3p000.duckdns.org	
eflow-unpaidfees.com	
irnt-aunth-d390.live	
et9066.click	
canada-postscheduleupdate.ca	
oseu-sants.online	
accountreassessment.com	
livraison-postecanada.ca	
bmo.connexion1app.com	
bmo.client-portail1app.com	
bmo-auth-restriction.com	
services-qc.ca	
redirection-qc.ca	
members-executive-coupon-reward.ca	
bmo-auth-restrictions.com	
hydro-qcremb.ca	
bmo-authentic-restriction.com	
mybmo-auth-restriction.com	
hydroqc-client.ca	
et-myabregistry.ca	
mybmo-auth-restrictions.com	
etdirect-kl.com	
e-transfer00.com	
et9445.click	
secure07a.servehttp.com	
disbursedclientreassessment.com	
interac.e-trqcsolution.com	
lnterac-confirmation76833-accept.com	
bmo-restrictions-client.com	
tangerine-info.ca	
rbc-myverification.com	
edirect-sa.com	
interactions-50.site	
cra-interactransfer.ca	
mobileaus-post.com	
disbursedreturnca.com	
reqsvcportadmin.com	
requestremindertransfer.com	
prime-cancel.ca	
amazon.prime-cancel.ca	
requestreminder-transfer.com	
mobile-dbs.com	
packagestop.org	
mygov-inboxalerts.com	
canadarevenueagency-gst.info	
canadarevenue-onetimegst.info	
et-lt.info	
revenuecanada.et-lt.info	
my.ceeba-security.com	
au5-mygov.com	
anpost-payment-due.com	
interac-4account.com	
eflow-info-due.com	
my.ib-west-pac.com	
eflow-securepayments.com	
eflow-unpaidfee.com	
electricireland-charge-online.com	
anpostcustom-borderfee.com	
eflow-homepage-tollspay.com	
secure-apple-pay.com	
verify.securedwellsfargologin.com	
toll-charge-online.com	
correos-paquete-reprogramar.com	
interac-etransfer-cra.top	
et3900.click	
en-gb-dhl.com	
postnord2023.sytes.net	
nexipay2023.zapto.org	
customsmobi.com	
volksbank2023.hopto.org	
alberta-assistance.ca	
volksbankinfo.sytes.net	
rejeitar-pagamento.online	
home-engb.com	
dhl.home-engb.com	
bmo.id-myonline1.com	
bmo.online1login.com	
eflow-secure-toll.com	
soutienslivraison.com	
bmo.id2-secure.com	
juneclimateaction.com	
emt1.info	
reacheminercourrier.com	
1001emt.info	
et5008.click	
del-importspayment-0021.com	
canada-postdeliveryupdates.ca	
testxd123.ddns.net	
securelinkmyamazzonportal.com	
anpostonline-customfee.com	
crvagenca.info	
mobilehse-online.com	
aqq8f.com	
gsl1d.com	
ec4m1.com	
c4ndw.com	
g1fzl.com	
r8emh.com	
dv6ht.com	
3c7m7.com	
www1bm0-m0bile.info	
d-h-l-delivery.com	
acces-bmo1.info	
1pq87.com	
caclimateactionin-centives3.com	
germanday.xyz	
inbox-mybell.me	
e-edirect-sa.com	
bell-updatepayment.com	
mydelivery-tracking.com	
cra-interac-etransfers.info	
et4885.click	
interac-notification.com	
et-2rq6u9yt73-interactonline.ca	
poste-can.org	
videotron-remboursement.com	
etr-funds-accpt.com	
eauspos.com	
onttrilliumbenefit.com	
trilliumbenefitont.com	
interac-ca.net	
myfreedom-account.com	
suividesrenvoi.com	
reacheminementprioritaire.com	
et0338.click	
govfoodrebate-erc2023.com	
et-3t45b9w78-interactonline.ca	
clientnotlce.info	
bell.clientnotlce.info	
tellus-morepress.com	
prime-abonnement.live	
amazon.prime-abonnement.live	
onlineinteracsupport.net	
tracking-my-delivery.com	
au6-mygov.com	
my.apple-secure-security.com	
terms.conditions.reviewaccount.online	
eflow-registerpayments.com	
eflowfees-payment.com	
electricireland-securepayment.com	
toll-securepayment.com	
factureexpedition.com	
et1883.click	
eflow-secured-toll.com	
redirigerlecourrier.com	
evri-parcel.info	
www.verifyanz.info	
wwwet-1nterac.com	
caclimates-actions-incentives.com	
applepay2023.ddns.net	
info-trust.online	
volksbank2023eg.hopto.org	
canada-benefit-claim.com	
mycrapayment-interac.com	
track-dh-services.com	
dhiredirect.com	
etransfer-interac.accountupdates.info	
et4439.click	
nbgreece-alert.com	
verifyinfo0623.info	
transfr-devirement-qc.com	
bmo.2idaccess-web.com	
bmo.access-idlogin.com	
bmo-chk.com	
canada-postrebooking.ca	
onlineinterac.com	
www.onlineinterac.com	
oseubanco.online	
ajahjsnbajm.zzux.com	
confirm-hse.com	
etransfer-notification.ca	
dhldeliverysupport.com	
rbcaccountcustomerupdate.info	
autoserve-qc.ca	
selfserve-qc.ca	
safetrades.xyz	
e-edirect-ca.com	
bmo.id2secure-login.com	
equities-coverage.info	
secure-trust.info	
rogers-overchagecashback.com	
rapelleinterac-qc.ca	
et4499.click	
et4498.click	
applepay.wallet-suspension.com	
return-on.site	
commbank.inet-secure4.com	
desjardins-validation.com	
canadarevenueagency-taxes.info	
canadarevenueagency-payment.info	
et-my-abregistry.ca	
canadarevenueagency-gov.info	
page-e-transfweb.info	
et1135.click	
e-directca.com	
medicare.wallet-suspension.com	
mygov.wallet-suspension.com	
austpost.wallet-suspension.com	
interac-transfer-ca.com	
interac.etransfsolution.com	
gstgc.me	
cancel-help-nz.com	
my.net-bank-secure.com	
mygov-secure1.com	
cancel-payment-nz.com	
anpostimport.com.co	
anpostsupport.com.co	
postalaus.com	
commbank-help.app	
eflowpaymentfees.com	
eflowpayment-fees.com	
track-dh-sevice.com	
parce-info.online	
et7740.click	
global3three.com	
accepetetraansfercraverify.info	
bmo.login-accountonline.com	
bmo.account-loginlock.com	
bmo.account-locklogin.com	
toll-online-reviewservice.com	
bmo.lock-loginweb.com	
online-aib-login.com	
newbrunswickgovt.com	
103.191.241.70	
nb-access.com	
rejeitar-transacao.online	
canada-post-tracking.website	
aib-mobi.com	
cpcadlivraison.ink	
abonnement-prime.info	
info-cadpost.ca	
anpostparceldelivery-customfees.com	
tolleflowconfirm.com	
amazon.abonnement-prime.info	
verifyanz.info	
et8818.click	
cibcpersonalportal.info	
mobionline-eflow.com	
royal-bank-client-support.info	
soutiensreexpedition.com	
expressacheminement.com	
gestion-amazonprime.com	
annulation-amazonprime.com	
interac-transfer.website	
etransfer-interacca.com	
depot-site.xyz	
c-revapplication00intrac.com	
et4010.click	
gigadat-solution.info	
et-abregistryid.ca	
resetonline.net	
1et4.eu	
bmo.1authsec-ure.com	
1et3.eu	
e-edirect-sl.com	
100011.site	
parcelreturncanada.ca	
cashback03903-rogers.com	
nz.post-detail-online.com	
caref-autho.com	
bmo.important2views.com	
bmo.important4views.com	
et6785.click	
aus.post-detail-online.com	
alberta-govrev-etrans.com	
manitoba-rev-etrans.com	
payments-commbank.com	
eflow-unpaid-fees.com	
mobile-eflow-online.com	
eflowtoll-payments.com	
tap-n-pay.app	
electricirelandsecure-payment.com	
apple.tap-n-pay.app	
et0677.click	
eflow-tollsmo.com	
ebawag-alert.com	
apki0s.tech	
toll-secure-payment.com	
eflow-pay-supportsservice.com	
secure-e-transferacceptca.info	
www.apki0s.tech	
cpmissingpack.ink	
securedgovcorrection.info	
ca-canada-post-delivery.com	
nbc89.cash	
eflow-mobi-online.com	
express-client-dhl.com	
et5511.click	
finaliserrelivraison.com	
provision-remittal.info	
www.canada4p0stoffice.info	
e-edirect-pl.com	
ca-interac-transfer.com	
canadarevenueagency-gstpay.info	
canadarevenueagency-taxpay.info	
cad-du-pay.online	
postoperations.com	
bmo.lock-seccure.com	
et9929.click	
pstpoint.com	
etransferinteracca.com	
postal-audit.com	
lnstagram-reset-login.com	
freefood.live	
et9229.click	
jjjpmrrgneesaeenotifications.chaes.sbs	
emt7452.click	
e-edirect-cad.com	
ontario-etrans8-benefit.com	
postcanreschedule1.com	
refund-help-cad.online	
au-parcel-track.com	
secure-wallet.app	
manage-mydhldelivery.com	
verificacao-ap.online	
ernt-anth-u000.live	
minpostnord.sytes.net	
mionexipay.hopto.org	
revenue-acctax.com	
wellsfasjwdeksnotifcations.liveaccountupdates.com	
dhlcustom.com	
wildfires-alberta.ca	
commbank-link.com	
toll-acc-support.com	
eflow-unpaid-charges.com	
mobile-aibuser.com	
ret-climateactinc.ca	
pay.ret-climateactinc.ca	
deposit.ret-climateactinc.ca	
mygov-confirm-alert.info	
emt4837.click	
accept-e-transfer-secureca.info	
applepay2023.sytes.net	
lnstagram-unblock-login.com	
crevreturnca.info	
interac-cragov.com	
client-spotify.com	
interacmoney.net	
lnstagram-activate-account.com	
canada-post-redelivery.com	
securedgov.info	
post-canada-delivery-late.com	
dhldeliveryfee.com	
et-1nt3racgov.info	
e-direct-cad.com	
canada-post-tracking.online	
auth-mybmo-suspended.com	
canada-post-redelivery.ca	
del-info.com	
e-transferdeposits.com	
mobile-bmo-locked.com	
primeverify0623.xyz	
mobile-bmo-myrestricted.com	
deposit-funds.org	
mobile-bmo-restricted.com	
mobile-mybmo-restricted.com	
mymobile-bmo-locked.com	
mymobile-bmo-restricted.com	
emt3649.click	
emt1955.click	
costco.ca-en.top	
costco.j1cad.tech	
mobility-chatr.com	
costco.en034notify.xyz	
costco.cad-rewards.top	
pendinginteract-etransfer-free.com	
bell-billing.com	
e-direct-slx.com	
bmo.m2-securelogin.com	
bmo.m2-weblogin.com	
nz-post-schedule.com	
emt7763.click	
interac-c00268svc.com	
mybellcanada-ab.info	
auspost-helpdeliver.com	
mygov-onlinelogin.com	
login-myservices.org	
myreset-portal.com	
income-cad-etrans.com	
support.202contactless.online	
et.interac-e-transfers1.com	
et.interac-e-transfer1.com	
interac.ca-deposit.com	
apple-pay.wallet-suspension.com	
nab.ibanking4.com	
up.inet-secure4.com	
au1-netflix.com	
au-login-netflix.com	
ing.inet-secure4.com	
my.secure-clients-portal.com	
nab8.inet-secure4.com	
eflow-payment-toll.com	
rbcverification-secured.com	
jpmorgchasenotifications6677e8sjjh.liveaccountupdates.com	
funding2023-t4.me	
cra-et-interac10001caweb.com	
e-flow-payment.com	
anpostcustomscharges.com	
electricireland-online-pay.com	
eflowtoll-support.com	
toll-online-pay.com	
account-overview-wallet.com	
wallet-au-check.com	
e-flow-charges.com	
eflow-tollcharge-homepage.com	
junecaip.ca	
eflowtoll-onlinepayments.com	
eflowonline-tollpayment.com	
emt1065.click	
transacao-online.site	
accept-e-transfer-secure-ca.info	
canadapostdelivery-intelservice.info	
et.interac-etransfers1.com	
bmo-secure-reset2023.com	
totta.pt-revisao-cartao.com	
applepromotion.online	
review-netflix.com	
applewatchpromotion.info	
pendinginterac-etransfer-2023.com	
ai-sp.bio	
metf-anthe-cm.info	
dhlexpressireland.com	
bmo.a1uthclient-1wb.com	
td-mobile-auth.com	
lnstagram-trendiingbaitoutts.com	
bmo.1authclient-access.com	
td-mobile-banking.com	
eflow-pay-service.com	
teo-d22hl12.ddns.net	
bmo.accessapp-a1uthweb.com	
myaccount.2ssl.info	
bell.applewatchpromotion.info	
rogers-verification.info	
td-mobile-secure.com	
postcadelv.com	
emt4839.click	
netflix-helpcenter.com	
myportal-online45.com	
canada-postrebookings.ca	
etcra.com	
e-edirect-htm.com	
et-2r8v5t98b-interactonline.ca	
secure-tmfx.com	
interacatransfer.com	
et.interac-etransfer1.com	
cra-interac-deposits.top	
bmo.account-securelock.com	
cancel-nz-payment.com	
bmo.online-weblock.com	
www.xpress-postcan.com	
postaldelivery.services	
quickportals.info	
postaldeliveryservices.info	
bell.quickportals.info	
ixpst-xe.com	
caq-soutient.net	
canadapost-delivery.ca	
qc-services.ca	
linktfee.com	
lnterac-et-notification8901.social	
mobilitycashback-chatr.com	
inte-helpcanada.info	
telus-securepayment.info	
telus-securepayments.info	
etinteract.live	
www.etinteract.live	
login-anz.inet-secure4.com	
medi-summary-reports.net	
toll-online-secure.com	
e-transfer-deposit.info	
funding2023-t6.me	
eflowtoll-feespayment.com	
ib-nab.inet-secure4.com	
suphlprender.com	
login-anz.netbank4.com	
electricireland-online-secure.com	
rogers-overchargedispute.com	
eflow-paymentsecurity.com	
instagram.onlineleaksuk.com	
mtb-checkon.myvnc.com	
emt7774.click	
4w1rs.com	
anpost-depot.com	
desjardinsreglement.com	
inte-canadahelp.info	
bmo.m-2secureid.com	
bmo.accessa1uth-ca.com	
bmo.m2-secureid.com	
www.solution-refund.cloud	
canadarevenueagency-securepayment.info	
dhlredeliveryireland.com	
commbank.netbank4.com	
verifybmo.ca	
emt3339.click	
et-3r98nk2d5-interactonline.ca	
bmo.m2-alertsid.com	
www.delivery-customer.cloud	
secure-1nt3rac.info	
nbcverification.com	
www.etinterac.ca	
etinterac.ca	
autopay.top	
mybell.autopay.top	
ing-secure.netbank4.com	
emt1171.click	
cra-interacetransfer.info	
relivraison-qc.ca	
service-livraison.ca	
7interac.com	
inter-acct3-deposit.com	
planif-colis.ca	
www.cust0mer-caposte.cloud	
et-2r98y6knb-interactonline.ca	
up-mobile.netbank4.com	
eonline8526.digital	
lnterac-newtransfer.com	
myaccount.6ssl.info	
mycadtime.com	
clientaccess-signin.com	
reassesseddisbursement.com	
bmo.1auth-appca.com	
et.interac-e-transfer0.com	
online-nz-asb.com	
bmo.login-appweb.com	
clientpersonalcibc.info	
bmo.m2alerts-id.com	
bmo.lock-webaccount.com	
bmo.my-2alertsid.com	
emt5499.click	
cra-etransferdep.info	
fidwireles-ca.com	
belrefun-ca.com	
respond-now.click	
bmo.1authca-app.com	
et-receive-int.com	
costos-de-entrega.com	
canadapost-redelivery-support.com	
canada-post-delivery-support.com	
applepay-secured-au.com	
rejeitar-pagamento.site	
secure-e-transfer-accept-cra.info	
westpac-secure.info	
aibauth-sca.com	
toll-fees-payment.com	
nabsupport.info	
eletricireland-fees-payment.com	
ebawag-online.com	
eflow-securitypaymets.com	
anpostparcel-deliverycustomfees.com	
wallet-on.line.pm	
wallet-secure.app	
cor-r-eoszz-secure.site	
minapplepay2023.hopto.org	
nexipay2023.sytes.net	
postnord2023.zapto.org	
eflowcharge.com	
secure1-wallet.app	
canada-post-delivery-support.ca	
emt3775.click	
anpost-customcharges.com	
canada-revenue-deposit-agency2023.com	
mobilityclient-return.com	
abcpayment.info	
www.cra-etransferdep.info	
www.e-transfer-deposit.info	
agencytransfer.net	
cadrevnue-agntcy.net	
colis-qc.ca	
quebec-colis.ca	
adobemtb.xyz	
bmo.login-securtityweb.com	
eflow-tollfeepayment.com	
bmo.portail-desclients.com	
yourpaymentready-int.info	
e-flow-service-update.com	
bmo.login-webapp.com	
et.interac-etransfer0.com	
bmo.clientlog-inca.com	
e-direct-slh.com	
cra-return2023.com	
it-interac.ca	
toll-payment-fees.com	
bmo.alerte-portailca.com	
caqcplivraison.ink	
dhlexpressdeliveries.com	
atot-info.online	
canadarelivraisonqc.com	
expressposte1.com	
expressquebecpost.com	
bmo.1log-inaccess.com	
bmo.login-securityweb.com	
e-transferdeposits.ca	
cra-transferinterac.ca	
canadapost-delivery-support.ca	
bmo.2mobilesign-in.com	
gigadatsolutions.org	
www.review-delivery.link	
tentativeexpresslivraison.com	
et-6r98p7k23-interactonline.ca	
bmo.sign-in1review.com	
central-provincial-postal-program.com	
bmo-alert-account.com	
caiimit.com	
expressquebec1.info	
pendingcadreturn2023.com	
wwwet-1nt3rac.com	
emt5571.click	
intrc-online.com	
0nline-intrc.com	
reclamation-bell.com	
nab-account-security.xyz	
nzpost-service-co-nz.com	
e-transfdepoca.com	
bmo.2authsign-in.com	
clientaccesslogin.com	
bmo.online-securitylock.com	
bmo.review-appnotice.com	
bmo.2sign-in.com	
bmo.review-idonline.com	
bmo.view1-idonline.com	
nfxbillportal.com	
mobinz-post.com	
www.nfxbillportal.com	
my.secure-page-portal.com	
supports-auth-user.com	
evri-update.com	
eflow-online-tollservice.com	
direct-postal23516.com	
anpost-packagecharges.com	
minvksecure.sytes.net	
electricireland-pay-service.com	
canadapost-delivery-services.com	
pendingcadreturn1.com	
emt2039.click	
tdbsafe.top	
canadapost.hk	
totta.pt-reveja-cartoes.com	
canadapost-delivery-services.ca	
web-colis.ca	
colis-web.ca	
colis-ca.ca	
service-colis.ca	
ca-colis.ca	
bmo.on1line-appen.com	
post-canadarebooking.ca	
mycadtimes.com	
anpostcustomerservicefee.com	
secure-mobile-services.com	
amazonefunds.net	
bmo.access1app-en.com	
canadapost-redelivery-services.com	
uberaccountssecure.com	
etf-deposit-ref.com	
dhlparceldeliveries.com	
totta.pt-confirmar-cartao.com	
mypost.zapto.org	
txxrefuud-newzlnd.store	
interacfund.net	
emt8489.click	
prime-fpss.live	
vksecure2023.ddns.net	
fees-elecireland.com	
revenuecanada.et-fl.info	
interac.solutionqc.com	
solutionqc.com	
et-fl.info	
accountbilling-redirect.com	
account-reassessednotice.com	
noticebillingreasessment.com	
tronic01.online	
renewalmembership-amz.com	
myaccount-freedommobile.com	
transferbancaire-en.com	
catxreq2023.me	
livraisoncpcad.ink	
canada-climatepayment.com	
www.canada-climatepayment.com	
edirect-sl.com	
depose-transfrca.com	
canada-post-delivery-services.com	
myrogersrefund.info	
transfr-inter-fr.com	
etransferca.com	
secureasb-nz.ddns.net	
extend-via.com	
emt4944.click	
rogerscanada-ab.com	
interacgov.info	
interacdepot.net	
nzpost-updates.ddns.net	
myservices-login.org	
commbank.nbank-secure.com	
ca-etransfsite.duckdns.org	
centrale-post-ca.info	
ca-etransfersite.duckdns.org	
returnmoneycra.top	
1nt3rc-dep.com	
secure1-commbank.app	
scure-royaibamk.com	
e-transferdepositca.com	
help.desk-commbank.app	
my.clients-return-page.com	
my.cba-account-secure.com	
au.post-redeliveryonline.com	
membership-amazonprime.com	
del-dhl.co	
emt1178.click	
del-dhl.ink	
eflowpaymentservices.com	
verify-commbank.app	
edirect-ca.com	
anpost-borderfees.com	
totta.pt-conta-cartao.com	
ptsantander.com	
volks2023bank.zapto.org	
primemembershiprenewal.com	
canadabenefitsportal.ca	
expresscourrierqc.com	
planifierlivraison.com	
intera8depotranf9.com	
tottapt.conta-cartoes.com	
can-caip.com	
www.can-caip.com	
inteac-gig.online	
giga-trans.online	
evri.portal-via.com	
interac.etcra.com	
service-colis1.ca	
ca-colis1.ca	
web-colis1.ca	
etm-4434.click	
jpmorgchasenotifications6677e8sjjh.chaes.sbs	
colis-ca1.ca	
colis-web1.ca	
secured-rbcaccess.ca	
novascotia-redcross-en.com	
craagency-canada-en.info	
dhlworldwide.ddns.net	
eflow-charge-payments.com	
hydrosignals.com	
www.hydrosignals.com	
courrierqcprioritaire.com	
secure-interac.com	
deposit-receiv.com	
verifyfy.cc	
e-tdepositca.com	
reacheminementqcexpress.com	
update-your-gov.com	
spotfiy.promotionsca.info	
clientritreassessment-portal.com	
mobile-op-ref.info	
interac-etransfnotificationssxhgsjj7673.accountalerts.sbs	
returncra.info	
bmo.m2access-id.com	
bmo-security.net	
lnterac-transfernew.com	
clientnotice-login.com	
clientassessmentportal.com	
etransfer1-onlidep.com	
refund-cra.top	
auspostdelivery-support.com	
westpac-account-security.xyz	
applepay-me.net	
services-aus.org	
servfund23-t1.me	
depot-maintenant.click	
rtrnforesqc.com	
et-gm.info	
revenuecanada.et-gm.info	
securebnz-nz.ddns.net	
secure2-wallet.app	
my-gov.app	
bnzsecure.co.nz	
netguard.bnzsecure.co.nz	
www.bnzsecure.co.nz	
commbank-account-security.xyz	
help.verifyvbv.cc	
secure.banking-commbank.app	
1bmo.enable-form.com	
applreset.co.uk	
applepay.wallet-secure3d.com	
et3309.click	
ptapple.com	
eflow-ie-service.com	
ltluminor.com	
canada-revenue-deposit-agency-tax.com	
totta.pt-ativar-cartoes.com	
avisrelivraisonqc1.com	
expressquebecregions1.com	
quebecexpresspostal1.com	
interac-fund.com	
electricireland-feesonline.com	
e-transfercra1001-interacweb.com	
remboursement-amazon.com	
et.interac-e-transfer3.com	
et.interac-etransfer3.com	
totta.pt-cartao-reveja.com	
cibc-hub.com	
cibchub.com	
bnz.security-co.nz	
ird-govt.security-co.nz	
provincial-gst.com	
intera-depot30b.com	
home-engb.link	
canadapost-tracking911341.com	
trackingca294921.xyz	
trackingca294921.xyz	
npbloccare.com	
serviceclient-netflix-ca.com	
amazonprimegestion.com	
et2289.click	
caip-can.com	
www.caip-can.com	
primelocked.com	
en-tfer-300.com	
taskway.ca	
bellrewards.info	
neflix-refund-7.com	
tls-gvcweb.digital	
interact-e-transfer.info	
dep-webclericadmin.website	
cointreem.com	
personalusercibc.info	
et-receive-confirm.com	
lilnigger.com	
loool.com	
ferfref.com	
grgrege.ca	
horaire4postescanada.com	
acceptez-directement-depot.click	
bangbangnigga.com	
gergregregr.com	
newdomain.com	
mybell-resolution.co	
applepay.10-via.com	
chatr-data.ca	
mybell-transmit.ca	
login-mygov-inbox.org	
fridasfoods.com	
payapple.net	
post-canada-delivery-missed.com	
my.west-pac-ib-secure.com	
compteprime-info.ca	
my.com-online-security.com	
commbanking.net	
www.amazon-refund.top	
my.income-secure-page.com	
ib-ing.app	
interac-secure.info	
www.home-enl.com	
home-enl.com	
dhl.home-enl.com	
et9947.click	
dhlexpress-qc.com	
ird-govtnz.ddns.net	
accept-etransfer.com	
ca-amazon-suspension.com	
etransfonds.com	
interac.etransfonds.com	
inter-transf.shop	
fspr.live	
pendingcadreturn1.cfd	
pendingcadreturn2.cfd	
pendingcadreturn3.cfd	
pendingcadreturn4.cfd	
pendingcadreturn5.cfd	
primecenter.info	
relivraisonpostescanada.com	
gst-canada1.com	
canadaclimate-act.com	
dhlsupportservice.com	
corrierqc1services.com	
relivraisonserviceqc.com	
et-lnterac.info	
emergencybenefitscanada.ca	
e-flow-ie-fines.com	
emergencybenefitscanada-portal.ca	
www.g0v-deps1t.info	
www.rogers-refund.top	
edirect-cad.com	
secure-etransfer-accept-cra.info	
chatr-data.com	
lnter-depo99s.com	
secure-bnz.myddns.me	
bmo.important-v1ews.com	
194.180.158.35	
primerestrictions-info.com	
emt-secured.info	
bnz-secure.ddns.net	
returnofmygov.com	
mygov-login-account.xyz	
canrevtx.com	
mygovaus.ddns.net	
mobi-auspost.com	
et1931.click	
serviceaustralia.xyz	
nz-cancel-online.com	
netlix.top	
mygovaus.com	
online-dashboard.me	
alberta-actionplandeposit.com	
revenue-agencycanada.com	
mynabportal.com	
postnrd-no.com	
op-fi-nu-mobili-vu.com	
op-fi-mobili-cc.com	
online-anpost.com	
cadrevenuesecure2023.com	
op-fi-mobili-co.com	
ib-bendigo.app	
403vrvlksbnklogin.ddns.net	
op-fi-mobili-cu.com	
et6582.click	
minvr2023.sytes.net	
update-eflow-services.com	
suivipostescanadalivraison.com	
op-fi-mobili-ci.com	
anpost-customcharge.com	
v-aib.com	
op-mobili-fi-ci.com	
bellloyalty.info	
604vllksbnklgin3.ddns.net	
deportxrtnca-t4.com	
correos2023.ddns.net	
electricireland-ie-service.com	
op-fi-mobili-no.com	
ca-canadapost-delivery.com	
emt.verifygrocery2023.info	
et48776.click	
aib-helpdesk-login.com	
quebecexpresslivraison1.com	
canadareacheminementqc1.info	
canadaqcexpress1poste.info	
avisregionqc1.com	
anpost.ie-depot.com	
2dejxcbdhacjabc9jndcb9h373fj311jh.top	
op-fi-mobili-iu.com	
post-canadatracking.ca	
interac-onlineca.info	
canadaquickfreas.sbs	
bell.canadaquickfreas.sbs	
assistancebell.info	
dhlparcelhelp.com	
op-fi-mobili-en.com	
received-deposit.com	
ncsecuu.com	
chatr-lte.com	
ca-canadapost-redelivery.com	
eflow-fines.com	
chss-online2b.myvnc.com	
prime-amazon.live	
www.prime-amazon.live	
canada-verifydepo100001interc.com	
ca-postpone.ca	
bmo.1viewcenter.com	
desjardins-mevalider.com	
online-webtransfers.com	
www.online-webtransfers.com	
alberta-actionplandepo.com	
et73199.click	
alertsautra.com	
secre-verify80.live	
netfiix-account-reset.online	
amazon-client363.com	
int-deposit.com	
alerts-citizensusr03.duckdns.org	
nz-cancel-transaction.com	
lnterac-transferca.com	
wallet-reactivate-dashboard.com	
deliverynotice-authorized-reschedule.4w1rs.com	
deliverynotice-authcode-tracking.4w1rs.com	
myservices-hub.org	
re-assessedreturn.com	
my-ceeba-acc-online.com	
bendigo-ib.app	
netflix-helpcenter04.com	
5453applpyeaulog3.redirectme.net	
bnz-co-nz.online	
op-fi-mobili-on.com	
apt-cart.online	
postal-directaus.com	
op-fi-mobili-uc.com	
et51188.click	
prime-subs.xyz	
bnz-update.ddns.net	
d-h-l-redelivery.com	
membership-error.xyz	
amazon.membership-error.xyz	
anz.unlock-netbanking.com	
canpost-update.com	
fspp.live	
www.canpost-update.com	
td.a1uthca.com	
id-canadapost-redelivery.com	
ca-canadapost-redelivery.ca	
emt94493.click	
evri-parcelservice.com	
eflow-update.info	
toll-ie-service.com	
atb.identity1auth.com	
et44228.click	
canadapost-importservice-intel.com	
grcazbfh.top	
atb.identity-caauth.com	
etinteracfunds.net	
anz.mobile-netbanking.com	
anpost-ie-depot.com	
auth-eflow-ie.com	
bmo.identity-ca1app.com	
applepay.unlock-wallet.com	
instagram.topicsleaked.com	
loginsupportserver-ca.com	
supportflow-auth.com	
rbcanadareset.com	
www.cust0mer-support.life	
apleapp.com	
missed-evri-reschdule.online	
missedscheduling.eu	
evri-online.com	
dhlparcelsdelivery.com	
secure-royalbank.com	
gouvrevtx.com	
rbcanadafr.com	
et.interac-etransfer4.com	
et.interac-e-transfer4.com	
eflow-fines-charges.com	
rbc-selfverifcation.com	
nab4.ib-secure.com	
royalbank6.com	
auspost-redeliveronline.com	
id-canadapost-delivery.com	
et-cr.info	
revenuecanada.et-cr.info	
interacpayment.com	
payper-emt.info	
rewards-link.click	
apple-via.com	
bmo.2websign-in.com	
et66112.click	
ca-postpone.com	
bmo.websign-in.com	
bmo.websign-in2.com	
interacmobile.net	
bmopersonalclient.com	
emt77333.click	
chase-verification.com	
bmo.websign-in1.com	
onlinetransfer-direct.ca	
climateactinccan.ca	
deposit.climateactinccan.ca	
pay.climateactinccan.ca	
returns.climateactinccan.ca	
ret.climateactinccan.ca	
www.onlinetransfer-direct.ca	
nabsecurity.line.pm	
transfer.climateactinccan.ca	
gcaportaltxserv.com	
canadapost-support.live	
www.canadapost-support.live	
tx-retribution2023.me	
bmo.id-signin2.com	
emt88733.click	
portalregister-ca.com	
ritportal-login.com	
auth-customerinfo.com	
post-canada-delivery-missed2023.com	
rogerswireless-overcharge.ca	
www.canadapost-reroute.com	
nab-au.ib-secure.com	
anz-login.online	
interac-crataxe2023.com	
verificationmy-gov-refqxs.com	
dhs-relief.com	
servicesquebecoise.ca	
my.secure-client-portals.com	
nabsecurity-check.com	
cancel-payment.link	
op-fi-mobili-u.com	
op-fi-u.com	
my.net-ib-login.com	
direct-ref18219.com	
et-rd.info	
revenuecanada.et-rd.info	
eflow-directedpayments.com	
anpost-customscharges.com	
eflowchargepayments.com	
id-canada-post-redelivery.com	
id-canadapost-delivery.ca	
auspostal-direct29172.com	
emt55881.click	
etransfer-secure-accept-cra.info	
ca-canada-post-services.com	
eflowupgrade.com	
809vlksbnkvrsecr34.redirectme.net	
eflowverify.com	
applepay.eu	
cibconline-securealerts.com	
emt11963.click	
login-ritportal.com	
gcaportaltxserv-t6.com	
myaccount-freedommobile.net	
canadapostservice.ca	
fspp.site	
cadpost-info.com	
safety-first-deposit.cfd	
ca-betgigadat.info	
ca-canada-post-delivery-services.com	
edirect-pl.com	
telus.id2-access.com	
payment-deposit.com	
dhlparcelcourier.com	
workersbenefitsgov-portal.ca	
intrct-scure.info	
secur-auths.com	
pcfinancialrewards.ca	
rebookingcanada-post.ca	
interaccrataxe2023.com	
ca-canada-post-delivery-services.ca	
td-securebanking.com	
emt33886.click	
et-payroll-deposit-auth.4w1rs.com	
et-sh-lnterpay-auth.4w1rs.com	
et-1nt3rcnow.com	
et-lnteracpay-auth-sh.4w1rs.com	
client-kiwi.info	
myfreedom-account.net	
mobiledepositinterac.com	
support-return.com	
processcibc.com	
telus.billpay-id.com	
auspost-fees-au.com	
cangouvrev.com	
applepayau.com	
mygovaustralia.com	
telus.billpay-ca.com	
cancel-nz-transaction.com	
emt45466.click	
nab-security-authenticate.xyz	
identity4anz.online	
identify3anz.online	
aide-lnflation.me	
interacfunds.ca	
identify4anz.com	
postescanada-livraisoncolis04.com	
cataxe2023deposit.com	
nab-au.ib-unlock3d.com	
et-rtn.info	
bellcanada.et-rtn.info	
auspost-delivery-services.com	
servfund23-t7.me	
mygovmessage-alert.com	
op-fi-mobili-uo.com	
australia-services.xyz	
login-anz.internetbanking4.net	
op-fi-uo.com	
identity4anzid.com	
post-atclick.xyz	
op-fi-mobili-uv.com	
emt92233.click	
anpost-custompayment.com	
invoice-deposit.com	
primesmemberrenewal.com	
id-canada-post-delivery-services.com	
depos-elink.com	
amazonprime-abonnement.com	
eflow-securedregister.com	
totta.pt-conta-ativar.com	
weiisfargoaccountservices.com	
bmo.alert-viewsapp.com	
electricireland-servicepay.com	
gzikm8.co	
bmo.centervi1ews.com	
canadapost-delivery-solution.com	
eflowpaynow.com	
transfertsolution.com	
interac.transfertsolution.com	
bmo.info1-alert.com	
bmo.notice-v1ews.com	
e-trvnsfers-dep.com	
bmo.notification1-app.com	
returnsupport.info	
canadapostonline-en.ca	
cai-payment.com	
commbank.internetbanking4.com	
commbank.internetbanking4.net	
expedition-colis.ca	
service-paquet.ca	
livraison-colis.ca	
colis-livraison.ca	
paquet-service.ca	
emt-inco-d3p0.com	
www.onlinemobile-transfer.ca	
onlinemobile-transfer.ca	
bmo.ca-signin2.com	
eflow-tollpayment-fee.com	
ca-canada-post-redelivery-services.com	
etrans-depot1ca.com	
direct-txma.com	
gigadatinterac.com	
cai-payment.info	
www.cai-payment.info	
gouvtxrev.com	
www.cai-payment.com	
notifications-lnterac.world	
interac-cagov.com	
etransfer-dep1ca.com	
express-postcan.com	
fraudteam4anzid.com	
cra-agency.com	
etransfertfunds.net	
albertabenefits.info	
e-transferaccept.ca	
myabregistry-edeposit.ca	
bell-canadainfo.com	
et-sent.live	
id-canada-post-redelivery-services.com	
gcn-1nterc.com	
ap4to.info	
canada-ontariojobgrant.ca	
support-myfido.com	
support-myfido.info	
linked-etransfweb.info	
myfee-ausp.com	
my.income-return.com	
anzdigitalfraud.com	
bendi-myportal.com	
rb.gy/wt762	
depositinterac.com	
op-fi-uc.com	
anzidtech.online	
bndgodft.info	
scotiaonlineapp.com	
paymentbenefit.site	
op-fi-iu.com	
au.schedule-austpost.com	
electricireland-services.com	
e-account-update.com	
op-fi-ua.com	
eflow-web-payment.com	
voiceid4anz.com	
cbapayments.online	
eflow-securetollfee.com	
www.receivefundscanada.live	
www.monthlychargesrenew.live	
www.canadapost-tracking.xyz	
ptsb-online.com	
updatecanada1post.info	
canada-post-support-services.com	
informationsreacheminement1qc.info	
nexipaymobi.com	
transfers.caipmanual.ca	
payments.caipmanual.ca	
interac.caipmanual.ca	
interact.caipmanual.ca	
deposit.caipmanual.ca	
caipmanual.ca	
et-opp.info	
e-edirect-slx.com	
eflowpaymentsnow.com	
ca-canada-post-redelivery-support.com	
fargoaccountservices.com	
neetfliixaccountupdaterrestraiined-login.info	
et55411.click	
emtsecured.com	
anpost-packet.info	
evri-packagedeliery.com	
eflow-toll-paymentfee.com	
id2941931.com	
anpostdelivery-support.com	
crevag.info	
webroyalauth.com	
bmo.ca-connexion2.com	
bellinterac.info	
postecanada-livraison-soutien.com	
assistanceredeemcard.info	
canada-postsmsnotice.ca	
et99194.click	
emt5951.click	
myee-log-in.com	
benefitinfo.pro	
lnstagram-leakedbaitoutz.com	
caa-depoform.com	
en-lnt-receive.cfd	
update-sub263june1846.com	
trackingcanada-post.ca	
applepay-care.protect-wallet.com	
online-mobiletransfers.com	
www.online-mobiletransfers.com	
ccracaip.ca	
deposit.ccracaip.ca	
returns.ccracaip.ca	
transfers.ccracaip.ca	
selfservceclimact.ca	
deposit.selfservceclimact.ca	
rteturns.selfservceclimact.ca	
transfers.selfservceclimact.ca	
bmo.online-2mobile.com	
telus.myidentity2-id.com	
kayavape.ca	
my.return-income.com	
return.austpost-deliver.com	
jetzt-bestatigen.cfd	
www.anpost-alert0.com	
anz-secure.ib-unlock3d.com	
et45433.click	
eflow-web-fees.com	
transfert-lnteracts.kayavape.ca	
bordgaisonline.com	
www.supportclient.info	
supportclient.info	
anpost-parcel-track.info	
colis-livraison1.ca	
livraison-colis1.ca	
paquet-service1.ca	
e-anth-dep.live	
vrnylcibc.online	
fcss.site	
ffsp.info	
service-paquet1.ca	
expedition-colis1.ca	
canadagouvrev.com	
telus.online-2mobile.com	
secure--etransfer--accept-cra.info	
eflow-tollpayment-fees.com	
nexi-pay-mobi.com	
interac.premierpayinc.com	
bellloyaltyplus.info	
comm4info.online	
verifynetfix.com	
bellmobility-refundsecureweb.com	
rogers-uptade.shop	
telus.myidentity2-ca.com	
cra-arc-agency.ca	
cra-arc-reclamation.ca	
cra-arc-reclamez-impots.ca	
cra-arc-impots.ca	
cra-arc-agence-impots.ca	
bmo.signin2-auth.com	
bmo.signin2-id.com	
en-lnt-receive.autos	
accesweb-mouv-desjardins.4w1rs.com	
accesd-mouv-dejardins-transactionrefuse.4w1rs.com	
accesd-mouv-desjardinsweb1-verification.4w1rs.com	
www.mygov-process-help.info	
facturerevenu.pro	
auspost-deliverysupport.com	
postno-leveringen.com	
reclaim23-funds.info	
gov-annual-reports.net	
voiceid4anz.online	
funds-interac.com	
oncall-support-idcheck.com	
spotify.membership-error.xyz	
eflowfee.com	
taxable-annual-medi.net	
id-seb-se.com	
1canadapost-postescanada.com	
gst-canada0.com	
mobi-nexipay.com	
pagosdecorreos.com	
secure--etransfer-cra-accept.info	
gestioncompteprime.com	
id2941931.info	
correosmobi.com	
electricireland-mylogin.com	
canadapostpostescanada.ca	
statuslivraisonspostescanada.com	
mobile-cooperative-uk.com	
secure-auths.com	
mytelus-mobility-etransfer.com	
interac1001crawebtrust-claim.com	
secure-personal.com	
processbmo.com	
canadapstlservice.com	
lnterac-transfercra.com	
anzid4.online	
em-lnterace.autos	
albertabenefit.info	
cradepotransfer.com	
www.uber-support.info	
cbaid.hair	
1sign-in.com	
edirect-slx.com	
bmo.auth-idmobile2.com	
bmo.my2access-id.com	
servfund23-t7.com	
secur-auth.com	
appleaucareservice.com	
digisecurecheck.com	
scotiabank-reset-policyvcad.com	
my.incomes-return.com	
nab-security.app	
s1-mygov-au.com	
my.return-income-secure.com	
gstgc2023-t4.com	
westpacnewpayee.com	
nab-chargebacks.com	
op-fi-mobili-iv.com	
minesecurego.dynv6.net	
g0v-qcbenifits.info	
g0v-abwildfires.info	
eflow-web-fee.com	
update-method-amza0n0307.com	
sicherer-beitrag.at	
gv-1nt3rc.com	
bellrebate.info	
eflowpaymentsservices.com	
easyweb-authenticationtddirect.com	
trace-packet.info	
dhlupdate.com	
bmo.ca-onlinecfr.com	
dhlcouriersupport.com	
etransfers-canada.webredirect.org	
fgss.info	
ffssp.live	
direct-slx.com	
eflow-toll-paymentfees.com	
vm9133.vpsone.xyz	
canadapostenligneserv.ca	
securb0a97.com	
bmo.info-login2.com	
emt467.click	
employment-assistance-mb.ca	
taxt4-retribution2023.com	
fido-return.net	
expressreacheminement.com	
renvoiqc1express.com	
emt695.click	
rebateinterac.com	
nzzpst-ffice.online	
et-myabregistryid.ca	
13-scotiabank.com	
vrrr-secu.info	
cra-tax-refund.ca	
cra-arc-agence.ca	
suivicourrierqc.com	
interac-online.info	
etransfert-interact.webredirect.org	
resolution-bell.me	
costco.rebateinterac.com	
hsglobal-view.com	
myportal-income-page.click	
mygovaccess-secure.com	
op-sulkupalvelu.com	
verifyconnectguardprotectionrequest.ru	
services-australia.xyz	
shield-enrol-com-au.cc	
lnteracetransfer-grocerybenefit.com	
op-fi-mobili-ui.com	
s2-mygov-au.com	
ing-fraud.info	
anzid2.online	
bellsecure.info	
op-fi-mobili-um.com	
cbafraud.info	
applepay-care1.protect-wallet.com	
eflowtoll-security.com	
eflow-securedservices.com	
testpallie.xyz	
ptsb-webauth.com	
gstgc2023t4.com	
emt7459.click	
appleuk.app	
direct-txm.com	
returnrecoverysecured.top	
emt778.click	
cancraemt.ink	
gouvcanadaform.com	
electric-ie-payment.com	
gov-et.com	
rebate.gov-et.com	
etf-secured.ca	
barrier-payments.com	
rogers-tech.online	
manitoba-eia-benefits.ca	
365online-sca.com	
royalm-schedule-delivery.com	
emt3278.click	
ret-myf.com	
trackcanada-post.com	
bmo.online1-appca.com	
dhldeliveryparcel.com	
bmo.my-login2id.com	
www.overview-bell.icu	
emt416.click	
gstca2023t4.com	
bmo.authid-login2.com	
emt7456.click	
webmtbnkprotecct.online	
bc-supportbenefits.ca	
rbc-selfverification.com	
aideauxcitoyens.com	
interacwebclaim10001cra.com	
crainteracsupport.net	
nz-g0wt-oficcee.online	
anz-cancel-nz.com	
et33218.click	
23arc23ncimpositioxm45.com	
cvnada-rev-dep.com	
deliveryrescheduleservice.info	
bmo.auth-appinfo.com	
bmo.auth-idlogin2.com	
my.secure-income-return.com	
mobile-crtc.online	
crtc-mobile.in	
re-cad-process5634.com	
tracking-delivery-support.com	
op-fi-kortit.com	
gtcrcgv2023t4.com	
op-fi-mobili-na.com	
gstcrcgv2024t4.com	
applereaktivieren.info	
op-fi-mobili-oi.com	
op-fi-kortit.net	
dhluk-track.com	
op-fi-mobili-an.com	
authuser-rb-c.com	
et32401.click	
et3240.click	
eflow-webupdates.com	
gv-support-return.com	
electricireland-paymentonline.com	
cra-interaconline.com	
desjardins-vousvalider.com	
gestion-livraison.ca	
colis-gestion.ca	
gestion-colis.ca	
votrecolis.ca	
livraison-gestion.ca	
govbenefits-ca.com	
e-transferinteraccanada.com	
canadapost-rescheduleservice.com	
secure-accept-e-transfer-interac.info	
canadapostdelivery.info	
canadapostdelivery.link	
cpcalivraison.ink	
rituserportal-login.com	
loginuser-portal.com	
disbursementlogin-portal.com	
erste2023.dynv6.net	
bmo.accessid-web2.com	
reset-it.contact	
dhlparcelcare.com	
authform-rogeruser.com	
bet-gigadat.online	
etransfer-interac-canada.gleeze.com	
groceryrebate.in	
gstgov23t4.com	
td.accessid-log2.com	
mybenefitscdn23.com	
deposit.ccaiweb.ca	
transfer.ccaiweb.ca	
returns.ccaiweb.ca	
ccaiweb.ca	
bell.accessid-log2.com	
commandeqc1express.com	
teluspaymentupdate.com	
bellloyaltyrebate.info	
myfreedom-acccount.com	
depositinterac.ca	
eflowonline-update.com	
re-in-t.com	
tru1stsecu1re.com	
dhl-ukparcel.com	
scotiaonlinebns.com	
op-fi-vn.com	
reschedule-packages.com	
eflow-account-update.com	
eflow-servicetoll.com	
accept-e-transfer-ca.com	
candelivery.info	
interactions-300.store	
envoiprioritaireqc1.com	
suiviqc1express.com	
canada-poste-livraison-colis.com	
updatecanada.online	
mobilty.updatecanada.online	
appleukcheckwallet.com	
interac.gigadatinc.com	
customdhl.com	
sen-verbify-sesure.info	
auth-revolut-login.com	
fvpp.site	
fpps.online	
toll-charges-online.com	
avis1livraisonqc.com	
emtca3940.click	
emtca39401.click	
desjardins-validervous.com	
charge-ireland-fee.info	
revenucanadagouv.com	
can-gov-err.info	
erste-2023.dns.army	
interact-canadanet.com	
info-cadpost.com	
fichedelivraison.com	
dhltrackparcels.com	
authe-trsf.online	
dispatchcanada-post.com	
security-commbank.com	
virement-1deposer.com	
dhlparcelscourier.com	
qc-canadaposten.ca	
cra-interac00secure.com	
livraisoncpqueb.ink	
trackingcanada-posts.ca	
cancel3ref2983-boa.com	
cancel2ref2983-boa.com	
cancel1ref2983-boa.com	
cancelref2983-boa.com	
et-abregistrymyid.ca	
statuslivraisonsuivipostescanada.com	
scotia-alert.com	
secureinterac.ca	
intrc-pendingdeposit.com	
bc-lnteracgov.com	
secur-authclbc.com	
govcad-benefits.com	
parcelmissedportal.co.uk	
qcexpress1envoi.com	
emtca4498.click	
emtca44981.click	
lnterac.io	
telusplanupdate.com	
dhl.trackid-package.com	
postca.trackid-package.com	
postca.trackid-delivery.com	
rogers-account.ca	
postca.trackid-online.com	
check-online.click	
grocerybenefit-lnterac.online	
my.incomes-return-secure.com	
ato-gov-au.line.pm	
op-kortit.com	
package-rescheduled.com	
eflow-securitytoll.com	
appleid.appwallet-au.com	
restoreaccess.co.uk	
eflowtoll-resolve-ie.com	
bchydro-etransfer.com	
emtca1877.click	
emtca18771.click	
anpost-trackonline.com	
eflowsecuredpayments.com	
secure--etransfer-c-r-a-accept.info	
onlinereviewal.com	
colismanque.ca	
gestioncolis.ca	
livraisondecolis.ca	
retour-colis.ca	
mon-colis.ca	
update-elecireland.com	
anpostparcelcustom-deliveryfees.com	
cra-int3rac.info	
etdirect-slx.com	
electric-verify.com	
etransfer-verified.com	
fees-eflow.com	
e-flowservice-toll.com	
suivipostale1qc.com	
emtca2276.click	
emtca22761.click	
truisttocancel.com	
dhldeliveriesireland.com	
online-george.xyz	
rebookingscanada-post.ca	
cssp.site	
climateactionincentive.ca	
correonline.ddns.net	
direct-tl.com	
fedgroceryrebate.com	
den-berifysec0.info	
courrierpostaleqc1.com	
dossierpostaleqc1.com	
grocerybenefit.online	
bmo.infologin-id.com	
bnc.nationale-portailca.com	
updatecad.online	
account.updatecad.online	
et-verified.live	
www.review-bellcustomer.one	
gstinteract.com	
www.gstinteract.com	
rbc-client.net	
bmo.clientlogin-id.com	
webrtcclaim.com	
webrtctrans-claim.com	
bnc.comptedes-clients.com	
groceryrebate.site	
interac-transf.com	
postno-no.com	
myinbox-dashboardservice.com	
electricireland-acc-charge.com	
electricireland-updates.com	
tracksupportan-post.com	
helpan-post.com	
traceparcelan-post.com	
tracedeliveryan-post.com	
tracean-post.com	
postagean-post.com	
parcelsupportan-post.com	
crasecure-edoposits.info	
eflow-tollsecurity.com	
interac-transfer.cloud	
klant-sca404.de	
eflow-toll-payment-fees.com	
canadapost-importincel.com	
www.auspostreship.com	
my.gov-aust.com	
cryptmones.live	
emtca11551.click	
emtca1155.click	
evri-redelivery.com	
co-op.upgradesettings.online	
verify-onlinelogin.com	
lnter9depots2.com	
bnc.compte-portail1.com	
qcsuivicommande1.com	
interacpayments-cra.com	
qcenvoi1postale.com	
bnc.notice-portail1.com	
courrier1enattente.com	
govcadbenefit.com	
bnc.alerteportail-app.com	
bnc.portaildes-alert.com	
cra-etransfer-id.com	
capostdeliveryportal.com	
amazoncanda-refund1.com	
cra-arc-taxe-remboursement.ca	
cra-arc-tax-refund.ca	
arc-cra-retour-impot.ca	
crainteracsupport.info	
bnc.important-centreclient.com	
costsco.site	
bnc.centredes-app.com	
anpost-fee-import.com	
returncra-gstdeposit.com	
emtca31181.click	
emtca3118.click	
cra-arc-tax-return.ca	
income-cadagency-etrans.com	
etransf-income-cadtax.com	
rembourssement-epicerie-govt-qc.ca	
sl-rt.info	
bellcanada.sl-rt.info	
secure-mygov.id	
audashboard-messages.com	
suport-info.click	
totta.pt-conta-usuario.com	
frpp.live	
frss.info	
eflow-user-fees.com	
emtca5644.click	
emtca56441.click	
assistance-relivraison.com	
qcservicespostale.com	
an-post-importduty.com	
interacpayment-cra.com	
onlinenavyfederal.org	
e-billing-update.com	
trackingpost-canada.ca	
365-remove.online	
revenue-tax-payment.com	
malivraison.ca	
colis-mon.ca	
toncolis.ca	
gestion-de-colis.ca	
gestiondecolis.ca	
etransfer-interac-canada.mywire.org	
emtca77311.click	
emtca7731.click	
interact-etransfer-canada.camdvr.org	
en-anth-d43p0.com	
e-tra-d3p0.com	
pnctocancel.com	
direct-tlx.com	
bnc.appconnexion.com	
cra-trasf3r.info	
en-lnter-notification.cfd	
interacverifcation.com	
updatemobilty.com	
canaderevagency.com	
et-4depotdirect9.com	
emtca39951.click	
emtca3995.click	
en-lnt-accept.autos	
ca-supprt.info	
primemembersrenewal.com	
interactgovpay.com	
ewallet33431.click	
ewallet3343.click	
inter-tellusmore.com	
primes-memberships.online	
postcanada-tracking.site	
e-transfer.interact.info	
rogersap.com	
www.rogersap.com	
interactdeposit.com	
kiwi.aiert-nz.mobi	
et-valid.online	
my-ird.aiert-nz.mobi	
ird-govt.secure-nz.co	
aiert-nz.mobi	
secure-nz.co	
op.fi-kortit.com	
asb.secure-nz.co	
verifyauth-nz.ddns.net	
supportaus-dashboardmessages.com	
op.fi-kortit.net	
mymobilty-updatecenter.online	
evri-ukparcel.com	
op.fi-sulkupalvelu.com	
eflow-motorway-charges.com	
op-fi-ic.com	
deposit.selfdirectclimateact.com	
selfdirectclimateact.com	
transfers.selfdirectclimateact.com	
caiprets0723.ca	
deposit.caiprets0723.ca	
returns.caiprets0723.ca	
mobili-op.in	
mobili-op.com	
eflowpaymentssecured.com	
dhl-track-myparcel.com	
elecireland-update.com	
govcanada.et-opp.info	
op.fi-sulkupalvelu.net	
tax-secured.com	
ewallet91881.click	
ewallet9188.click	
eflow-motorway-charge.com	
post-at.v6.navy	
spark-asse2023.dynv6.net	
totta.pt-validar-conta.com	
activation-spotify-account.com	
umgebung2023.v6.navy	
post-no-leveringen.com	
inflationagency.ca	
direct-canada.com	
en-anth-e4p0.com	
online-navyfederal.org	
electricireland-acc-support.com	
erste2023.sytes.net	
canpost-parcel-reschedule.info	
ashley-interact.online	
cxsw4.delbarco.pt	
hydroqc-virement1ca.com	
desjardins-affairesvalidation.com	
ca-help-fundplan.info	
ashley-depositfunds.online	
ashley-transfer.online	
ashley-deposit.online	
lnstagram-tropicalbaitouts.com	
interactdeposited.com	
ewallet22581.click	
ewallet2258.click	
canada-grocery-agency-revenue.com	
interacdepositnow.com	
secur3-auths.com	
trackcanada-post.ca	
et1-4depotransf3.com	
posteca.livraison-ca.com	
bncverification.com	
interactions-100.store	
lnterac-service.icu	
scotiaonlineaccount.com	
cra-arc-tax-return-qc.ca	
inflationagency.help	
bnc.enligne-connexion.com	
bmo.portai1l-desclient.com	
bmo.login-lockaccount.com	
bmo.connexion1-app.com	
grocery-rebates.info	
et-foodrebates.info	
bmo.login1-lockweb.com	
postes.canada-colis.com	
review-activity-ing.com	
postca.trackid-online1.com	
postca-delay.com	
cranterac.info	
gcy-rt.live	
online-help-asb.com	
sl-tr.info	
etransfer-bchydro.com	
canadapostredelivery.info	
en-notification-lnterac.autos	
tax-outcomes-inbox.net	
import-incelcanadapost.com	
rtcrca2023t4.com	
mobili-op-in.com	
au1-applepay.com	
en-lnt-accept.cfd	
westpac.online-portal-via.com	
electricireland-acc.com	
aib-ie.review	
reschedule-route783.com	
toll-fees-payments.com	
importsupportan-post.com	
onlinetrackan-post.com	
customreviewan-post.com	
customssupportan-post.com	
trackpackagean-post.com	
commbank-secure.com	
anpostpackagepayment.com	
securedpaymentseflow.com	
poste-canada-livraison-colis.com	
servicecanadapostqc-en.com	
customsinfoan-post.com	
postedelay-40.online	
postecanada-colis-livraison.com	
bet-gigadat-ca.online	
totta.pt-validar-cartao.com	
infoan-post.com	
e-transferracceptsecurecra-deposit.info	
infobox-a.com	
secure-wallet.pay	
primedaygift.com	
www.primedaygift.com	
benefit-infoscanada.top	
poste-canada-livraison-colis.ca	
appiepayverify.ddns.net	
cra-arc-retour-impot.ca	
eflow-tollfees-payment.com	
myfreedom-acccount.net	
en-lmt-accept.autos	
netflix-login.co	
mobileweb-secure-id.com	
et2-transf3dep0.com	
claimtrack.online	
dhl-parceldeliveries.com	
etf-postref.com	
truisttocancel3.com	
nzpost.secure64-nz.com	
fido-mobilityinterac.com	
bncappli-mobile.com	
desjardins-verificationaffaires.com	
interac-cra.info	
dh-track-gb.com	
statement-bell.me	
regionalgroceryrebate.ca	
auspost-parcel-au.com	
et-confi.click	
supportbell.info	
acclaim-intl.com	
applecare.appwallet-protect.com	
bnc.enligne-alerte.com	
rbc-anth-ogrn.com	
tlswebrtcport.com	
lnt-notify.cfd	
etransfer-interac.mywire.org	
etr-funds-acpt.com	
interaccra-onlineservice.com	
canadapost-onlinereschedulesevice.com	
canada-groceryrebate.com	
delivery-reschedule.in	
www.canada-groceryrebate.com	
asb.securityhub-nz.com	
www.delivery-reschedule.in	
appleid.protect-walletapp.com	
mycomm-aiert.ddns.net	
wallet-id.protect-walletapp.com	
appleid-care.protect-walletapp.com	
eflow-resolve.com	
rgers-verfiy1now.com	
eflow-charges-online.com	
ewallet4491.click	
ewallet44911.click	
infodutyan-post.com	
infocustomsan-post.com	
importreviewsan-post.com	
packagecustomsan-post.com	
trackinfoan-post.com	
canpost-signature.store	
paymentssecuredeflow.com	
id-poste-canada-livraison.com	
ptsb-authonline.com	
infotrackingan-post.com	
trackinginfoan-post.com	
interacref-91827.com	
colis-poste-canada-livraison.com	
trackingiteman-post.com	
lnterac-childsbenefits.icu	
paymentrogers.com	
customsservicean-post.com	
crapayee-paymnt010.com	
login-39872.com	
eflowonlinesupport.com	
dhldeliveryhelp.com	
canadacentrebell.sbs	
returngst-cra-interacdeposit.com	
www.et-transfe.org	
dhlparcelexport.com	
colis-poste-canada-livraison.ca	
lnterac-childsbenefits.online	
bnc.id-connexion1.com	
postcanresched1.com	
bnc.mobile-connexion1.com	
asb.supporthub-nz.com	
web3-interac.com	
bnc.web-connexion1.com	
interac-page.com	
en-ont-notify.autos	
mobility-planlogin.app	
auspost-package-au.com	
secur-info03.com	
my-bell.co	
bnc.appid-client.com	
ewallet3389.click	
bets-gigadat.online	
g-cr-cgv2024t4.com	
bmo.client1id-app.com	
bmo.app-client1id.com	
credit.2023t4.com	
2023t4.com	
online-cancel-asb.com	
terminalen-nord.com	
mygovalert-login.com	
auspost-assist-help.com	
west-pac.site	
my.return-incomes.com	
s5-mygov-au.com	
bmo-mobile.ca	
02.2023t4.com	
mineapplepay2023.hopto.org	
meuapplepay2023.sytes.net	
eflow-services-online.com	
ewallet16659.click	
login-632.com	
distributioncentre-customs.com	
aviscourrierqc.com	
delivery-customs.com	
delivery-pay.com	
distribution-customs.com	
electricireland-acc-pay.com	
toll-onlineservicepay.com	
ca-colis-poste-canada-livraison.com	
netflixaccountsupport.com	
cibc-security-department2023.com	
interacdeposer.info	
login-commbank.com	
bmo.id-appca-client.com	
e-flow-online-update.com	
bmo.id-appca-web.com	
interaccanada.info	
direct-ld.com	
dhlexportsupport.com	
can-securdep.com	
i-etsrf-elive.co	
interacpaymentscra.com	
bnc.app-clientidca.com	
secur-authentic.com	
bnc.portail1-caclient.com	
bnc.ca-client1app.com	
dhlparcelexports.com	
lnt-accept.autos	
tls-ergsvcportclaim.info	
mobilescotiaonline.com	
desjardins-autovalidation.com	
bnc.ca-portailapp1.com	
bnc.importante-alertes.com	
postcan-express.com	
bmo.m2-connexion.com	
trackingalertcanada-post.ca	
bmo.enligne2-web.com	
canadainflation.agency	
remboursement9975.com	
bmo.enligne2-m.com	
bnc.alerte-importante.com	
qcrevenu.com	
bnc.centre-desportails.com	
bmo.onlin1e-notice.com	
interactions-200.store	
cibc.onlineaccess2-id.com	
arc-taxe-remboursement.ca	
cra-arc-income-tax-return.ca	
arc-cra-agence.ca	
cra-agency-tax.ca	
interact4u.com	
bmo.conne1xiondes-clients.com	
rev-cad-agency.ca	
asb.support-nz-team.com	
interact4u.ink	
myaccount.2sco.link	
ewallet38422.click	
bmo.app2web-clients.com	
bmo.app1mobile.com	
return-bellmobile.com	
inflationcanada.com	
admin-supportsca.com	
postescanadalivraisonsuivi.com	
autdlive.ink	
www.autdlive.ink	
lnterac-pageonline.com	
virementpanne-qchyxca.com	
apple-au.protect-walletapp.com	
bellmsg.info	
ato-return-alert.com	
cra-arc-retour.ca	
et-vt.site	
int-funds.ca	
au7-mygov.com	
my.income-returns.com	
eflow-motorwayfees.com	
westpac-direct27189.com	
fi-op-un.com	
fi-op-um.com	
anz1.securebanking-au.com	
bnz-verifysupport.info	
fi-op-mobili.com	
oficina-correos.click	
etf3342.click	
interac-ca-online.com	
cibc-security-department.com	
interactions-200.online	
e-transferracceptsecurecras-deposit.info	
bnc.mobileapp-portail.com	
evri-prod-uk.com	
bnc.mobile1app-portail.com	
bnc.appmobile1.com	
accesd.app-mobile1.com	
bnc.appclient-mobi.com	
arc-cra-impot.ca	
alert-post-canada.com	
au-apple.appwallet-protect.com	
paimentsslpostcan.ca	
colis-id-canada-poste-livraison.com	
gstreturn-cradeposit.com	
colis-id-poste-canada-livraison.com	
bnc.mobileapp-client.com	
assistancesured.top	
bnc.appportail-mobile.com	
eflow-payments-secure.com	
arc-retour-impot.ca	
etf9935.click	
trackingalertscanada-post.com	
postcad-signature.site	
spotifypremium044.com	
colis-ca-poste-canada-livraison.com	
canada-grocery-help2023.com	
www.canadapost-tracking.click	
emtrecoverysecured.info	
bnc.app-portailcentre.com	
gst-canada00.com	
arc-agence-remboursement.ca	
cra-revenue-agency-tax-return.ca	
setting-netflx.info	
etf2995.click	
caisse.desjardins-accweb1.com	
caisse.desjardins-mouv.com	
i-n-t-e-r-a-c.com	
lnterac-newnotification.com	
rbc.banque-enligne1.com	
www.bce-promo-ca.com	
rbc.banque1-enligne.com	
etf7739.click	
bell-rebate.info	
rbc.alerte1-enligne.com	
schedule-redeliverynow.app	
svccenter-usererg.one	
userwebtls-ca.icu	
myaccount-home.org	
inbox-myservices.org	
nab-4mobile.securebanking-au.com	
rebateca-etform.com	
gst-canada001.com	
fundsdepo.com	
income-etran6-govofcad.com	
pakker-no.com	
qcpostescanada.com	
ing-mob.securenetbanking-au.com	
secure-netflix-portal.com	
etf8511.click	
testingonedo3.xyz	
reschedule-route19.com	
interaccanadaonline.com	
livraisonprioritaireqc.com	
relivraisonqcexpress.com	
servicepostaleqc.com	
postnord2023.ddns.net	
eflow-tollsecure.com	
securitysupport-mt.com	
eflow-payments-web.com	
netflx-setting.info	
deliverymissedportal.com	
paimentpostcan.co	
et0-depot3trnf.com	
depsoit-securetransfer-revagencyca.info	
et-transfer-agency.com	
etf5229.click	
rbc.alerte1-web.com	
secure1-apple.com	
lnterac-transfer2.website	
rbc.banque-alerte1.com	
rbc.alertebanque-ca.com	
netverifyflix.net	
parceltrackcanada-post.ca	
rbc-client.ca	
annual-costco-coupon-claim.ca	
etf1159.click	
rbc.bankalert-ca.com	
rbc.bank-access2.com	
assistdashboard.net	
deposit-gst.com	
cra-arc-agence-remboursement.ca	
arc-agence-revenu.ca	
arc-cra-taxe-remboursement.ca	
arc-agence-connexion.ca	
ca-plan-pay.online	
anzhelpsupport-online.com	
courrier1envoiexpress.com	
returncra-interacdeposit.com	
etf4891.click	
votredepotqcmobile.ca	
transferdeposit.ca	
servcamygctx-2023.com	
govofcad-etrans-returns.com	
interac-canadaca.com	
myee-update.com	
dhl-reschedules-postes.info	
rbc-manage.com	
ee-pay-bill.com	
e-tran4833.click	
eflow-user-services.com	
toll-chargeinfo.com	
interactins-200.co	
bell-mobile-refund.com	
login-commbank.securenetbanking-au.com	
update-account17.com	
canada-inflation-help-grocery.com	
totta.pt-ativar-cartao.com	
info1commandeqc.com	
qc1posteca.com	
qcassistance1livraison.com	
qc1suivicolis.com	
3canada-post-delivery-fail.ca	
bell-overpayment.com	
e-tran9333.click	
jrpp.site	
info-nz.click	
myfreedommobile-acccount.com	
et-ca.com	
canada-gst0.com	
moncolis.one	
colisgestion.one	
gestioncolis.one	
malivraison.one	
relivraison.one	
etf-interac.info	
revenueserviceauth.com	
laurentiandirect.com	
hssp.site	
pssp.site	
cra-revenue.com	
bnz-update.com	
direct-tmd.com	
info-post.live	
int-funds.quebec	
etf3139.click	
return-bchydro.com	
etrs-rev.com	
www.etrs-rev.com	
login-anz.imobilebank-au.com	
mobiletransferauthentication.ca	
1canada-post-failed-delivery.ca	
etf4599.click	
tax-rebate-nz.com	
cadgov-grocery-rebate.com	
bnz-auth.online	
scotiaonlinemobile.com	
cadpostredelivery.com	
interac-canada.info	
rbc1-r0yal-alrtz.com	
e-flow-update-online.com	
e-flowtollcharges-ie.com	
depotcentre-anpost.com	
appiepay.help	
www.appiepay.help	
colis-qc-poste-canada-livraison.com	
caipbenefits.ca	
deposit.caipbenefits.ca	
returns.caipbenefits.ca	
deposit.govcaipbenefits.ca	
returns.govcaipbenefits.ca	
govcaipbenefits.ca	
return.caipbenefits.ca	
eflow-tollsupport.com	
applepay-id.protect-walletapp.com	
commandeqcprioritaire.com	
reapply400-energy.com	
colis-poste-canada-qc-livraison.com	
toll-accsupport.com	
desjardins-autoverification.com	
ptsb-authentication.com	
reschedule-route494.com	
eflow-securedpayments.com	
bnc.alerte-portailclient-ca.com	
qc-relivraison1.com	
etf1664.click	
truisttocancel4.com	
costco-membre-recompenses.ca	
bnc.appca-cl1ient.com	
cba-aus.com	
et.interac-etransfer7.com	
et-interac1.com	
reapply-energy400.com	
bnc.app-camobile.com	
amazon-recovery.info	
qcrevenue.co	
id-colis-poste-canada-qc-livraison.com	
et-interc-gs798ts49.com	
mywamzone.com	
www.mywamzone.com	
dhlparcelservices.com	
www.cra-insurance.click	
postcad-signature.store	
etf4499.click	
support-help-nz.com	
postecourrierqc.com	
interactions-200.co	
dep-trsf-sit.co	
canadapost-on-track.com	
novascotia-livingcredit.ca	
1nt3rac-etrnsf5r.com	
1nt3rac-etrnsf4r.com	
1nt3rac-etrnsf3r.com	
avispostaleqc.com	
abdisvensson.duckdns.org	
bnz.support-nzdept.com	
rbc0-r0yal1-srvce.com	
prrs.live	
jrss.info	
fpps.info	
jrss.live	
fpps.live	
info-post.net	
canpost1qc.com	
pendingdepositcan1.com	
desjardins-confirmation.com	
pjss.live	
hspp.site	
anzhelpdesk-online.com	
rbc.alerte-mobileweb.com	
canpost1quebec.com	
interacalberta.com	
order-fees.online	
rbc.alerte-camobile.com	
dhl.order-fees.online	
rbc.clientalerts-ca.com	
as.b-verify-nz.com	
rbc.bank-myaccess.com	
rogersdirect-payment.ca	
rbcclientid.com	
rbc.bank-myaccess1.com	
appl.epay-hubnz.com	
reschedulecadpost.com	
rbc.royalbank-id.com	
172.86.77.175	
et-reb.com	
commbank.mybank-au.com	
int-en-receive.com	
lnstagram-user-tropicalbaitouts.com	
myportal-account-lodge.click	
login-anz.mybank-au.com	
interac-paymentcra.com	
driver-reschedule18.com	
eflow-toll-secure.com	
apple-pay.device-safeguard.com	
post1qcsupport.com	
track1colisqc.com	
appplepay.ddns.net	
helpbell.info	
electricireland-accpayment.com	
post-at.online	
fees-checkout.info	
dhl.fees-checkout.info	
secheckstralia-app.click	
eflow-toll-assist.com	
govreturn-depositinterac.com	
bnc.ligne-portail.com	
customs-1dhl.com	
bnc.app-caen-lignes.com	
www.verif-identify.life	
canadapost-order.com	
et-interac-etransfer.com	
td.alertsca-web.com	
gigadat-bets.online	
qc-colis-poste-canada-id-livraison.com	
truisttocancel5.com	
dhlredeliverysupport.com	
paynee.ddns.net	
cash1app.ca	
e-flow-update.com	
my-bell.net	
appllepayy.ddns.net	
rbc.bank-webid.com	
lntrac-etref.com	
rogersmobility-interac.com	
etf1329.click	
cibc.bank-1mobile.com	
cibc.bank-access1.com	
client-nz-portal.com	
benefitpaymentform.com	
cibc.my-alerts1.com	
quebecacheminement1.com	
cibc.online-alerts1.com	
statusiivraison-suivicolis.com	
testingone392.site	
anzsupportonline-au.com	
lnt-accept-notify.autos	
cibc.online-alert1.com	
caa-national.com	
qcrenvoi1replanifier.info	
soutiensuiviqc1.info	
etr-recevoir-accpt.com	
reacheminercolisqc1.info	
secur3-authtd.com	
etf4229.click	
direct-nl.com	
centrecanadapreaf.sbs	
info-customs.in	
authenticate-westpac-au.com	
agencyofcanada.com	
mypackage-canadapost.info	
supportpagereturn-ca.com	
usercaportal-rtf.com	
net-op-fi.com	
anz-auhelpdesk.com	
info-taxrefund.in	
nu-op-fi.com	
1-mygov.com	
au2-netflix.com	
secureapplepay.online	
electricireland-account.com	
eu-op-fi.com	
services-inbox.com.au	
eflow-user-fee.com	
ic-op-fi.com	
gb-au.info	
www.gb-au.info	
parceldepot-anpost.com	
rbc.idonline-alert1.com	
io-op-fi.com	
eflowuser-fees.com	
rbc.royalbank-id2.com	
toll-payment-service.com	
bmo.app-enlignes-ca.com	
bmo.alertesapp-caweb.com	
videntify-customer.info	
help-checkout.online	
dhl.help-checkout.online	
bmo.app-caalert.com	
eflow-toll-fines.com	
driver-scheduled.com	
rbc.app-connexion.com	
etf33998.click	
etf33997.click	
rbc.application-web.com	
reperervotrecolis.info	
rbc.web-enligne.com	
eflow-toll-discharge.com	
eflow-secured-payments.com	
renvoi-rapideqc1.info	
rbc.enligne-secure.com	
commbnk.ddns.net	
jjss.info	
jjss.live	
jhss.live	
phss.live	
jhss.info	
intrc.etransportail.com	
etransportail.com	
primegestionnaire.com	
primeconfirmation.com	
rbc.enligne-connexion.com	
en-autodeposit.com	
rbc.app-enligneweb.com	
canada-inflation-help-grocery2023.com	
bell-lnteracrefund.info	
bnc.appclientele-web.com	
bnc.appalertes-portail.com	
e-access21-sparkasse.com	
compteprime.info	
gestionprime.info	
direct-lt.com	
interactrust-claimcra-web1001.com	
primesmembersrenewal.com	
depot-virefca.com	
dhlparcelshipping.com	
et-3etransf.us	
bnc.app-alertesweb.com	
cra-arc-remboursement.ca	
arc-revenu-emploi.ca	
arc-agence-taxe-remboursement.ca	
satanderuk.ddns.net	
dhldeliverycourier.com	
nzp-728748.site	
et.transac.ca	
transac.ca	
au-736738.site	
au-736738.online	
mandtaccountsupport.com	
primemembersrenewpayment.com	
interacclientid.com	
kssr.live	
kssp.live	
kssp.info	
hsbcconnection-assistance.com	
tracking-postcanada.ca	
lnstagram-tropicalbaitout.com	
hsbcconnection-support.com	
newstatement.online	
zeo-d11kl50.ddns.net	
ingaus.ddns.net	
etf39881.click	
etf39882.click	
statement072.online	
onlineauth2-td.com	
bnc.app-ca-online.com	
reperagecourrierqc1.info	
mail-bell.net	
rb1c-r0yal2-sp.com	
auth-irbc23.com	
mytransmits.ca	
capostrescheduling.com	
et-terac.online	
apayupdate-au.com	
1bmo-overviewapp.com	
accept-transfer.com	
reviewtransaction.online	
bmo.clientele-appca.com	
refund-eform-aus72.com	
telus.revi-ewca.com	
nrc-gvt-agcy.com	
rbcclients.com	
deposit.caipgov0723.ca	
returns.caipgov0723.ca	
transfers.caipgov0723.ca	
caipgov0723.ca	
my.bendi-go-security.com	
comm-support-portal.com	
bendigo-e-access292.com	
parcel-invoice21nz.com	
my-gov-aus.online	
refund-eform-aus53.com	
rebatesgrocery.com	
lntera-etphonecarrier.com	
apple-wallet.safeguard-device.com	
santanderlog.ddns.net	
secure-meta.com	
abonnementprime.info	
eflow-online-fee.com	
qc-colis-poste-canada-livraison.com	
moncompteprime.info	
qc-colis-poste-canada-id-livraison.ca	
etransfer-portal.sl-rt.info	
electricireland-acc-online.com	
bnc.app-importante-ca.com	
etf4030.click	
etf40301.click	
primeabonnement.info	
lloydsstaysafe.com	
primegestion.info	
primeannuel.info	
gestiondesenvois.com	
rbc.secure-enligne.com	
rbc.connexion-enligne.com	
bnc.appca-1web.com	
authritlogin-center.com	
rit9bf0408ca9.com	
e-logbillcenter.com	
rbc.enligne-app.com	
rbc.idsecure-web.com	
rbc.idconnexion-web.com	
bnc.app-ca1-lignes.com	
depotcentre-parcelinfo.com	
electronic-verif.info	
eflow-web-pay.com	
et-received.com	
bnc.appca-1enlignes.com	
erste-zugang-unterstutzung231.com	
dhlparcelduty.com	
gerermoncourrier1.com	
rbc.app1alertes-ca.com	
rbc.clientwb.com	
prime-annuier.live	
prime-annuier.info	
australian-tax-office-portal.com	
rbc.app1wb.com	
1nt3rac-etrvnsfer.com	
gigadatsolutionsinc.com	
accsdjardins.com	
www.accsdjardins.com	
bnc.connexion1-id.com	
et83377.click	
et93377.click	
www.cw-aus.info	
bnc.connexion1-enligne.com	
www.mgv-aus.info	
cibc.my-1mobile.com	
www.cra-insurance.live	
etf10001.click	
cibc.bank-idsecure.com	
postecanada-tracking.cloud	
rbc.connexion1access.com	
cibc.onlinelogin-id.com	
rbc.connexion1-secure.com	
cibc.securelogin-id.com	
rbc.connexion1id.com	
info-bell.net	
canadapost-trackings.shop	
cibc.mobilelogin-id.com	
rbc.access-connexion.com	
scotiaonlineaccess.com	
etf1483.click	
et-1nterac7.com	
et-1nterac8.com	
et-1nterac9.com	
secure-applepay.online	
my-au1p0st.com	
support-portal-comm.com	
acct01-bnz.com	
opgroup.online	
online-energysupport.com	
nexipay-aggiornamenti.com	
op-group.org	
phonecarrierint-et.com	
id-canada-post-package.com	
colis-poste-canada-livraison-id.com	
accesso-poste-italiane.com	
my-ee-pay.com	
eflow-services-toll.com	
etf7456.click	
direct-lp.com	
royalbank-client.ca	
annuier-prime.live	
annuier-prime.info	
sec-verification.info	
e-portaluserca.com	
637042depsoit-securee-transfer-revagencyca.info	
activityreview201.online	
logon-anz.mybank-au.com	
cra-secured.info	
nexipay-aggiornamenti2023.com	
hydro-qc.info	
dhlparcelportal.com	
interactions-500.co	
gst0-canada-sp.com	
sms-notification.me	
manage-post.ca	
mobile-etransfer.com	
interac-etransfer.co	
et-agency-transref.com	
dhlparcelexpress.com	
etf8510.click	
clientidrbc.com	
parceldeliverydhl.com	
cra-revenu-emploi.ca	
cra-arc-revenu-emploi.ca	
arc-impot-remboursement.ca	
arc-cra-revenu-emploi.ca	
arc-remboursement-de-taxes.ca	
agence-revenu-canada.ca	
mytd-validation.com	
crasecure-intearcdepo.online	
clientinterac.com	
packagetracking-postcanada.ca	
miw-t31gf01.ddns.net	
amaz-return.online	
lnterac.amaz-return.online	
fidointerac.com	
interacfido.com	
www.cra-receivefunds.live	
error-netflx.info	
inte-racfido.ca	
nzpost.website	
mygov-online-services.com	
error-return.online	
lnterac.error-return.online	
fido.recompense-interac.ca	
arc-cra-agency.ca	
emtca4877.click	
e-useracessacoount.com	
direct-il.com	
et-pending.co	
phonecarrieretintera.com	
support.client-nz-asb.com	
e-disbursedca.com	
review-activity-ing-au.com	
canadapost-rescheduleonlineservice.com	
clearpay-link.info	
canadagov-grocery-rebates.com	
e-returncenterca.com	
apple-care.appwallet-au.com	
mycradepsoit-secur.com	
mysecur-etrnafser.com	
crasecur-trnafser.com	
transacs.net	
ministryclaims.info	
bendigobank-mobile.org	
netsaver-helpdesk.com	
evri-customs-delivery.com	
mygov-ato-services.com	
emtca9921.click	
canadaclimaterebate.org	
amazonorder8.com	
opgroup.me	
ib-nab.banksecure-au.com	
op-group.net	
interaction-300.co	
active-benefitsupport.online	
canada-postdelivery.ca	
returncra-gstdeposit.info	
climatection-cad.com	
interac-mobiledepo.com	
et.interac-e-transfer7.com	
on-viewhelp-cra.click	
edirect-lt.com	
anpostalinfo-ie.com	
import-canadapost-delivery.ca	
secured-alert.info	
prime-annuier.site	
annuier-prime.site	
accesso-nexi-pay.com	
rog-inter-deposit.com	
www.fix-au.info	
fix-au.info	
interacmobile-et.com	
amazon-verification.ca	
reb-et.com	
quebecretourgov-ref1700392.com	
et-ccb.transacs.net	
benefit-reward.online	
emtca1775.click	
acesso-applepay.com	
gstreturn-deposit.com	
en-spotify.biz	
rbc.mobilesecure-id.com	
rbc.banksecure-id.com	
rbc.banklogin-id.com	
costco-rewardprogram.com	
costco-rewardsprogramrd.com	
tax-refunds-canada1.com	
e-processreturnca.com	
pago-clicko.info	
emtca9733.click	
e-accountcenterportal.com	
rbcacces.com	
govofcad-etrans-receive.com	
amendesqc.com	
login-anz.banksecure-au.com	
climactinc06-23.ca	
deposit.climactinc06-23.ca	
returns.climactinc06-23.ca	
relink-gov-services.org	
et.interacsecuredeposit.com	
email-deposit.autos	
asb.online-nz-support.com	
emtca4489.click	
rbc.securelog-in.com	
edirect-tl.com	
rbc.royalbanklog-in.com	
rbc.royalbank1-ca.com	
et1-3depotransf5.com	
interactransfer-cra.com	
www.cra-depositcanada.site	
jaharoligt.duckdns.org	
direct-tm.com	
mybell-bell.in.net	
direct-td.com	
transaction064.online	
cancaip-incentivegov.ca	
mobileinterac-emt.ca	
prime-abonnement-renouveler.com	
prime-memberships-renewal.com	
accesd-profil-desjardins.com	
eazyweb-td-profil.com	
connexion-app-bnc.com	
atb-identity-authprofil.com	
dhl-rescheduleexpress.info	
canadapost100-redeliverynow.com	
rbc.banqueroyale-id.com	
revenuqcgov-retour110021.com	
rbc.banqueroyale-ca.com	
rbc.banqueroyale-1.com	
www.rbcroyalbankonlineaccess.com	
rbc.banqueroyale1.com	
rbc.banque-royale1.com	
westsaver-helpdesk.com	
rbc.banqueroyale-auth.com	
tracking-reperages.com	
packagetrack-postcanada.ca	
livraison-poste-9b81c37.tracking-reperages.com	
package-9b81c37.tracking-reperages.com	
cibc-mobi-online-banking.com	
www.affordablelivingtaxns.ca	
votredepotmobileqc.ca	
login257-nz.com	
postalecanada-track.tech	
e-loginportralca.com	
ca-loan-agen.online	
e-disbursedritca.com	
etf-returnritca.com	
my.client-portal-return.com	
e-accountserverca.com	
centrecanadarefts.sbs	
parcel-schedule.world	
mygovinbox-login.com	
parcelinfo-aus.com	
rb-sl.info	
my.return-info.com	
claimbenefit6708srv.org	
eflow-fees-toll.com	
track-parcel-aus.com	
appiepay.de	
electricirl-update.com	
ca-livraison-colis-poste-canada.com	
relivraisonrapide.info	
idv-confirm.info	
co-op.update-security.online	
ca-livraison-colis-poste-canada.ca	
emtca7749.click	
reschedule-route274.com	
eflowsecurepayments.com	
eflow-secure-payment.com	
eflow-payment-fines.com	
permanenttsbaccount.com	
bellmsg.com	
identifcation-colis-livraison-post-canada.com	
preavisrelivraison.info	
cke-t6177dfe.ddns.net	
mysecrue-intearc.com	
modifiermondossier.info	
fundsecure.ca	
governmentcanada.rb-sl.info	
delaislivraison1.info	
rb1c-r0yal2-sp.online	
anpostcustomparcel-deliveryfees.com	
arc-agence-revenu-du-canada.ca	
cra-canada-revenue-agency.ca	
agence-revenu-canada-remboursement.ca	
cra-agence-revenu-emploi.ca	
lnt3rac-d3p.com	
www.solutions-fido-surcharge.live	
emtca6629.click	
emtauthorizerecovery.info	
resolution-bell.co	
e-billacess.com	
eflow-onlline-service.com	
cra-incentives.info	
authenticationinteracrecipient.ca	
canada-postdeliveryalert.ca	
bank-co.operative-co.uk	
rbc.enligne-1id.com	
rbcroyalbank-loginsecure.com	
rbc.id-securise.com	
zenlt.co	
et-myabregistry-id.ca	
reschedule-parcel.shop	
schedule-delivery.shop	
interacet.com	
virmentinterac.com	
gigadat-betca.online	
order-dep0sit.com	
e-transfer-depositscra.info	
climatection-ca.com	
service-rrq.com	
emtca5512.click	
emt8908.click	
at-anmelden.co	
emt4437.click	
www.groceryinflation-rebates.ca	
interac-etransfer.org	
royalbank-verfxqc.com	
scotiabank-authentication.ca	
etr-ref-accpt.com	
reassessedcacenter.com	
interac-transfer.shop	
mymedi-inbox-outcomes.net	
emtca8544.click	
postoififice-deilvryshcdule.com	
ca-logincentertf.com	
ca-fundingplan.cfd	
en-depositclaims.info	
centrescanadanext.sbs	
679042parcel-canadapost.info	
mdc-au.info	
parcelhub-austrack.com	
ca-caip110.com	
s9-mygov.com	
mysecruecra-intreac.com	
paarcelhub-auspost.com	
mygov-info-claim.xyz	
eapplication.info	
id-livraison-colis-poste-canada.com	
identification-livraison-colis-canada-post.com	
bankaustria-at.com	
www.interac-depositcanada.live	
identification-delivery-package-canada-post.com	
ca-id-canada-post-package.com	
emtca4493.click	
resolution-bell.com	
ca-canada-post-package.com	
deposervosfonds.info	
09m4t3b01p.click	
eflow-payments-online.com	
open24permanenttsblogin.com	
royalbank-canada.com	
eflow-service-account.com	
info-tax.in	
et.interac-e-transfers7.com	
anpostcustomparcel-delivery.com	
emtcad3948.click	
direct-act.com	
bankid.no-sikker.top	
climatectioncad.com	
rbcverification1.com	
review-acnt.shop	
revise-acnt.shop	
canadasclimate-action.com	
dhlparcelredelivery.com	
acesso-ativopt.com	
taxerefundcanada.com	
soutien1livraison.info	
e-transfer-securedeposit.info	
canadaclimate-action.info	
redirigercourrier1.info	
e-trans-fergouv.ca	
accederlivraisonrapide.info	
e-transfer-interac.org	
costco-redemption.com	
anpostparcelduty.com	
postalecanada-tracking.tech	
deposit.e-transfer-interac.org	
free-deposit-july.com	
rbc-onlinebanking-security1.com	
online-royalbankcanada-security1.com	
hydroquebec-retour10001.com	
pay-coniq.xyz	
emtcad4994.click	
adminctccenter-fdc.com	
emails-deposit.autos	
mbsvcportca.com	
delivery-parcel-canadapost.com	
myportalrt-ca.com	
eserverdisbursed.com	
aib-login.com	
tax-revision.com	
my.ing-ib-secure.com	
lnterac-accept.ca	
my.aus-post-secure.com	
rescheduling-canada.co	
billingaccount-rit.com	
your-package.co	
deliverypost.co	
postdelivery.co	
deliverycanada.co	
canada-delivery.co	
package-post.co	
post-package.co	
ca-package.co	
delivery-reschedule.co	
reschedule-delivery.co	
au3-applepay.com	
expresscanadapostfee.com	
p0bi.top	
ca-canada-poste-colis-qc.com	
mygov-inbox.online	
edirect-tx.com	
anpostexport.com	
ca-livraison-canada-poste-colis-qc.com	
canada-poste-colis-livraison-00242id.com	
nexi-it-aggiornamento.com	
revenucanada.ca	
delivery-package-canada-post-id.com	
direct-kt.com	
canpost-delivery679042-intel.com	
delivery-package-canada-post-ca.com	
ajhwrhs-dhl.click	
eflow-online-tolls.com	
soutienrenvoiprioritaire1.info	
emtcad3318.click	
12-scotiabank.com	
parceltracking-anpostdelivery.com	
delivery-parcel-canadapost.ca	
www.interac-deposit.click	
rbc-onlinebanking1.com	
rbc.connexion-app1.com	
direct-hti.com	
myrogerspromo.ca	
cra-ea-deposit.ca	
rbc.connexion1-enligne.com	
interacrebate.com	
rbc.connexion1-application.com	
deliveryschedulecanpost2023.com	
cert-royalchk.com	
nexi-aggiornamento-servizio.com	
mygovservices.org	
resolution-bell.pw	
et.wirlesscarrier.com	
securecibc.com	
cdnportalreturn-ca.com	
mybellpromo.ca	
parcel-delivery-canadapost.com	
grocery-inflation-rebates2023.info	
rbcaccesclient.com	
servicedepotmobile.ca	
virmentdepose.com	
etr-bill-refnd.com	
parcel-delivery-canadapost.ca	
arc-revenu-remboursement.ca	
arc-revenu-emploi-remboursement.ca	
arc-agence-revenu-emploi.ca	
arc-cra-remboursement.ca	
arc-cra-retour-impot.info	
quebecinflation.ca	
quebecimpots-retour.com	
pendingdepositca1.com	
commbankverifyinfo.com	
prime-cancei.info	
hstdeposit.online	
commbank-verify-info.net	
billingsvc-fdcadmin.com	
prime-cancei.live	
hydroquebec-depot10001.com	
ca-emt7334.click	
rbc.connexion1-account.com	
rbc.enligne1-securise.com	
cancei-prime.site	
prime-modifier.site	
rbc.id-1connexion.com	
emt1111.click	
emt8479.click	
apl.wallet-supporthub.com	
d-hl-3xpressdelivery.com	
interac-cra.co	
rbc.connexion-1web.com	
www.et-govrev.ink	
et-govrev.ink	
info-mygov.click	
ettansfer.live	
pendingdepositcan.com	
td-myvalidation.com	
etransfercra.info	
rb1c-r0yal3-sp.online	
mygov.updated-details.online	
updated-details.online	
costco-redemptionprogram.com	
e-statementreturnca.com	
e-ftpreturnlogin.com	
canadapost-missed-delivery48.com	
www.canadapost-missed-delivery48.com	
bendigobank-verify.nl	
interactpayment.info	
www.interactpayment.info	
qc-canada-poste-colis-ca.com	
qc-livraison-canada-poste-colis-ca.com	
www.fido-recharge.click	
e-trqcsolution.com	
mygov-message.online	
nexi-servizio-online.com	
canada-post-delivery-package-ca.com	
aib-online-help.com	
appleid-wallet.appunlock-id.com	
s3cur3-dep0sit.com	
revolutonlinemobi.com	
canada-post-delivery-ca.com	
route-reschedule184.com	
ativopt.com	
royaibank-ca1-ver0.com	
verification-applewallet.com	
canadapost-postecanada.com	
infobox-lumi.xyz	
intrc.e-trqcsolution.com	
ca-emt3388.click	
receptionducourrier1.info	
retenueducourrier1.info	
info-op.com	
interac.etransac.ca	
etransac.ca	
cra-income-tax.ca	
arc-cra-agence-remboursement.ca	
temp-transacts.org	
et.temp-transacts.org	
security-cibc-reset.com	
climatectionca.com	
childsbenefit.online	
lnstagram-tropicallbaitout.com	
canada-postoffice.ca	
mylgoinauthcenter.com	
prime-modification.com	
moncompteprime.com	
e-loginservercenterca.com	
changement-prime.com	
modification-prime.com	
beii.ca	
ca-loan-funding.online	
citizenaid.co	
interactpayments.info	
serviceontario-webtrust.com	
interactpayments.online	
postcad-info.ca	
login-anz4.inetbanking-au.com	
www.interactpayments.online	
revenuagencyca-depot11001.com	
lnt-email-deposit.autos	
verification-aplewallet.com	
canadapostreschedule-onlineservice.com	
royalbank-canada.ca	
e-returnuserpage.com	
clientuserreturn-ca.com	
transferpaymentca.com	
access-support-reinstatement.com	
ca-help.sbs	
direct-at.com	
emails-deposit.site	
my.net-ib-security.com	
revoservices.servebeer.com	
em8901-lnt-deposit.autos	
wwwdhi.com	
interactdeposit.online	
canada-post-package-delivery-ca.com	
canada-post-delivery-id.com	
interac-canada.ca	
canada-post-package-delivery-id.com	
canada-post-package-delivery-id-ca.com	
interac-transferscanada.ca	
myparcelinfo.online	
canadapost-track.website	
canada-post-package-delivery-id0243.com	
truisttocancel8.com	
ca-emt5099.click	
instagram.realeaksuk.com	
e-transferrsecuredepo-verify.info	
gouv-1deposit.com	
rbc.app-enligne1.com	
interacinfo-canada.com	
canada-post-package-delivery-ca0173.com	
aib-online-signin.com	
rb1c-royal-sp.online	
grouperoger.co	
arc-agence.ca	
arc-agence-taxe.ca	
arc-remboursement.ca	
arc-agence-revenu-impot.ca	
arc-revenu-impot-remboursement.ca	
secure-royalbankofcanada.com	
kvkk.myvnc.com	
ca-emt1001.click	
climateactionjuly.ca	
climateaction-benefit.com	
ca-emt9335.click	
e.transferpaymentca.com	
e.pendingreturnsca.com	
e-access-dev987.com	
retour2-lnter1.com	
manage-amazon.co	
amazonaccount.co	
your-amazon.co	
amazonvalidate.co	
amazon-recover.co	
amazoncad.co	
rbc-onlinebanking2.com	
amazonreset.co	
canada-postnotices.ca	
www.ato-gov.info	
cibc-recovery.com	
envoi1enattente.info	
rbc-alert-access.com	
rbc-alert.com	
rbc-myalert-access.com	
mgv-aus.info	
rbc-myalert.com	
mgov-au.info	
westpac-nz-help.com	
www.interac-transfercanada.live	
alert-account-rbc.com	
alert-myaccount-rbc.com	
alert-rbc-account.com	
et-enmax.ca	
alert-rbc-accounts.com	
myalert-account-rbc.com	
myalert-rbc-accounts.com	
interac-depositcanada.online	
alert-rbc-banking.com	
alert-rbc-bankings.com	
alerts-rbc-banking.com	
banking-rbc-alert.com	
banking-rbc-alerts.com	
banking-rbc-myalerts.com	
secureamazon-billing.ca	
dhlexpress-rescheduleform.info	
ze720valo29.ddns.net	
et-govofcanada-benefits.com	
review-mydropbox-medi.net	
pendingreturnsca.com	
canadaworkersbenefit-cwb.info	
re-assessedscenterca.com	
38easyweb-td.com	
my.net-secure-ib.com	
my.aus-post-tracking.com	
ca-emt3919.click	
threemobile-info.com	
expeditionavenir.info	
initierrelivraison1.info	
reacheminerarticleqc.info	
bellprovider.ca	
planifierlarelivraison1.info	
navy-accountservices.com	
ca-emt6755.click	
gerermesenvois1.info	
interec-deposit.com	
poste-delivery.site	
camygctxportal-2023.com	
bellissues.live	
et-servinter-g39st49r.com	
cibcrecover-account.com	
ca-climatection.com	
ca-emt8832.click	
manageparcel.co	
saaq-retour.me	
unicaja-information.click	
securiteaccord-d.com	
et-intact.ca	
canadagov-transfer100011.com	
www.canadapost-tracking.pro	
adjust-delivery-canadapost.com	
ca-emt9909.click	
canaposcanreschedule.com	
bell-digital-msg.com	
seconnecte-1royalbankqc.com	
cibc-onlinecibc.com	
ns1.serveblog.net	
re-poste.site	
uber-global.com	
abonnement--prime.info	
royal-0043.online	
www.interacservice-refund.com	
applepay-services-reactivation.com	
informaciondelcorreo.com	
spotify-premium-payment.com	
usertd.auth-r1cu.org	
costcowholesalerewards.com	
prime--annuiation.live	
prime--annuiation.info	
prime--annuiation.site	
ca-emt3992.click	
verifiede-transferc-r-a-accept-secured.info	
cra-refund-agency.com	
inter-dep-0055-sit.online	
anpostmail.com	
rogers-paymentlogin.ca	
tonservicedepotmobile.ca	
sis-saskatchewan.ca	
returnsritcad.info	
rbcmyverification.com	
canadapost-missedpackage-qc.com	
www.interac-bellrefund.click	
direct-km.com	
rbcroyalomni.com	
canadian-revagency.com	
claim-etransfer1sl.com	
scotiabonline-scotiabank-reset.com	
emtca3997.claims	
annuiation-prime.info	
annuiation-prime.site	
ontarioservice-ca-trustweb.com	
anzverify.online	
emtca3193.claims	
e-refundsserverca.com	
e-billingsupportca.com	
e-refdisbursment.info	
security-scotiaonline-clientreset.com	
amawazon.com	
www.amawazon.com	
monaccesd.com	
www.monaccesd.com	
inflation-groceryrebates.info	
au-apay.com	
refundreturncenter.com	
interacrevrebate.com	
anpost-payment-ie.com	
posrecords.com	
emtca4844.fund	
route-reschedule51.com	
transf-virement-fr.com	
interact-transfert.co	
climatecanada-action.com	
crtcwebportreclaim.info	
e-transferrsecurecras-verify.info	
mobilityfunds.online	
ca-rev-funding.cfd	
royalbank-messages.com	
scotiavonline-scotiabank-reset.com	
service-manage.ca	
canadapostcustomerservice.com	
rbc.compte1-enligne.com	
rbc.enligne-securise1.com	
e-flow-services.com	
rbc.enligne1-web.com	
rbc.web-1connexion.com	
virementinteract.com	
emtca7773.fund	
secure--transfer--c-r-a-acceptance.info	
track-postescanada.info	
safesecurelogin.net	
interac-etf.info	
anpostmailsupport.com	
info-depot.online	
canfamilyaffpack.ink	
rbc.1app-connexion.com	
transfer-service.digital	
rbc.client-app1.com	
verify-amazon.ca	
receiveoffer.live	
id-rbc.com	
gov-interac-can.com	
rbc.compte-1app.com	
interacrevagency.com	
www.manitobaeiabenefits.ca	
manitobaeiabenefits.ca	
direct-mid.com	
recover-cibc-help.ca	
clientreassesslogin-ca.com	
refuint.com	
myloginreturncenter-ca.com	
promo-monrogers.com	
prime-settings.com	
prime-annulation.site	
e-transfer-deposit.net	
ca-rbc.com	
betca-gigadat.online	
cad1nte3rac.art	
secure-easyweb-td.com	
annuler-prime.site	
express-update-canadapost.com	
instagram.newestleaks.com	
declinar-pagamento.online	
ctcadminsvc.info	
canadapost-track.tech	
canada.grocery.program-gc.com	
grocery.program-gc.com	
canada.program-gc.com	
ato-online-services.org	
agence-revenu-canada-service.ca	
arc-impot-service.ca	
arc-remboursement-impot.ca	
direct-depo.com	
cra-grocery.com	
wwwclbc.com	
ato-notification.com	
scotiaonline-reset-clientsecurity.com	
shasee-securiityy-bank.fun	
caip-climateactionincentive.info	
climateactionincentive-caip.info	
prl-gv.live	
rebdetails.prl-gv.live	
bendigoconnect-info.com	
eflow-charges-toll.com	
login-check-mydropbox.net	
interacrevcan.com	
interac-cnada.info	
scotiavonline-scotiabank-resets.com	
rogers-paymentupdate.ca	
info-package.website	
canposte-postecan-2123id.ink	
gov-services-uk.com	
commbank-login.inetbanking-au.com	
scotiaponline-scotiabank-resets.com	
reschedule-route11.com	
emtca4774.fund	
anpostpackagecustomfeedelivery.com	
ajudeagora-novo.online	
enattente1expedition.info	
missed-delivery.ca	
revolut-users.com	
relivraisonrapide1.info	
emt-secured.com	
trustychasebanking.fun	
rbn-atrec-ow1.com	
er-ac.online	
virementclient.com	
modification1livraison.info	
compte1-royalbank.com	
royalbank-auth1.com	
royalbank-compte1.com	
id-apple.appunlock-id.com	
truisttocancel9.com	
freedommobile.returnslink.ca	
returnslink.ca	
nbgverification.online	
deposit-gst.ca	
interaet.com	
connexion-1royalbank.com	
accounts-r-b-c.com	
cad-climatection.com	
support-visitruist.com	
ref-truisthelp.com	
cibc-onlinereseting.com	
help-onlinetruist.com	
vst-truisthelp.com	
onlinehelp-truist.com	
truist-supportvst.com	
onlinetruist-visit.com	
help-truistbnking.com	
emtca2332.fund	
e-clientloginportalca.com	
secr-clientacclogin.com	
canada.secr-clientacclogin.com	
et-intera24c8vs-qc.com	
canadaclimateincentive.ca	
er-pending100.com	
e-transf1-ret0.com	
e-transfer-deposit.ca	
primezon.ink	
www.primezon.ink	
www.canada-post-tracking.ca	
ca-selfeserve.ca	
ca-help.info	
deposit-lnteqcx1.com	
postcanadasms.com	
emtca1185.fund	
wirlesslntera.com	
ctccustomercenterca.com	
mygov-services-verify.org	
chase-token-establishment.com	
interac-vefrxca.com	
dhlcatrust-web.com	
rebate-crainterac.com	
e-userloginportal.com	
scotiaonlinereset-clientcard-security.com	
273284canada-rev-agencye-transfersecure.info	
security--scotia-customer-onlinesupportbanking-help.info	
ing-direct.securelogin-ing.com	
cibc-virtual-help.com	
em-receive-deposit.autos	
s1-applepay-au.com	
wallet.appunlock-id.com	
my.bendi-ib-online.com	
applepayverify.com	
eflow-motorwaycharges.com	
ing-secure1.appwallet-safeguard.com	
cstsvconline.info	
ctc-adminportal.info	
www.interac-servicerefund.com	
deposits-etransfer.com	
update-details18.com	
desjardins-authentification.com	
myhsbc-au.com	
emtca3722.fund	
eflow-motorwaycharge.com	
govrebate-claim.com	
securchase.auth-r1cu.org	
secure-e-transfer-acceptonline-cra.com	
climatctionca.com	
interac-securepay.com	
truisttocancel10.com	
mobile-etransfer.link	
et-interac-ca.info	
alert-royalbank-secure.com	
transf-qc-devirements.com	
alerts-royalbank-secure.com	
alerts-royalbank-secured.com	
anpostshipping.com	
gvc-qc.com	
gouvqc-programme-soutien-epicerie.gvc-qc.com	
govca-grocery-rebate-program.gvc-qc.com	
myalert-royalbank-secured.com	
interac-et-ca.com	
myalerts-royalbank-secured.com	
canada-revenueagency.com	
www.interactransfert.online	
canada-post-del.info	
et-trans.site	
ca-deposit.ltd	
et.interac.ca-deposit.ltd	
servicescra-id01686.com	
royalbank-alert-login.com	
royalbank-alerts-login.com	
royalbank-login-alert.com	
www1clbc.com	
royalbank-login-alerts.com	
royalbank-login-myalert.com	
royalbank-login-myalerts.com	
cibc-support-alert.com	
mydhl.id0345.space	
help-cibc.com	
cibc-onlinepassreset.com	
systemregisterreturnca.com	
colis-livraison-post-canada.com	
canadataxagency.online	
eeinfo-update-ref108.com	
emtca7933.fund	
revenueauthservice.com	
account-rogers.ca	
postnord-track-and-trace.itsaol.com	
authentification-desjardins.com	
reminder.id0345.space	
3three-billing.com	
www-prime-cancelation.info	
climacteinc07-23.ca	
deposit.climacteinc07-23.ca	
returns.climacteinc07-23.ca	
asb-authorise-settings.com	
sco-assistant-help.com	
canada-r-agency.com	
www.bell-interacrefund.pro	
my.com-sec-portal.com	
login-anz.ibanktech-au.com	
bendigoauthorizetoken.com	
mygovau-securelogin.com	
apple-wallet.appid-safe.com	
bendigotoken-activate.com	
my.net-login-secure.com	
gov-canada-agency.com	
my.client-security-portal.com	
eflowpaymentsupport.info	
ctcmobilecenter.icu	
route-rescheduled17.com	
anz-login.digitalbanking-au.com	
era-ac.online	
emtca1001.click	
resolution-mybell.pw	
lnstagram-tropicaibaitout.com	
deposit-interac-transfer.com	
emtca6609.fund	
depositinteractransfer.info	
seconnecter-rbcsecure1.com	
truisttocancel11.com	
secure-e-transfer-acceptcra.info	
et-virementfr.com	
supp0rt-r-bc-00656.online	
assessedclientonlineca.com	
cadpost-reschedule.com	
myportalca-et.info	
transfer-virement.com	
bookingcanada-post.ca	
etinteracaccept.info	
wwwl0gin-clbc.com	
wwwm0bi-clbc.com	
www2clbc.com	
l0gin-clbc.com	
emtca4494.fund	
et-signinportolcad.info	
canada.clientretrivalsignin.info	
arc-service-revenu-emploi.ca	
cra-arc-remboursement-impot.ca	
groc-reb.info	
www.groc-reb.info	
revenuecanada.business	
posteca-view.online	
secureetransferdeposit.com	
et-myicbcautoplan.ca	
jetexpress.me	
clientretrival.com	
clientretrivalsignin.info	
canadarevenue-agency.info	
rogers-verify.ca	
www.saskatchewan-income-support.ca	
scotian-onlines-resets.com	
canadainteract.net	
ato-services-online.org	
rescheduledelivery-cp.com	
www.rebdetails.prl-gv.live	
www.renewsubscriptions.live	
au4-applepay.com	
canadacleintportals.sbs	
my.com-net-secure.com	
id82761.servicescra-id01686.com	
id83771.servicescra-id01686.com	
ca83728.servicescra-id01686.com	
ca9283.servicescra-id01686.com	
ca0293.servicescra-id01686.com	
ca9281.servicescra-id01686.com	
ca0291.servicescra-id01686.com	
ca02938.servicescra-id01686.com	
ca92837.servicescra-id01686.com	
ca92832.servicescra-id01686.com	
royal-banking-casecurity-verifcationonline.com	
bendigobank-securelogin.com	
secure-wireless-ca.com	
www.renew-account.pro	
ib-nab.ibanksecure-au.com	
canada-post-package-delivery-id0173.com	
rejeitar-transferencia.site	
evri-misseditems.co.uk	
canada-post-package-delivery-id01061.com	
correosinfo.publicvm.com	
eflow-motorwayfee.com	
e-transfer-secure.info	
transfer-accept.ca	
emtca1544.fund	
pendinglnterc.com	
ing-direct.netbanksecure-au.com	
authen-td.com	
climatecanada-action.info	
canada-post-package-delivery-id91061.com	
pt-ajudaagorasantan.online	
fidoresetacc.net	
er-got.online	
n0vsco.us	
virement-et-gov.ca	
usersevercentreprtlca.info	
eflow-express-charge.com	
banqueroyal-endirect23.com	
canada-post-package-delivery-id10180.com	
bdcboc.com	
et-onlinetransfers.ca	
dhlmailsupport.com	
bdc-courrier.com	
secure-auths.info	
netflixczh.publicvm.com	
amztelecom.com	
www.amztelecom.com	
etransfer-info.ca	
canada-post-package-delivery-id082-ontario-ca.com	
webreturn.ca	
freedommobile.webreturn.ca	
colis-post-canada.com	
truisttocancel12.com	
grocery-rebate.info	
et-gov-transfvirement.ca	
mobile-royalbank.com	
revoke-royalbank.com	
royalbank-auth.com	
wwwc1bc.com	
royalbank-login.com	
royalbank-mobile.com	
secure-interac.org	
ijebupick.duckdns.org	
banking-royalbank.com	
bankings-royalbank.com	
accept-transfer.ca	
myonlineportalcenterca.info	
revoke-royal-bank.com	
royal-bank-banking.com	
royalbank-banking.com	
royalbank-bankings.com	
bookingscanada-post.ca	
inter-ac-virementqc.com	
rbc-messages.com	
agence-revenu-canada-impot.ca	
arc-revenu-emploi-impot.ca	
netflix-payment.net	
onlinerefcadreturn.info	
ci-resettinghelponline.com	
emtca3312.fund	
scotia-online-support.com	
et-prov-of-alberta.ca	
hydroquebec-remboursement23.com	
alertepc.com	
www.alertepc.com	
alert-royal-bank.com	
alerts-royal-bank.com	
royal-bank-alert.com	
royal-bank-alerts.com	
emtca5530.fund	
accuille-saaq.click	
aus.post-depot.online	
accuille1-saaq.click	
canada-post-parcel.xyz	
my-dashboard.me	
sh-gv.live	
rebnotice.sh-gv.live	
www.rebnotice.sh-gv.live	
www.sh-gv.live	
bancsantsportugal.live	
anpost-paymdue-ie.com	
etransfeqcad-rev-agency.com	
anpost-import-feedue.com	
scotiab-onlines-resetsca.com	
login-ato.safeguard-protect.com	
cibcreset.info	
grocery-cra.com	
direct-lmd.com	
emtca7705.fund	
eflow-express.com	
et.interac.digital	
inter-virementqc-acc.com	
my3billing-help.com	
ca-dhb09283.net	
emtrecoveryinvoice.info	
my3account-help.com	
euauth.link	
dhlexpressedrescheduled.info	
your.my3account-help.com	
postcanada.link	
yourservices.link	
info.my3account-help.com	
canadapost-track-package.ca	
cra-manualinteractransfer.info	
netflixservices.com	
articlearelivrer.info	
et-groc.info	
rejeitar-transferencia.live	
rogers-billing-cycle-ca.digital	
et-interac.digital	
colisreexpress.info	
confirmerrelivraison1.info	
scotiaonlineverify.com	
package-delivery-canada-post-confirmation100182.com	
logln-c1bc.com	
lnteroc.com	
edepositcra-interacsecure.com	
visit.my3account-help.com	
e-transferrsecuredeposit-verify.info	
lnteract-refund632.com	
myonlinedigitalauthca.com	
clientdisbursedhst-ca.info	
secure-e-transfer-c-r-a-notice.com	
et-virementqc-rev.com	
e-xy100.live	
cibc-online-helpreseting.com	
mycaservices.info	
servicesmanagement.info	
hangbad-demo.com	
newola.xyz	
action-canadaclimate.com	
ca-rev-pay.online	
e-transfer1-unclaimed-interac3.ca	
vcp-etrnsweb.info	
www.clbc-account.live	
canada-revenueagencyinfo.com	
accuille3-saaq.click	
www.interac-cwb.live	
apple-reactivate.co.uk	
lnt-notifications.autos	
poste-canada-claim.com	
interactaccpt-cad-rev-agency.com	
canadapost-track-package.info	
emtca9440.com	
secureinteracdeposit.com	
scotiabank-activity.com	
www.netfix-review.pro	
mygov-inbox.myddns.me	
mygov-inbox.3utilities.com	
mygov-message.redirectme.net	
eebill-update.com	
revenues-canada.com	
package-delivery-canada-post-01082.com	
package-delivery-canada-post-01034.com	
delivery-canada-post-bcid9021.com	
aib-devicenew.com	
revenu2quebec.ink	
emtca4020.com	
nvavy.top	
interactions-200.live	
etransfer-accept.net	
et-prov-of-sk.ca	
canadianrevenueagency.com	
et-transfgov-en.com	
onlinereset-onlinescotiab.com	
tax-ca.info	
servicedepotmobilearc.ca	
bellcustomer-service.com	
agence-revenucanada.com	
acuille9-saaq.click	
truisttocancel13.com	
hydroquebec-depot10011.com	
deposit-interec.com	
int.erac.site	
virement-inter-acpt.com	
caposte-server.com	
intervirementqc-acpt.com	
wwwdh1.com	
ontariocreditsprograms.com	
revenuagencyca-transfer11001.com	
direct-kl.com	
cancel-prime.info	
assurance-automobile.click	
fidoservice.com	
onlinec0nfirm-dep.online	
rescheduleparcels.com	
arc-remboursement-taxe.ca	
arc-cra-remboursement-taxe.ca	
etrnsfr-govofcad-recvd.com	
shelburnefc.com	
econazon.com	
www.econazon.com	
posterclearance.com	
www.posterclearance.com	
scotiasverification.com	
ing-login.netbanksecure-au.com	
ca-onlinesecreturn.com	
intrct-transfr.com	
cards-aus.info	
scotiab-online-reset-sc.com	
eflow-expresscharges.com	
anpost-fee-import-ie.com	
anpost-ie-paymentfee.com	
ca-gov-grocery-rebate.com	
en-annualrewardsclub.com	
cliqueagora.online	
wholesalereward.com	
94.140.115.88	
0ntario-ca.us	
ato-tax-verification.org	
capost-ordersupport.com	
ca-service.ca	
banque-royal-compte.com	
internotice-0st593hl-qc.com	
canada-posttracking.ca	
eflowexpress-fees.com	
banque-royal-auth.com	
emtca10001.com	
banque-royal-web.com	
postredeliver.ca	
etfdeposit.ca	
nexi-aggiomento-2023.com	
atbfinancial.online	
boas-online.com	
royal-banque-login.com	
et-accptvirmtqc.com	
dhlmaildelivery.com	
banque-royal1compte.com	
rbcappweb1.com	
canada-post.club	
deliveryca.info	
misseddelivery.info	
my-package.info	
mycaparcel.info	
mypostservices.info	
parcelmanagement.info	
postca.life	
postservices.info	
track-canada-post.info	
compte-banque1royal.com	
updelivery.online	
www.updelivery.online	
royal-banque1securise.com	
reveebecinteract.ink	
rbc-security-notice.info	
your-package.info	
canadarevagency-depot10012.com	
cancel-abonnement.info	
action-climatecanada.info	
royal1banque-web.com	
canada-postrebook.ca	
supportexpeditionquebec1.info	
expeditionsupportcan.top	
clientrefrequestca.info	
usersignedinretrun-ca.com	
parceldirect-cad.com	
intrc-etrsfr.com	
retransf-rev-qc.ca	
posteqc-aidecentral.com	
revtransfinstant.ink	
mon-saaqclic.ink	
scotiabank-validation.com	
revetransfinstant.ink	
interacbell.ca	
interactranfercra.info	
arc-revenu-taxe-remboursement.ca	
e-transac.com	
arc-cra-revenu-taxe-remboursement.ca	
revtransfertfinstant.ink	
interac-onlinecanada.info	
au-post-submit.com	
interactacwb-cad-ref.ca	
canadarevenuagency.com	
bell-customer-service.com	
abonnement--prime.online	
vtransfertfinstant.ink	
transfer-deposits.com	
anpost-import-fee-payment.com	
redirect-portal.com	
dereg-newdevice.online	
canadapostdeliveryservice.com	
transfertfinstant.ink	
gov-aus-claim.com	
express-can.click	
grocerypay.ca	
deposit.grocerypay.ca	
rebate.grocerypay.ca	
ef-ansfe.xyz	
central-aide9.ink	
inflationgrocery-rebates.info	
caissepopdentraide.com	
www.caissepopdentraide.com	
amzn-review.com	
id0471.link	
updt491.link	
confrm942.link	
myparcel-dhl.info	
lnterawirlesset.com	
security-anz-verify.website	
netcomm-supportdesk.com	
transfertefinstant.ink	
bawag-sicher.com	
netnotice-helpdesk.com	
anpost-importpayment-ie.com	
delivery-britishcolumbia-canada-post0249.com	
delivery-britishcolumbia-canada-postbc002-249.com	
transferfinstant.ink	
delivery-britishcolumbia-canada-post-002-249001.com	
canada-post-package-delivery-012341.com	
aup-network.com	
emtca9339.com	
transfreminder.ink	
canada-post-package-delivery-012841.com	
eflowexpress-online.com	
1ranferinteraen.ink	
crareturn.com	
crareturn.info	
annualcashback-ca.info	
package-delivery-canada-post-ontario-0361.com	
rev-transfviremnt-4fn.ca	
accptvirmt-refqc.com	
saaqclicgvqc.com	
retransfer-instant.ink	
eflow-paymentsonline.com	
rbc.via-support.online	
package-delivery-canada-post-ontario-0161.com	
et-interacrogers.digital	
saqcregs.com	
saaq-recept.com	
clicsaaqgv.com	
direct-ps.com	
anpostmailduty.com	
arc-revenu-taxe.ca	
arc-taxes-remboursement.ca	
gatereturn.ca	
freedommobile.gatereturn.ca	
dossierrelivraison1.info	
www.ntflx.ca	
pt-sant.help	
interact-bell.website	
procedurerelivraison1.info	
etapereexpedition.info	
program-gc-ca.com	
canada.grocery.program-gc-ca.com	
grocery.support.program-gc-ca.com	
grocery.program-gc-ca.com	
retransfer-1instant.ink	
anpost-import-payment-fee.com	
rbcauthentication.com	
transfert-deposit.net	
retransfer-1nstant.ink	
web-interac.com	
rev-transfv4-can.com	
emtca1552.fund	
augustclimateaction.info	
quebecrev-instant.ink	
bofa-accountmanagement.com	
grocery-return.online	
customreschedule.com	
messages-rbc.com	
bellmobile.info	
spotify-billingtrack.website	
quebecrev-1nstant.ink	
fast-deliverry.com	
s3cured-c1bc.com	
schedule-deliverry.com	
banque-royal1app.com	
banque-royal1web.com	
quebecrev-2nstant.ink	
banque1login-royal.com	
login1-banqueroyal.com	
redeliver-postage.com	
quebecrev-3nstant.ink	
emtca5559.fund	
tracking-update.info	
royal-loginbank1.com	
royal-web1bank.com	
royal1login-bank.com	
royalbank-1secure.com	
quebecrev-4nstant.ink	
rbc-onlinesupport.info	
my-commupdate-au.com	
kiwi.secure-nz.co	
au5-applepay.com	
net-reverify-portal.com	
loginsecure-mygovau.com	
mygov-application-au.com	
bnz-device-alert.line.pm	
quebecrv-instant.ink	
mygov.new-inbox.online	
scotiaconline-resetssc.com	
canadapost-delivery-ca03130.com	
ato.new-inbox.online	
canadapost-delivery-03630.com	
emtca1186.fund	
eflowpayonline.com	
canadapost-delivery-ca031230.com	
port2loginuserrtfca.info	
retransf-accpt-et.com	
govgrocery-ca-rebatebenefits.com	
eflowexpress-support.com	
canadapost-delivery-ca0131.com	
direct-tf.com	
climateaction-canada.com	
infovirement.com	
canadapostes-postescanada.com	
direct-kz.com	
32easyweb-td.com	
17-scotiabank.com	
coreoss-es.com	
correoss-es.info	
et-interac3378.ca	
scotiabank-reset-policyvca.com	
scotiab-resetclient-help.info	
revenueagency-deposit10018.com	
mygov-inbox.redirectme.net	
oniinec0nfirm-dep.online	
climateactaugust.info	
eflow-iesystem-update.com	
amazon-securityalerts.com	
eflow-expressfees.com	
alert-royal-bank-account.com	
int.erac.tech	
info-reb.com	
royal-bank-secured-login.com	
royalbank-acc-alert.com	
wellsfargo-support.com	
royalbank-act-alert.com	
royalbank-alert-acc.com	
royalbank-myacc-alert.com	
revqc-transf-vmq.ca	
interac.et-deposit.info.ca	
lnteract-refund716.com	
canadarev680secure.com	
et-interacdeposit.info	
interac-et-deposit-info.ca	
royalbank-login-secured.com	
royal-bank-secure-login.com	
royal-bank-secured-acct.com	
online-ato-returns.info	
et-lnterac-ca.info	
royal-bank-secured-connection.com	
commbank.netbanksecure-au.com	
et-interac5992.ca	
inter-stream09.com	
groceryinflation-rebates2023.info	
chase-customer-service.com	
bellcustomerservice.info	
royalbcanadasecure-verify.com	
track-canada-post.infl	
royalbank-login-secure.com	
myrogers-login.com	
royal-bank-login-secure.com	
cibconline-cibc-reset.com	
cibconline-cihelp.com	
cibconline-cireset.com	
secure-cibconline-cibc-com.interacrebate.com	
es-ssl-login.info	
rogmobilesvccenter.com	
netcustomer-care.com	
rog-reclaimsvc.com	
etrans-dep023-inter.online	
prime-memberships-renewals.com	
canadapost-trackpacking.tech	
chaseonlinecheck.info	
rebate-nzd.com	
nz-gvt.com	
agence-revenu-canada-taxe-remboursement.ca	
canadapostale.com	
arc-revenu-taxes-remboursement.ca	
royal-bank-pin-alert.com	
royalbank-alert-pin.com	
rebate.newcdngrocery.ca	
deposit.newcdngrocery.ca	
newcdngrocery.ca	
depo-viewca.online	
port1loginuseracess.info	
www-rbcsign.xyz	
netclient-saver.com	
secure-bell-auth.info	
postecan-canpost.confrm942.link	
pendingdeposittelcan.com	
secr-e1acessdisportlca.info	
royalbank-casecureindex.com	
royal-banking-casecurity-verifcationonline.info	
rescheduleappointment.com	
my.comm-client-secure.com	
tax-medi-govreport.net	
my.comm-online-security.com	
info-customsdelivery.com	
info-customsfee.com	
info-deliverycustoms.com	
info-importfee.com	
info-parceldelivery.com	
rbc-securitynotice-alert.info	
delivery-change.com	
govcdngrocery.ca	
rebate.govcdngrocery.ca	
eflowtoll-feepayment.com	
aupostal-service.com	
irl-ssl.info	
eflow-expressfee.com	
canadaclimate-benefit.com	
gov-gc-family-benefits.ca-gc.com	
gc-qc-services-prestations.ca-gc.com	
ca-gc.com	
returninterac-cadgov.com	
anpost-iepayment-now.com	
interactcra.online	
et-interacdeposit-ca.info	
eflow-expresspayments.com	
et-interac2332.ca	
blzum-es.com	
interac-manualtranfer.info	
spotify-alert-0384.com	
etrans-dep024-inter.online	
canada-workerbenefits-cra.info	
eflow-express-charges.com	
spotify-alert-ca03019.com	
spotifyconfirm.info	
blzum.es	
canada-post-delivery-id032522.com	
renvoienattente1.info	
interac-securedeposit.com	
pv-gc.com	
rbcbankverification.com	
anmeldung-online-hilfe.com	
in-trs-00n-copl.com	
rbcc-ant-00.com	
quebecrev-1nstan1.ink	
interac-trans.info	
nzpost.redirectme.net	
rogerscustomerservice.info	
direct-mv.com	
quebec1-instant.ink	
secure.cibconline.info	
quebec2-instant.ink	
gov1fedrebate.com	
www-my-rbcsign.xyz	
instandeposit.ink	
td-reward.ca	
climateactionincentive-payment.info	
payment-climateactionincentive.info	
interactclaim.live	
depotmobilearc.ca	
rbc-onlinebanking3.com	
augustcaipcan.com	
alertes-desjardins.com	
tier203674fy.info	
www.online.cibconline.info	
xpressboiteaulettre.com	
promiseca.com	
royalbnc-secureverify.com	
1nt3rac-dep0sit.com	
erac-in.com	
arcgovfile-interact10018.com	
arc-remboursement-taxes.ca	
arc-revenu-remboursement-taxe.ca	
arc-revenu-emploi-taxe.ca	
arc-cra-taxes-remboursement.ca	
xpressboiteauxlettres.online	
deposit.govcdngrocery.ca	
deposits.govcdngrocery.ca	
rebates.govcdngrocery.ca	
et.interac.ca64377-rogers.com	
ca64377-rogers.com	
groceriesrebate.ca	
deposit.groceriesrebate.ca	
deposits.groceriesrebate.ca	
rebate.groceriesrebate.ca	
rebates.deposit.groceriesrebate.ca	
lnter08911.com	
cahelp.info	
id-applepay.safeguard-protect.com	
aide-anti-inflation.com	
rebates.groceriesrebate.ca	
climateactionaugust.ca	
e-transfer-interactck2h34g.com	
my-commbank.netbanksecurity-au.com	
en-depositclaims.site	
secure-reinstate-portal.com	
e-verifyportalca.info	
postcanadaonlineservice.com	
menage-prime.info	
my.income-clients-return.com	
deposit-refund.com	
royalbank-casecureverif.com	
login-commbank.netbanksecurity-au.com	
rbcmobile.info	
pendingdepositfidocan.com	
scotiabank-reset-policyv-cad.com	
eflow-fee-payment.com	
apple-wallet.safeguard-protect.com	
erstesparkasse-aktualisieren.xyz	
ca-climateaction.com	
costco-redemptionprg.com	
eflow-expressonline.com	
nzp-missedpackage.online	
e-transferdeposit.ca	
royal-bankingca-security-verifcationonline.info	
ca5fmkwlogin.info	
loginsuccessfulcarit.info	
www-cad-post-ref-order.com	
anpost-payment-importation-fee.com	
ing-helpdesk.myvnc.com	
authytelusweb.com	
revenue-deposit-now.com	
refund-cra.com	
cstclient-mobilesvchome.info	
revnuquebecinstant.ink	
eflow-tollfee.com	
sco-secure-onlineresets.com	
qcsaaqclic.com	
jpm-chase-support.com	
cst-clientreturns.cc	
rbc-1login.com	
westpac-3ds.online	
alert-rbc-secured.com	
accept-etransferresverify-deposit.info	
rbc-accountlogin.com	
revenue-canada.org	
rbc-accountweb.com	
revnu1quebecinstant.ink	
anpostparcelireland.com	
inst8345crf4y.info	
bmo.client-portail1qc.com	
cragovvy-helpdeposit.com	
qcsaaxqre.com	
post-canadabookings.ca	
agencerevenu.ca	
mobile-rbc-alert.com	
cards-cba.info	
bnc.qc-portailclients.com	
3nteracrevenu.ink	
saaqclicqc.com	
cibcmobile.info	
rogloyalrwrd1.top	
truist-helpnow.com	
vsthelp-trust.com	
supporthelp-trust.com	
supporthelp-truist.com	
onlinehelp-trust.com	
vstsupport-trust.com	
truist-onlinevst.com	
gov1-groceryrebate.com	
vsthelp-truist.com	
climateactinc.info	
deposit.climateactinc.info	
interac.climateactinc.info	
fidocanada.info	
et-gov-of-ontario.ca	
notification-email.online	
bell-overpayment.info	
supportepageclientca.com	
clicsaaqc.com	
et-interac4522.ca	
accept-account.info	
et-transferonline.com	
rbc-security-banking.info	
housingsupport.info	
spotify-payment2023.com	
stopinflationinfo.com	
etransfr-receive-govofcad.com	
etrans-dep025-inter.online	
wallet-auth.viewdns.net	
ectdisbrsedlog1n-ca.info	
virm-boiteauxlettres.online	
auspost-courier.myvnc.com	
rebates.climateactinc.info	
canada-royal-bankingcustomer-security-verifcationonline.info	
nab-online.netbanksecurity-au.com	
securityapprbc.online	
bmo.qc1-portailclients.com	
anpost-payment-import.com	
belrefprog2023.info	
postescanadacolisqc.com	
secure09s-novasc0tia.us	
directly-secure.com	
bmo.digital1app-ca.com	
et-interac1177.ca	
et-interacfido.digital	
promo-myrogers.com	
climateaction0823.info	
deposit.climateaction0823.info	
rebate.climateaction0823.info	
viremnt-transf-qc.ca	
meine-bilanz.com	
workerbenefits-1001cra.com	
rebdetails.gv-sl.live	
gv-sl.live	
www.rebdetails.gv-sl.live	
interac-transfercra.com	
bnc.portailwebqc-app.com	
canadawildfire-benefits.com	
intbeiimobility.com	
erac-int.com	
bnc.clientqc-app.com	
internstant1.ink	
spotify-trackbill.online	
craworkerbenefits-trustcaweb.com	
accept-etransferrsecured-deposit.info	
eract-in.online	
internstant2.ink	
canada-revenue-agency.info	
capostage694882.com	
canada-royal-bankingcustomer-security-verification.info	
canadapost-reschedule04.com	
rebate.climateaction0823.info/?depositcode=40332	
deposit.climateaction0823.info/?depositcode=40331	
bancairevirqc-et.com	
capostresch.ca	
eract-in.com	
et-interac5993.ca	
sqcaags.com	
sqcaagv.com	
internstant3.ink	
internstant4.ink	
appapodtigaljambwaecnecouni.pro	
cra-0tnb.online	
internstant5.ink	
qcgvsaaq.com	
rbclogin.info	
et-canadabenefits.info	
internstant6.ink	
myaccountacessrt.info	
etrans-dep026-inter.online	
internstant7.ink	
revnuquebc1.ink	
revnuquebc2.ink	
net-assistant.live	
revnuquebc3.ink	
account-services.org	
e-interac.serveuser.com	
revnuquebc4.ink	
assistdesk-bell.com	
transfersint1.ink	
et-interac44881.ca	
et-ca5534.com	
transfersint.ink	
canada-tax-entitlement-etransf.com	
transfersinter.ink	
secure-authenti.info	
transfersintera.ink	
e-interac.net	
transfersintera1.ink	
govservices-inbox.net	
909myvlks2bnklgin.ddns.net	
rebateca-govform.com	
banquescotia-reset-privacyvcad.com	
assistdashboard.online	
mygov-australia.org	
anz-login.mobilebanking-au.com	
spotify-verifybill.online	
update-netf-infobilling.online	
et-ca4883.com	
canadaclimate-action.link	
bmo.1qc-appweb.com	
rebnotice.gv-acc.live	
gv-acc.live	
www.rebnotice.gv-acc.live	
bmo.importantnotice-ca.com	
mybell-billing.ca	
royalbc.info	
bmo.alerteimportante-ca.com	
acc-device.com	
cra-etrasnfer.top	
update-spotify-infobill.online	
canadapostale.ru	
retransf-quebec-virements.ca	
westpac.3ds.online	
anpost-importation-fee.com	
cra-deposits.com	
interac-hydroquebec.com	
navy-activityhelpsec.com	
interactions-800.info	
retour-saaq.me	
inter-virmtslqc-ca.com	
qcetransfr.com	
intrcetransf.com	
interacetransfer.org	
gov13-groceryrebate.com	
canadapost-postes.info.	
cra-agency-tax-refunds.ca	
bmo.client-1qcapp.com	
bmo.digital-app1auth.com	
bmo.login-qcapp.com	
costco-membershiprewards.com	
rogerscanada.info	
canadap0stal.site	
transfersint-instant.ink	
et-cadgov-grocery-rebate.com	
govtransfint.ink	
govtransfsint.ink	
q78we42.online	
lnterac.q78we42.online	
bnsreset-policyvcad.com	
canada-pickup.online	
govtransfsint1.ink	
www.interac-cradeposit.online	
my.dhl-pay.site	
reschedule.dhl-pay.site	
dhl-pay.site	
92.87.6.121	
etrans-dep0-inter.online	
canada-post-login.info	
e-transferdeposit.info	
climateincentive.ca	
auspost.re-delivery.online	
grocery-rebates.com	
aug14-invoice.com	
netfli05x.online	
my.client-return-page.com	
secruecra-intreac1.com	
inbox-govservices-reports.net	
anpostmailfee.com	
my.user-return-portal.com	
434scurevrgerlo9.ddns.net	
lnt-cadeposit.ca	
support-services2023.com	
intrc-rev-athen.info	
ing-assist.sytes.net	
op-ui-fi.com	
op-uv-fi.com	
germany-autumnleavess.xyz	
op-fi-vi.com	
netlifyix.com	
netfliiix.com	
bmo.login-qc1app.com	
bmo.login-qconline.com	
caipaugust.com	
op-fi-iv.com	
nz-post.line.pm	
securedbnz.com	
canada-post-alerts.com	
canadaclimate-benefit.info	
iv-op-fi.com	
eflowpaymentservice.com	
tondepotmobilecanada.ca	
gigadat-cashout.online	
bmo.gerer-mescomptes.com	
canada-postmobile.ca	
suncount.duckdns.org	
emtassistanceinvoice.info	
jpmorgan-chase-support.com	
op-uc-fi.com	
e-transferdeposit.com	
www.aug14-invoice.com	
fido-canada.info	
ctc-svcreturns.info	
op-cu-fi.com	
int3rac-transfer.online	
interac-crabenefits.info	
annuler-prime.info	
et-lnterac-online.ca	
op-ei-fi.com	
anpost-parcel-fee-due.com	
et-transfrca-en.com	
ctc-clientportalre.online	
qc-revenu-transf.ca	
truisttocancel14.com	
cost02-online.org	
accept-etransfer.ca	
communication-pc.com	
www.communication-pc.com	
uber-customer-service.com	
bnsverifypolicyvca.com	
l0g1ncibc.com	
espacespopulaire.com	
www.espacespopulaire.com	
usercadportal-e.info	
ca-mobileaccount.com	
onlinesessionclientca.com	
www.azonlabs.org	
azonlabs.org	
taxrefund-canada.com	
icloud-accounts.com	
bmo-client.ca	
telus-lastpayment1.com	
emt-9940.click	
authentification-rbc.com	
manage-mybell.ca	
et-prov-of-ab.ca	
bmo-login1app.com	
bmo-mobile1web.com	
cost05-online.org	
interacfunds.org	
emt-2290.click	
bmo-web1app.com	
desj-acces.online	
cragovtransfr.com	
canadapost-notif.ca	
desj-accesd.online	
govtransfsint6.ink	
pickup-data.online	
securelogin-govau.com	
web-desj-accesd.online	
intercall-c0nf-098.online	
dhl.pickup-data.online	
govtransfsint7.ink	
secure-authentification.com	
auth-anz.ddns.net	
my.portal-user-secure.com	
govtransfsnt.ink	
my.returns-portal-service.com	
bellrebate.ca	
mygov-client-portal.com	
run-server.com	
mysecure-intenacetnarsfer.com	
govtransint.ink	
anpostparcelcourier.com	
interactransfer-cradeposit.com	
apple-id.mywallet-care.com	
anpost-import-fee-due.com	
anpost-importie-fee.com	
cashout-gigadat.online	
interacsecure-depositcra.com	
eflowpaymentssolutions.com	
canadaclimate-return.info	
bmo.messagemescomptes.com	
amazon-verification.misecure.com	
bmo.securiter-qcapp.com	
bmo.compte-securiterca.com	
bmo.qc-1securiter.com	
ing-direct.mynetbank-au.com	
rbsupport-portal.com	
netflixaccount04.com	
remboursement-assurance.com	
accept-etransferedsecured-deposit.info	
schedule-date.ca	
help.billingconfirmationcad.info	
list.clients-notice.info	
annuierprime.live	
annuierprime.info	
cpv-emtweb.info	
m0bi-c1bc.com	
climateactioninc0823.info	
billingconfirmationcad.info	
rebates.climateactioninc0823.info	
deposit.climateactioninc0823.info	
revenuqc-gouv1.com	
ca1001-benefitsgovworker.com	
authentication-rbc.com	
1001govworkerbenefits-cra.com	
arc-cra-remboursement-de-taxes.ca	
arc-cra-remboursement-taxes.ca	
govinstransint.ink	
truisttocancel15.com	
www.nb-familysupport.ca	
clients-notice.info	
bookingpost-canada.ca	
www.interac.ca	
card-cba.info	
www.scotiaccount.com	
govinstrans-int.ink	
www.card-cba.info	
emt-3312.click	
canada-royal-bankingcustomer-security-notice.info	
lnteract-refund713.com	
lnt-emt.com	
cascr-gvrtrn.info	
cn-rtrnsecure.info	
crvn-rtnsec.info	
gov-cascrtrn.info	
gvsec-rtrnca.info	
rtrncan-sec.info	
gr-identity.live	
prime-annuler.info	
emt1cad-rev-agency.ca	
govinstransinit.ink	
canadaclimateincentive-rebate.info	
canadaclimateincentive-pay.info	
bmo.1alerte-important.com	
govinterstrans.ink	
jpmorgan-chase-services.com	
postescanadahoraire1.com	
170.130.55.220	
amazon-auth.xyz	
govintertstrans.ink	
eclient22support.info	
govsaskaintera1.ink	
reexpedition1avenir.info	
remindergov.ink	
loginassessreturn.info	
et-virmtrevqc-fr.com	
remindergouv.ink	
remindergouv1.ink	
formulaire1relivraison.info	
britishcolumbiareminder.ink	
canadaincentive.ca	
review-acnt.com	
bellinteracmobility.com	
track-729478nzp.online	
403auspostmssge01.ddns.net	
acc-lgnsevercenter.info	
c3yu9ylgnsystm.info	
my.income-returns-services.com	
smartenergie.online	
emt-reminder.ink	
365-system-updates.com	
loginsecure-mygov.com	
aideboucliercanada.com	
bureau-noticesau.com	
secureliensteli.ink	
secureliensinteli.ink	
secureliensinteliqc.ink	
ert-lnterac.link	
secureliensquebec.ink	
digitalrbsupport.com	
secureliensquebecintera3.ink	
interac-et-deposit-info.com	
secureliensqc.ink	
meradiome.gb.net	
wanapanlh.gb.net	
eflow-payments-toll.com	
govtransintqc.ink	
revenu-et039-quebec.ca	
rbcroyalbank-secure.com	
transf-devirement.info	
transfer-acceptation.com	
rebdetails.gvc-it.live	
gvc-it.live	
www.rebdetails.gvc-it.live	
et-onlinetransfer.ca	
r-b-c-secureonlinereset.com	
govtransfquebc1.ink	
erac-deposit.com	
royalbank.alertca-id.com	
apple.pt.line.pm	
oubliezpasvotredepot.ink	
securedepositrefund.com	
urlis.net/dhi.re-deiivery	
oubliezpasdepot.ink	
bmo.notice-1app.com	
assurance-remboursement.com	
giga-intercad.online	
et-revqcvrmt-ca.com	
anpostdeliverycourier.com	
oubliezpasdeposit.ink	
myrogers-promo.com	
emt-449335.click	
emt-44933.click	
imperialfidelity.com	
dhlexpress-postesreschedule.info	
secure-e-flow.com	
bmo-activity-decline.com	
emtsecurefast.ink	
cra-benefit.com	
etrac-in.online	
frintetrans.com	
rbcbank-secure.com	
securite-rbcbanqueroyale.com	
interactransf-en.com	
validation-desjardins.com	
icppaymentqc.ink	
int3rac-transfer.info	
secure-rbc.info	
bmo.online-secure1.com	
royalbankmessages.com	
schedule-adjust-canpost.com	
iccppaymentqc.ink	
loggingintoaccount-myg-portal.info	
bmo-login1web.com	
canada-poste-livraison-colis-09417.com	
www-ci-bcsign.xyz	
nz-txx-offcee.online	
login-2clients.com	
secure-rbcmobile.com	
canadapost-delivery-reshedules.com	
auspostwebsite.online	
notifications-email.online	
bmo.alert1web-ca.com	
got-in.xyz	
recharge-spark.work.gd	
saaq-quebec.ca	
webinteractransfer.com	
emt-60443.click	
emt-604431.click	
lnteracemailtrans.site	
recharge-spark.com	
acc-userdisbsupport.info	
loginwells-fargo.us	
royalcanada-securebanking-verifcationonline.info	
billing-mybell.ca	
acc-clientlgncenter.info	
secure-ingmobile.app	
canada-royalcustomerbanking-online-secure-verfiy.info	
canada-royalbanking-online-secure-verfiy.info	
canadapost-tracking.ca	
servicecanada-interac1retour.info	
live-portal-reinstatement.com	
adiwana.gb.net	
anpost-parcel-payment-fee.com	
eflowtag.com	
anpost-fee-due-payment.com	
asb-helpdesk-dashboard.com	
royalbank.id-alertca.com	
canadasecure-00trs.com	
et-revqctransfca.com	
bmo.qccentre-app.com	
emt-773221.click	
emt-77322.click	
appel.pt.line.pm	
bmo.1auth-onlineca.com	
pt.appel.line.pm	
scotiaccount.com	
et-got.com	
et.interac.cm	
aibmobilesecurealert.net	
gvt-sl.live	
groceryreb.gvt-sl.live	
www.groceryreb.gvt-sl.live	
rbcconnexion-compte-enligne.com	
get-fundsnow.com	
unlockverifypolicy-bns.com	
gst-groceryrebate.com	
www3dhl.com	
www2dhl.com	
www1dhl.com	
myrbc.alerts-access2.com	
canada-poste-livraison-colis-fr-qc.com	
acc-lgnsystm.info	
anpost-parcel-import.com	
worker10001benefitscanada.com	
canadapost-rescheduleparcel.com	
intercall-c0nf-030.online	
post-canada-redelivery.com	
canada-rev-agen.info	
interacs-canadabenefits.info	
www.e-transferdeposit.ca	
navyfederal-support.com	
exesspay.info	
quicklypay.info	
cts-networkonline.live	
cts-supporthostadmin.info	
primeaccountca-resolve.com	
revenue-quebec-retour.info	
quebec-tvq-retour.info	
trutsttocancel.com	
bell-resolution.me	
interac-incentive.com	
e4fj59disb.info	
mondossiersecurite.com	
resolution-bell.ca	
arc-taxes-remboursements.ca	
agence-revenu-canada-remboursement-taxe.ca	
mybell-remit.net	
canada-poste-livraison-colis-fr-qc0982.com	
direct-oi.com	
interac-web.com	
service-canada1.com	
myrbc.alerts-app2.com	
403dhpackage48.ddns.net	
bmo.action-appqc.com	
transmit-mybell.at	
19-scotiabank.com	
cts-govcaipclaim.live	
consumerzk9fs-page.com	
ordjacobssgninca.info	
lordjacobssgninca.info	
verifybendigomobile.com	
ret.climateactinc0823.website	
deposit.climateactinc0823.website	
rebate.climateactinc0823.website	
climateactinc0823.website	
cra-groceryrebates13.info	
postcanada-tracking.fun	
ebank-bendigo.com	
livesupport-reinstatment-portal.com	
my.income-calculations-fix.com	
khadij.duckdns.org	
op-cv-fi.com	
my.client-correct-income.com	
op-mn-fi.com	
op-am-fi.com	
eflow-tolls-service.com	
op-ne-fi.com	
mygov-loginpage.online	
cup-payment011	
op-uo-fi.com	
newclimateaction.ca	
newclimateaction.info	
deposit.newclimateaction.info	
portal.newclimateaction.info	
rebate.newclimateaction.info	
rebates.newclimateaction.info	
deposit.newclimateaction.ca	
portal.newclimateaction.ca	
rebate.newclimateaction.ca	
canada-royalcustomerbanking-online-security-verfiy.info	
tls-supportcntradmin.live	
cpp-payment011.com	
canadaclimate-return.com	
rbc-webapp.com	
scheduledate.ca	
et-interactaxerebates.com	
bmo.access2-enligne.com	
cra-govrebates.info	
cra-groceryrebates.info	
govgroceryrebates.info	
cawbret23.com	
canada-revenues.com	
canadapost-parcelalerts.info	
dhl-rescheduleparcel.com	
fr-canada-poste-livraison-colis-qc.com	
et-vrmtqc-revfr.com	
cibc-onlineverification.com	
notifications-email-deposit.online	
royal-banking-customer-security-notice.info	
504clientamazo23.dns.army	
servicecanada-deposit100011.com	
bellsecure.ca	
royalbank-online.ca	
accept-etransferrsdeposit-secured.info	
anpostdeliveryparcel.com	
ajhwrhs-canadapost.online	
amzon-cnd.line.pm	
canadapostale.su	
reshedules-delivery-canadapost.com	
authbnz.com	
caipgovrebates.com	
caipgovhome.com	
inbox-govcentre-medi.net	
303amazcliearea23.dns.navy	
posteca-viewhere.online	
online0-loginrit.info	
verificationlscotiaonline.com	
canada-rbconline-bankingsecurity-verify.info	
asb-live-dashboard-helpdesk.com	
canada-royal-banking-customer-security-notice.info	
wide-security.com	
no-aut.com	
nz-post-on.line.pm	
augclimateactionpay.com	
fr-canada-poste-livraison-colis.com	
reg-gq.com	
rbc.myalert-login.com	
canada-royalcustomer-banking-online-security-verfiy.info	
00support1033easy-weblinesupport.com	
eflow-pay-fee.com	
rbc.myalerts-login.com	
emt-39909.click	
bendigobanksercurelogin.com	
netbanco-particulares-seguro-alertas.com	
provpay.info	
dispatchpay.info	
miopay.info	
nobank-id.com	
sec-gvcartrn.info	
scr-rfncgv.info	
rfn-gvscr.info	
gv-otgrtrnscr.info	
gv-cnscrfn.info	
crtr-cgovsec.info	
csagv-rnsec.info	
etransfer-interac-deposit.ca	
ref-issupay.com	
taximport-services.com	
canada-climatereturn.com	
canada-postsignature.ca	
rbcaccesinfo.com	
anpost-fee-parcel-payment.com	
planification1relivraison.info	
finalisation1colis.info	
interac-housingcan.ca	
dernieretentative1.info	
rongqinrefund-interac10011.com	
delivery-canadapost-reschedule.com	
cos3co-ret.com	
seguro-portal-pt.com	
emt-31188.click	
rev-qc.com	
acdconnexion.com	
csbtrans2023.com	
accesd-verif-info.online	
web-acces-desjardins.online	
web-accesd-desjardins.online	
secure-royal-b.com	
myexpresspost.com	
postcanada799-tracking.online	
accesd-issue.online	
postcanada702-tracking.online	
int-emaildepoist.autos	
canadapost-trackingz.tech	
transfrevfrqc-et.com	
revmyacc.com	
revmydet.com	
etransfr-from-govofcad0.com	
rbc.myalerts2-id.com	
nzasbprevention.com	
asb.helpdesk-dashboard-live.com	
govaulogin-secure.com	
alertbnz.com	
atoinbox-mails.net	
inte-rac.com	
secured-royalbc.info	
appiepay-auth.sytes.net	
importdutypay.com	
pay-importduty.com	
pay-customsduty.com	
ie-pay.com	
ie-pay.net	
anpostmaildeliveries.com	
my.calculation-return.com	
et-crareversw-intrc.com	
deposit-etransferinterac.com	
express-canpost-delivery.ca	
qc.gouv.solutionintrc.com	
solutionintrc.com	
rogers.access-mybill.com	
canada-royal-banking-customer-security.info	
gc-qc-services-prestations.pv-gc.com	
gov-gc-family-benefits.pv-gc.com	
direct-hs.com	
autodeposits.email	
interactcra.ca	
anpost-payment.com	
santandertrade-portal.com	
scotiaservicecanada.ca	
costco-redeemreward.com	
canadatrust-authenticationclient1-td.com	
emt-77199.click	
interac-etf.net	
bmo.app-alertsecure.com	
authentication-easyweb1-td.com	
nzasbpreventionhelp.com	
cra-groceryrebates.com	
identity.auth-atb-personal.com	
www.nzasbpreventionhelp.com	
et-interactid-cskczk.com	
rbc.royalbank.terminate-sessions.ca	
telus.mybill-pay1.com	
mygov-helpline.com	
customshelp.online	
emt-49099.click	
relink-clientservices-gov.net	
autodeposit.email	
interactions-200.quest	
xpresshelp.online	
www.anzauprevention.com	
anzauprevention.com	
applepay-alert.com	
rogbil-re.ca	
expressdh-l.online	
sconlineaccess-reset-help.info	
404applclient340.dns.navy	
postcanaresched1.com	
evri.r-e-f-78123121.com	
my.clients-calculation.com	
canada-1c1chbfengb-post.online	
apple.web-helper.online	
web-helper.online	
customsparcel-pay.com	
customsparcelfee-pay.com	
pay-customsfee.com	
pay-importfee.com	
paycustoms-duty.com	
paycustomscharge.com	
payimport-duty.com	
barclays.r-e-f-78123121.com	
westpac.r-e-f-78123121.com	
bns-verifypolicyvca.com	
rbc-online1security.com	
emt38843.click	
depotallocationcanada.ca	
desjardins-francais.com	
etransferdeposit.info	
rbc-secure.net	
manage-delivery-canpost.com	
rbc-recovery.info	
bmo.gerermon-comptes.com	
newclimateaction00823.info	
portal.newclimateaction00823.info	
et-lnterac-dep.com	
bmo.accounthold-ca.com	
canadacolis.info	
direct-dp.com	
caposte.info	
coliscanada.info	
livraisonca.info	
livraisoncanada.info	
etf-deposit.net	
anpostdeliveryfees.com	
trsttocancel.com	
emt93988.click	
canada-rbconline-security-verification.com	
revtransf-enligne-qc.com	
assurance-remboursement1.com	
rbc.mysecure-alert.com	
onlinec0nfirm-r-b-c-accesss.online	
supportrbconline.com	
accepter-virement.com	
choosedate.ca	
allocationcanadainterac0101.ca	
onlinebanking-royalbank.ca	
evri.redeliverydirectory.com	
r-b-c-securityalert.info	
retdelnv-ne.xyz	
classction.com	
et-provinceofbc.ca	
et-myrebatecra.com	
get-balances.com	
scbonline-reset-help.info	
ing.alertbnz.com	
uberprevention.com	
www.uberprevention.com	
lnteract-refund111.com	
bmo.en-login2web.com	
bmo.login-2access.com	
bmo.secureapp-en.com	
emt93001.click	
bmo.web2-login.com	
packetreinsertionserviceqc1.info	
fairy-server.com	
wwwet-trvnsfer.com	
anz.alertbnz.com	
servicecanada-deposit10012.com	
lnteract-refund1ll.com	
bmo.app-web2.com	
bmo.en-1secureweb.com	
bmo.en-acc1login.com	
bmo.en-account1web.com	
grocery-rebate-deposit-funds2023.com	
l-nteracconsumer.com	
manualdeposit.email	
auspost-track-item.com	
www.nbfamilyaid.ca	
m0bici-bc.com	
cra-agency-deposit.com	
royalbank-onlinebanking.ca	
netbank-portal.com	
verifyapple.net	
verifycommbank.net	
commbankverify.net	
netbank-logon.com	
onlineservices-portal.com	
optarkistaa-fi.com	
gr-nbg-cancel.live	
portal-seguro-login.com	
santan-netbanco-alertas.com	
revqc-enligne-transf.com	
delivery-manage-canpost.com	
rbc1u-update.ca	
rbc.royal.bank.account-reset.ca	
et-giga-help.online	
eflow-toll-payment-fee.com	
suivicolis-iivraisonpostescan.com	
scosecure-online.com	
book-delivery-canpost.com	
anpost-payment-fee-due.com	
dhl-parcelreschedule.com	
tony.r-e-f-783231.com	
secured-etransferrsdeposits-verify.one	
cibc-secureaccess.com	
www1secure-royalbank.com	
canada-royal-banking-customer-notice-secure.info	
cadpostdelivery-report.com	
em11934.click	
trsttocancel01.com	
enligne-transf-qc.com	
bmo.en-login1web.com	
www.interacetransfer-secure.com	
rogersreturn-client.com	
anpost-delivery-fee-due.com	
interac-et-deposit.com	
newclimateactionprogram.ca	
portal.newclimateactionprogram.ca	
deposit.newclimateactionprogram.ca	
jpmorganchase-support.com	
servacccd.live	
www.servacccd.live	
revqc-etransfvirmnt.com	
tentativerenvoi1.info	
expresspostcan.com	
resolution-bell.info	
revenu3-qc.com	
bm-ocheckidentity.com	
mybell-resolution.info	
ca-etransfer.claims	
et.interac.ca-etransfer.claims	
rbc.royalbank.account-reset.ca	
fidocustomerservice.info	
bendigobankloginsecure.com	
etnotification-deposit.online	
customs-auspost.com	
arc-cra-depot.com	
lnstagram-tropicaibaitouts.com	
canadapost-trackings.online	
dhl-securepayment.com	
re-delivery.online	
dhlpayment1.com	
etransf-lnterac-reclaim.com	
securecibc.info	
customs-auspost.online	
customs-auspost.net	
ftpserverbillcenter.info	
anpost-delivery-due.com	
commbankauth.com	
op-ce-fi.com	
myportal-services.com	
canada-rbconline-security-verify.com	
sco-secureonline.com	
www.rescheduleorderevri.info	
accept-directdepositt-cra.one	
eflow-charge-payment.com	
rbcroyalbank.terminate-sessions.com	
rbc.royal.bank-login.ca	
anpost-ieimport-fee.com	
residence-cpc2083f.com	
canada-rbconline-security-notice.com	
intrc.etrans-securelink.com	
secure.rbc-royalbankofcanada.ca	
emtinvoice-id563862.info	
an.post-customcharges.com	
trsttocancel02.com	
www.e-transferdepo.com	
enligne-transfr-qc.com	
rbc-royal-bank-reset.com	
desjardins-validationdirect.com	
ing-com-au.alertbnz.com	
postcanxpress.com	
anpostdeliverymail.com	
lnstagram-tropicaibaiitouts.com	
anpost-delivery-fee-payment-due.com	
easyweb1-authentication-td.com	
rbc.login1-myid.com	
inter-gigapay.cfd	
easyweb-authentication1-td.com	
emt70772.click	
secure.royalbc-online.online	
postnord.publicvm.com	
ro3ers-net.com	
et-vrmtrevca-fr.com	
dankse.publicvm.com	
www1reset-clbc.com	
www1bmo-reset.com	
securesafedeposit.com	
interaction-200.site	
emtassistancecanada.top	
return-delivery-canpost.com	
worker-benefit01for8cra.com	
applepay-details.com	
interatrsfe-bc.com	
express-update-canpost.com	
myupdategovau.com	
verify-id1.com	
www.bmo-web1online.com	
mygov.verify-id1.com	
emt11172.click	
bns-verifypolicyvcad.com	
depositetransfer.ca	
in7eract-net.com	
er-sending.xyz	
log-in-portalreturn.info	
signincadassreturn.info	
my.net-ib-logon.com	
canadapostparcelservice.com/secure	
canadapostparcelservice.com	
onlineaccess-cibcreset-help.com	
www.cards-netbank.info	
onlinesco-accessreset-help.com	
authenticatecommbank.com	
canadarevnues.com	
emt44483.click	
interactions-400.store	
evri.r-e-f-785152.com	
canada-rbc-online-security-verify.com	
deliverytoyou.info	
cooperatei.info	
eflow-charges-payment.com	
dhl-redeliveryservice.com	
eflowpaymentsonline.com	
securelscotiaonline.com	
bellspecials.com	
revirement-enligne-qc.com	
relivraison-canadaposte.com	
linter-ract3.com	
boa-accountservices.com	
rebook-delivery-canpost.com	
tax-canada.info	
canada-rbc-onlineverify-security.com	
log-in-cadaccess.info	
acc-log-inuserserver.info	
bmo.enligne1-web.com	
fidocanadaservice.info	
rogerscanadaservice.info	
alert-bmo-mobile.com	
alert-bmo-secured.com	
relivraison-postecanada.com	
bmo.compte-enligne1.com	
banking-alert-bmo.com	
mobile-alert-bmo.com	
netflix-subscriptionpayment.com	
anpostdeliverycustoms.com	
emt55411.click	
ref-beii-ca.com	
www1secure-royalbanks.com	
secured-alert-bmo.com	
anpost.delivery-fee-due.com	
interacedeposit.com	
bmo-secured-login.com	
claim-balances.com	
interactemt.ca	
securescotiabnk-caen.com	
802f2xf.com	
revpayment.ca	
trsttocancel03.com	
postcanrechelud2.shop	
postcanrechelud1.shop	
alert-bmo-account.com	
alert-bmo-login.com	
alerts-bmo-account.com	
canpostxpress.com	
scotia-online-accessreset.com	
alerts-bmo-login.com	
client-retrreturnca.info	
bmo-alerts-account.com	
user-acc-disblogin.info	
claim-annual-costco-coupon.ca	
my3.account-details3.com	
wwwrbcroyaibnk.com	
bmo-myalerts-account.com	
netbank.center	
evri.update-status7.com	
41easyweb-td.com	
9-scotiabank.com	
9scotiabank.com	
bmo.id-enligne.com	
emt93933.click	
interac-secure-deposits.com	
ca-interac.ca	
revoked-bmo-alert.com	
bmo-alert-revoke.com	
bmo-alert-revoked.com	
51cfphoto.com	
bmo-revoke-alert.com	
canadianclimate-rebate.com	
bmo-revoked-alert.com	
revoke-bmo-alert.com	
post-canada-update-date.com	
got-100.buzz	
mygov.verify-me1.com	
alert-bmo-suspended.com	
alerts-bmo-suspended.com	
bmo-alert-suspended.com	
bmo-alerts-suspended.com	
bmo-suspended-alert.com	
bmo-suspended-alerts.com	
streamingnet.shop	
rapideparcel.shop	
telus.identity-bill1.com	
cba-manage-devices.com	
westpac-nz-huh.com	
westpac-nz-hub.com	
verifyapplepay.net	
asb.live-helpdesk-dashboard.net	
newclimateactionincentive.ca	
newclimateactionincentive.info	
et.newclimateactionincentive.info	
int.newclimateactionincentive.info	
interac.newclimateactionincentive.info	
portal.newclimateactionincentive.info	
et.newclimateactionincentive.ca	
portal.newclimateactionincentive.ca	
cards-netbank.info	
403nexipayclient39.dns.army	
managemydeiivery-capost.com	
www.mygov-verification.life	
mygov-verification.life	
wfargo-management.com	
dep0sit-interacc.online	
dekk2380ro-car23.ddns.net	
ca-rbcscreacc-portal.info	
ca-royalbnkclientacc.info	
client-rbcscrty.info	
my-accscrtyrb.info	
myrbc-ssl-accsec.info	
rbc-scrclientportal.info	
scre-myrbcacc.info	
interactions-140.store	
emt41009.click	
royalbank-rbc.info	
acces-d-issue.online	
issue-accesd.online	
canada-rbc-online-security-notice.com	
boa-accountservice.com	
navy-accountservice.com	
primes-memberships-renewals.com	
emt-deposited.com	
ca-gvscrtrn.info	
csagv-accfnd.info	
gvca-retrnsec.info	
msca-fndgvcan.info	
relief-fndgvsec.info	
scr-gvcrartn.info	
can-gvmscartn.info	
eflow-fee-charges.com	
direct-ptc.com	
real-time-confirmation.com	
votredepotgouv-int.ca	
5canadapost.ca	
c-postattention.org	
c-postrev.ca	
secure04s-be11.us	
bellmsg.ca	
anpost-delivery-payment-fee.com	
accept-etransfersverify-secured.one	
climate-incentive-act.com	
danksebank-online-securealerts.co.uk	
haiifax.device-new-via.com	
device-new-via.com	
c-sec-r-transfer-a.online	
scotiaaccesscard.com	
update-status7.com	
bmo-3mobile.com	
hrss.site	
secured-royalbank.ca	
canadapost-signature.ca	
rbcsecurelogin.com	
mypaymentcra.com	
enlign-deviremnt-qc.com	
xpresscanposts.com	
canadapost-alerts.ca	
canadapost-statusupdate.ca	
santander-seguro-alertas.com	
c-sec-r-transfers.online	
jareerslayer.r-e-f-785152.com	
requestdelivery-canadapost.com	
revenuecanada-interac10014.com	
wildfireincentives-bcgov.info	
www.lnt-hydroqc.live	
cana-rev.ca	
lnt-hydroqc.live	
missed-delivery-canpost.com	
foodrebateca.com	
interactransfer.website	
94.156.102.197	
grrs.site	
livraison-canadapost.grrs.site	
et-etransferonline.com	
www-commbank-on.line.pm	
etrc-dep-98fe.online	
qc-canada-poste-livraison-colis04582.com	
emt66300.click	
customs-au-auspost.com	
reclaiminteractrefcsr71jrc.com	
wwwcl-bcm0bi.com	
rbc-online-update-info.com	
secure.rbc.banklog-in.ca	
fsss.site	
canadapost.fsss.site	
dsss.site	
vsss.site	
auspost-service.com	
cad-grocery-rebate-etransf.com	
capostreschedule.com	
www.e-transfer-deposit.online	
e-transfer-deposit.online	
www1.secure-rbcroyalbank.ca	
secure.rbcbanklog-in.ca	
ecomozon.com	
www.ecomozon.com	
bnsverifypolicyca.com	
transfer-services-et.ca	
comm-transfers.com	
rb-on1in-sec.com	
customersupportgroup.com	
authapple.com	
sco-secures-onlineresets.com	
anpost-feedue-ie.com	
authcommbank.com	
canada-rbc-online-security-verification.com	
emt38884.click	
secureroyalbc.com	
kkel990-vope62.giize.com	
totta.pt-particulares-cartao.com	
anpost-fee-due.com	
canada-climatereturn.info	
lhv-kasutajaportaal.com	
cra-refund276.com	
canpost-missed-delivery.com	
qc-canada-poste-livraison-colis-ca.com	
cra-etransgov.com	
eterac-got100.services	
canadapost.dsss.site	
canadapost.vsss.site	
cdnpost.dsss.site	
secure1a-reset.info	
securescotia-caen.com	
secures-rbc.com	
autodeposit.xyz	
postexpresscan.com	
www.loginrogers.ca	
bell-resolution.info	
deposits-cra.com	
emt33391.click	
scotiaservicescanada.com	
et-giga-funds.cfd	
giga-help.online	
mybell-resolution.me	
en-livetransfrca.com	
apple-unlocked.mywallet-care.com	
rbc.auth-enligne.com	
canadapostservice-redelivery.com	
rbcroyaibank.com	
interacbell.com	
my-caalberta.com	
emt77220.click	
amazonrecover.com	
auth1-netflix.com	
clbc-l0gin.com	
secure1gov-cra.com	
transfer-services-et.info	
banking-nab.ank-au.com	
commbank-device.com	
authcommbank.net	
comm-update.com	
comm-devices.com	
authapplepay.net	
int.newclimateactionincentive.ca	
emt88830.click	
anpost-payment-link.com	
onclimateactioninc.ca	
portal.onclimateactioninc.ca	
et.onclimateactioninc.ca	
royalbcsecured.info	
postnord.no-tjenester.top	
nzpost-in.line.pm	
lhv-kasutajakonto.com	
www.0827td.info	
reactivation-netaccnts.com	
canada-rbc-online-verify.info	
www.0827rbc.info	
rbc-canada-onlinealert-securelogin.com	
transf-enlign-qc.com	
scotiarequestform.com	
e-interac-transfer.info	
retoursdesmanufacturiers.com	
www.retoursdesmanufacturiers.com	
emtassistanceconfirmed.info	
direct-al.com	
et-etransferpage.com	
information-reb.com	
secureweb-rbc.com	
servicedepotmobileqc.ca	
cra-agency-tax-refund.ca	
secureweb-rbc.info	
cra-refund274.com	
emt38882.click	
sign-deliveryonline.cloud	
anz-helpdesk.ddns.net	
interactions-110.xyz	
navy-accountsupport.com	
www.telus-1paymentfailed.com	
canada-rbc-online-security-notices.com	
cra-personal-tax-return.ca	
alert-bmo1secure.com	
alert-bmo1secured.com	
bmo-access-alert.com	
jpmorgan-chase-verify.com	
bmo-view-alert.com	
bmo-view-alerts.com	
e-transferinterac.online	
classactiondirect.com	
www.classactiondirect.com	
arc-taxe-remboursements.ca	
bmo-alert-secured.com	
nz-postal-service.com	
bmo-alerts-secured.com	
bmo-myalert-secured.com	
bnsverifypolicyxcad.com	
secure-bmo-alert.com	
secure-bmo-alerts.com	
secured-bmo-alert.com	
billingupdate-ca.com	
interac-e-transfer-cra.net	
qc-canada-poste-livraison-colis.com	
nz-txx-offcee.com	
interacsecuretransfer.com	
alert-bmo-banking.com	
alerts-bmo-banking.com	
banking-bmo-alert.com	
banking-bmo-alerts.com	
mybanking-bmo-alert.com	
mybanking-bmo-alerts.com	
banking-alerts-bmo.com	
banking-myalert-bmo.com	
banking-myalerts-bmo.com	
mybanking-alert-bmo.com	
mybanking-alerts-bmo.com	
casrv23.com	
cra-refund245.com	
e-transferlnterac.com	
newonclimateactin.info	
portal.newonclimateactin.info	
interac.newonclimateactin.info	
et.newonclimateactin.info	
deposit.newonclimateactin.info	
directdep.online	
westpac-nz-one.com	
newonclimateactprog.ca	
portal.newonclimateactprog.ca	
interac.newonclimateactprog.ca	
et.newonclimateactprog.ca	
canpos-del.com	
secureverify-anz.com	
netbank-client.com	
helpdesk24-on.line.pm	
reverifycommbank.com	
e-interac-secure-transfers.com	
user-deviceregistration.com	
info-elecireland.com	
chase-accountsupport.com	
canadarevenue-gov.info	
nexipay.r-e-f-785152.com	
verificationbmo.online	
082623rbc.info	
etrc-dep-2fa.online	
accept-etransfersdepo-secured.one	
santander-app24.com	
particulares.santander-app24.com	
canadapost-courrieralerts.com	
secureweb-rbc.online	
canadapost1.info	
lhv-kliendikonto.com	
rbcrequestform.com	
payments-manager.com	
secureweb-myrbc.com	
deposit-cra.ca	
canadaposts-track.shop	
help-mybell.ca	
anpost-import-fee-ie.com	
anpost-iefee-import.com	
canadapost-reprogramparcel.com	
bmo.web-enligne1.com	
emt33990.click	
account-mybell.ca	
missednz-post.com	
trsttocancel04.com	
xpressaider.online	
deposit-secure.com	
canexpressposte.com	
www.missednz-post.com	
eflow-updateinfo.com	
direct-mts.com	
bellcanadatransfer.com	
interact-transfers.store	
online-canadapost.info	
www.bmo1-onlinebanking.com	
tax-gouv.info	
cibconline-reset-cibc.com	
acc-centrbillingamnt.info	
secure-mobile-interac.com	
www.etransfer-depo.ca	
shinter.online	
accesd-renisialise-desjardins.com	
cra0gou-service.com	
deposit-transfer.net	
canadareturn-cra.com	
c-sec-r-transfer-a.ca	
intrc.transfertsolution.com	
assurance-remboursement2.com	
accept-etransfersdeposit-secured.one	
canada-poste-livraison-colis-qc-07452.com	
rbcpoints8843.click	
28082023rbc.com	
202nxipayclient3.dns.army	
anz.helpdesk24-on.line.pm	
etransfer-lntera.ca	
httpunclaimedrebates.org	
westpac-one-hub.com	
reschedule-parcel-canpost.com	
sun.corp-current-acc.com	
wwwrbc-royalsecure.com	
bmo.auth-onlineid.com	
missedaus-post.com	
www.missedaus-post.com	
my.user-portal-page.com	
can-postsignature.com	
interac-ref41.info	
commbank-auth.com	
canadapostschedule.ca	
mycommverify.com	
secure-verifymygov.com	
check.91eer.com	
dhl.91tvh5.com	
check.91tvh5.tv	
respo.91uup.com	
canpost-signature.ca	
deliver.91xae.com	
fast.95xah.com	
easydepositsolutions.info	
anpost-payment-import-fee.com	
rbc-online-security-notice.com	
iffygtmapp.online	
canada-poste-livraison-colis-id-039130.com	
rogersgiveback.ca	
livraison-poste-canada-qc.com	
rbc-alerts.info	
parcel-reschedule-canpost.com	
canadarevenueagency-interac10001.com	
canadapost-delivery.com	
royalbanking-canadaverifysecureonline.info	
canada-royalbc-online.info	
emt2811.click	
gigadat-depositca.online	
depositcra.ca	
lnteract-ref722.com	
lnteract-ref723.com	
www.bmo-login1banking.com	
assurance-auto2023.com	
c1-bc.com	
globaltransferusa.com	
delayed-delivery.info	
rogers-canada.info	
livraison-postecanada823.com	
eflowupdate-info.com	
scotiaform.com	
acwb-cra.ca	
secure-rbc.net	
rbcsecure.net	
emt31188.click	
bell-loyalty.com	
returncanada-cra.com	
nz-tx-officcee.com	
cra-refund271.com	
missedpost-nz.com	
www.missedpost-nz.com	
redeliverpost-nz.com	
www.redeliverpost-nz.com	
emtdepositemt.online	
pay.acc-current-info.com	
alert-mobile-bmo.com	
alerts-mobile-bmo.com	
bmo.mylogin-web.com	
cba-remove-device.link	
cba-remove-payee.online	
et-interac-ca.com	
cba-addressbook.link	
portaildirectpayment.com	
activate-applepay.com	
https://verify-mycomm.com	
verify-mycomm.com	
mycommauth.com	
httpunclaimedbenefits.org	
caip0823.info	
et.caip0823.info	
dep.caip0823.info	
ab.caip0823.info	
secure.caip0823.info	
sco-securesonlinebreset.com	
leverera-paket.com	
xpressaide.online	
1canadapost.ca	
redeliver-my-post.com	
www.redeliver-my-post.com	
agence-du-revenu-du-canada7918.info	
totta.pt-pessoal-conta.com	
three-auth.com	
webpostcanada.com	
myrbc-secureweb.com	
bmo-alert-mobile.com	
bmo-alerts-mobile.com	
mobile-bmo-alert.com	
mobile-bmo-alerts.com	
rbc-info.ca	
membership-prime-renewal.com	
alert-bmo-security.com	
alerts-bmo-security.com	
bmo-alert-security.com	
bmo-alerts-security.com	
bmo-security-alerts.com	
security-bmo-alert.com	
mbway.pt-pessoal-conta.com	
secures-scotiarequestform.com	
emtacceptx934g901s.com	
et-caacclgn.info	
deposit-transfer.ca	
confirm-transfer.ca	
caclientweb.com	
ereturnpay.com	
telus-auth.com	
anpost-payment-charge.com	
emt4343.click	
bmo.enligne-auth.com	
chasesupportteam.com	
client-secureinterac.com	
autodep-interac.com	
easyweb-secured-td.com	
easy-websecured-td.com	
accept-etransfers-secureddeposit.one	
fido.verifiicx.com	
rbcbankroyal.help	
anpostireland.com	
netflix-ma.info	
client-support-td.com	
activate-applepay.info	
changedelivery.info	
www.bmo-account1web.com	
caip823.link	
cai0823.site	
ab.cai0823.site	
depo.cai0823.site	
et.cai0823.site	
ret.cai0823.site	
ab.caip823.link	
depo.caip823.link	
et.caip823.link	
ret.caip823.link	
onlineci-bc.com	
canada-postre-booking.ca	
app-notify1ca.com	
ubereats.r-e-f-785152.com	
ffet66-rrieub.ddns.net	
mybell-mobility.info	
livraison-postecanada1189.com	
solutions-gigadatinc.online	
bmo.web2-idaccess.com	
emt1010.click	
groc-ery.link	
elig-groc.link	
verifycommbank.support	
revenu-canada-login.com	
user-accsign-in.info	
mobile-acclgn.info	
cibc-onlinesecure.com	
commbankverify.support	
canada-rbc-online-security-alert.com	
loyaltybell.ca	
emt5599.click	
anpost-fees-custom.com	
2canadapost.ca	
alerts-bmo-secure.com	
alerts-bmo-secured.com	
bmo-alert-secure.com	
bmo-alerts-secure.com	
bmo-secured-alert.com	
ccp-dep.com	
applepay.suspend-mywallet.com	
rbc.secure-banklog-in.ca	
canadapostweb.ca	
royalbanking-canadaverify-secureonline.info	
rbccanadaverify-secureonline.com	
alert-bmo-acct.com	
alerts-bmo-acct.com	
bmo-acct-alert.com	
bmo-acct-alerts.com	
bmo-alert-acct.com	
bmo-alerts-acct.com	
interacmoneytransfer.com	
anpost-parcel-payment.com	
eportal-interacweb.com	
emt9922.click	
bmo-mobile-banking-login.com	
rogers-customerservice.info	
alert-bmo-acces.com	
alerts-bmo-acces.com	
bmo-acces-alert.com	
bmo-acces-alerts.com	
bmo-alert-acces.com	
bmo-alerts-acces.com	
bm-ocardsystem043.com	
alert-bmo-mobile-banking.com	
alerts-bmo-mobile-banking.com	
bmo-alert-mobile-banking.com	
bmo-alerts-mobile-banking.com	
bmo-mobile-alert-banking.com	
bmo-mobile-alerts-banking.com	
canada-interacbenefits.com	
royalbankmessage.ca	
canadainteract.xyz	
livraison-postecanada11089.com	
anpostexpressdelivery.com	
trackingcan-post.com	
canadarevenueagency-deposit10011.com	
08312023.ca	
e-transfersinterac.online	
alert-bmo-banking-secured.com	
bmo-alert-secure-banking.com	
pending-interacp2p.com	
bmo-alert-secured-banking.com	
bmo-banking-alert-secure.com	
bmo-banking-alert-secured.com	
bmo-banking-secured-alert.com	
rbc-royal-secure.com	
bmo.accesslogin-id.com	
bmo.idaccess-web.com	
www.postxpresscan.com	
angencyrevenucan.info	
www.angencyrevenucan.info	
lnteract-refund12.com	
www.postcanmail.ca	
www.bmo-banking1account.com	
et-valid.one	
ca-crareturnagency.com	
e-processreturn.info	
et-ritonlineportal.info	
xpressboiteauxlettres1.online	
bmo-banking-secure.com	
bmo-banking-secured.com	
bmo-secure-banking.com	
bmo-secured-banking.com	
bmo.ww1-signin.com	
bmo.idaccess-auth1.com	
reschadule-dhl.com	
09312023.info	
09312023.link	
commbank.secure-au.com	
xpressdepo.online	
interac.08312023.ca	
grocery.08312023.ca	
int.08312023.ca	
et.08312023.ca	
et.09312023.info	
dep.09312023.info	
anpost.ie-pay-postal.com	
securecommbank.com	
secure-cagovretrns.com	
anpost-charge-fee.com	
anz-login.interbank-au.com	
canada-rbc-online-security-login.com	
neflixsupport.site	
customshub-revenuefee.com	
interacdeposit.info	
td.detection-protection.com	
direct-8sq.com	
payper-canada.online	
schedule-order-canpost.com	
expressdeliverysupport.com	
directpay-portail.com	
accept-etransferssecureddeposit.one	
inflationquebec.site	
interacdeposit-ca.info	
rbcbankroyal.support	
rrp-dep.com	
canadarevenue-services.com	
anz-login.internetbank-au.com	
chaseonline.site	
chase0nline.limited	
authtemp-1royai.online	
canada-profil.com	
navyfederal01.com	
secure-easytdweb.com	
web-desjardins-accesd.online	
web-desjardins-lock.online	
web-desjardins-login.online	
web-desjardins-restore.online	
cibc-0nlinecibc.com	
promotion-onepass.ca	
email-review.online	
mobility-mybell.info	
support-td-easyweb.ca	
gigadat-retrait.online	
bellsecured.com	
disbursdretrnlogin.info	
ca-onlineretrncenter.info	
interacdepositcanada.com	
et802.website	
livraison-postecanada04089.com	
emt6644.click	
clientid-rbc.com	
suncorp.current-acc.com	
mybell-mobility.ch	
carboninteractrefcvzr81b.com	
0knaxr225dm.info	
14qv389nutu.info	
onlinereceiveinstant.info	
fzy1tvq8r6v.info	
ptyjl0ywjcl.info	
qlv8oa4srie.info	
debit-alerts-anz.com	
et-valid.site	
auspost-schedule.com	
trulstauth.cc	
my.portal-login-secure.com	
et-got.one	
nzpost-delay.com	
post-canada-update-redirect.com	
apple.payid-wallet.com	
my-applepay.online	
my-applepay.info	
ing-secure.internetbank-au.com	
my-ird-on.line.pm	
royalbanking-canadaverify-secure-online.info	
bellrebate.com	
bell-rewards.info	
eflow-services-charge.com	
secure-rogers.ca	
canadapost-services.ca	
emt9933.click	
order-schedule-canpost.com	
trulstauth0rlze.cc	
eflow-payment-fees.com	
clbc-onlineclbc.com	
floki.test.pages.work.gd	
accept-etransfers-crasecure-deposit.one	
scosecureonline.com	
canada-rbc-online-security.com	
refund-cra-info.com	
deposit-govc.info	
postcanredeliver.com	
postcandeliveryexpress.com	
expressdeliverpostcan.com	
interctransf-secur1.com	
carbonapplication.com	
myintenacdepsoit.com	
postcanexpresspost.com	
onlinepostcan.com	
anpost-pending-fee.com	
instanturl.live	
myintenacdepsoit.info	
livraison-postecanada59280.com	
issurefnd-payca.com	
eportal-help-td-web1.com	
anpost-importation-payment.com	
bellbilling.info	
septclimateact.ca	
www.benefits-security.com	
usr320tdct-secur1c.com	
postes-delivery-notice.online	
deposit-mobile.ca	
er-valid.com	
mobile3-bmo-login.xyz	
applepay.restore-mywallet.com	
r0yal-b-ca003217.online	
cra-refund272.com	
mobile1-national-login.xyz	
canadaincentive.com	
sign-onlinereschedule.info	
interac-mobile.online	
setup-autodeposit.info	
ca-acct.info	
scotia.ca-acct.info	
inghelpdesk.sytes.net	
sco-secures-onlinebresets.com	
ing-helpdesk.ddns.net	
my-govlogin.com	
securehelpcomm.com	
anpost-commission-fee.com	
royalbanking-canada-rbcsecure-online.info	
ozelkcruw0.info	
r5dqwkv7f7.info	
rbc-canada-alert-securelogin-verification.com	
scosecure-online.ca	
etransfer1001trust-crabenefit.com	
mobile1-cib-c-si-gn.xyz	
canadasubvention.site	
postredeliver001.dev	
xpressmailcan.ca	
post-canonlineweb.com	
xpresspostcan0019.com	
xczh85xs5l.info	
epostcandeliver.com	
postedeliveronline.com	
onlinedeliverpost001.com	
pay-eflow-toll.com	
confirmer1renvoi.info	
scotiaaccessunlock.com	
depositinteraccanada.com	
rogloyalrwd.top	
etranscanada.com	
gouv.intrc.etranscanada.com	
acheminementqc1.info	
www1securee-royalbank.com	
messages-royalbank.com	
qcreexpedition1.info	
edeliverpost.online	
cagcservtx-t6.com	
bellmobilerefund.com	
caipreturnsca.website	
cra-deposit.ca	
cra-refund269.com	
paquetreexpedition1.info	
modifierrenvoiexpress.info	
gov-revcanada.com	
caipadmincenter.live	
bnz-nz-portal.com	
refinteract08124.com	
www.caipadmincenter.live	
livraison-postecanada29201.com	
intrac-canada-refund.com	
lock-desj-accesd.online	
090323bmo.com	
bnc-securite.ca	
royalbcverifyinstant.info	
et-valide.one	
planification1renvoi.info	
int.erac-transfer.site	
workersbenefitreceive.info	
scotiabank-secure.com	
direct-cn.com	
depohelp.online	
replacementcancelnow.info	
nz-post-returnhub.com	
alertlscotiabank.com	
rbcroyals.com	
canada-mail.ca	
capostreschedule.top	
refund-now.ca	
www.refund-now.ca	
et-received.one	
onlinescocanada-security-regainaccess.com	
rbcroyalbankverification.com	
authmycommbank.com	
commbanksecurity.net	
customs-parcelpay.com	
customsduty-parcelpay.com	
importduty-parcelpay.com	
importdutypay-parcel.com	
paycustomsduty-parcel.com	
pay-eflow-charges.com	
ausmessages-portal.com	
verifycommbank.sytes.net	
importpay-fee.com	
payimport-fee.com	
payimportfee.com	
import-feepay.com	
rog75refund.top	
directpayweb.com	
www.itrc.ca	
royal-rbc-secure.com	
090423td.com	
canadapost-web.ca	
customs-feepay.com	
customsfee-parcel.com	
customsfeepay.com	
importfee-parcel.com	
090423rbc.com	
ca-crafunds.com	
canpost-delivery.ca	
090423cra.com	
canadapost-reschedule.ca	
dhlexpress-postesreschedule.one	
customsfee-supporthub.com	
rbc-canada-alert-securelogin-notice.com	
order-delivery-canpost.com	
qc.intrc.etrans-depositlinksec.com	
anz.internetbank-au.com	
livraison-postecanada00311.com	
et-interac-depo.info	
et-accpageinfo.info	
myaccdisbursed.info	
et-gig-trans.online	
accept-funds.com	
090423bmo.com	
costcoca.delbarco.pt	
costcoca1.delbarco.pt	
redevpostcanonline.com	
redeliverpost-can00.com	
parceldispatchupdate.com	
adjustparceldelivery.com	
1royalbank-secure.com	
secure-rbonlineca.com	
scotiaverifycard.com	
service-au.com	
bell-loyalty.ca	
secureliens1.ink	
icbc-rebate50.com	
applepay-reactivate.info	
et-rogersrebate.com	
cibconline-securityhelp-regainaccess.com	
www.reorder-choosedate.com	
wwwc1-bc.com	
asb-protects.com	
canpost1.ca	
logins-bnz.com	
post-canada-web.ca	
canpost.dlvr163.link	
can-post.schdl837.link	
dlvr163.link	
schdl837.link	
online-cibc-mobile.info	
auth-revolut.com	
my.income-return-portals.com	
mycommsupport.net	
reactivate-applepay.com	
applepayreactivate.online	
applepay-reactivate.me	
web-unlock-accesd.online	
web-desj-info.online	
info-accesd-unlock.online	
1nterac-serv.online	
applepayreactivate.store	
nbg-gr-in.com	
rbc-canada-alert-securelogin.com	
r-e-f-785152.com	
e-transferinterac.website	
canadapost-date.ca	
intrc.on.etrans-depositlinksec.com	
royalbanking-canada-verifysecureonline.info	
www.my1bell.ca	
mybell-manage.info	
canadapost-updateparcel.com	
anpost-import-due.com	
my1bell.ca	
delivery-schedule-canpost.com	
td.details-protection.com	
090523.com	
gv-bl.live	
groceryreb.gv-bl.live	
www.groceryreb.gv-bl.live	
090523rbc.com	
et-valid.co	
bnc-verification.ca	
horaire-postescanada.com	
onlinepostcanxpress.com	
redev-cana.com	
xpressdatepost.com	
updatpostcan.com	
cansecredirection.life	
cansecredirection.top	
renewplanning1.one	
agencecanada.site	
sco-secures-onlineereset.com	
netflixupdate-ca.com	
canadapost032090-delivery.com	
www.bmo-compte1enligne.com	
secured-scotiabank-info.com	
amzsecu.help	
expressdeliveryparcels.com	
dhlusxpress.com	
91.212.166.17	
transfer.refund-cra-info.com	
f7eue-sppo90s.ddns.net	
post-onlineparcel.com	
canship-postxpress.com	
post-expressmail.com	
xpresspost-can.com	
auspost.pro	
090523bmo.com	
secure.securemybfct.com	
securemybfct.com	
post-can-parcel.com	
parcelupdate-ca.com	
xpresspost-ca.com	
shipmentdate-ca.com	
cra-service.org	
scotia2svform.com	
royalbank-account.com	
applepay.r-e-f-785152.com	
etransfer-interac-bell.com	
cl-bc0nlin3.com	
www.bmo-acces1enligne.com	
e-deposer.online	
manage-mybell.info	
bmo.banking2-app.com	
bmo.banking-id2.com	
canadapost-track-packages.info	
rog2verifi.info	
comm-logon.ddns.net	
er-act100.one	
reviews-notification.online	
secure-dhl.info	
rbcroyalbankinfo.info	
c1-bc0nlin3.com	
cwb-act-gc.ca	
interac-got.xyz	
myapplepay.online	
my-apple-pay.online	
update.bmo-canada.com	
bmo-canada.com	
sco-secure.com	
canadapost-paymentservice.com	
interact-transfers.online	
etransfer-onlin.ca	
etransfer-got.buzz	
securecommbanksupport.com	
403trackatpstfee34.dns.army	
logon-netbank.com	
fi-op-ua.com	
opfi-pivittinentarkastus.org	
billupdate-netaccnts.com	
importhub-support.com	
expressdeliveryireland.com	
scoonline-secure.com	
gigadat-qc.online	
instagram-login-baitprofiles.com	
pl-itc.live	
groceryreb.pl-itc.live	
www.groceryreb.pl-itc.live	
evri-parcel-services.com	
ca-secure628confidential.com	
postcanadaweb.ca	
in675tracf4z.com	
ontariotrilliumbenefit.ca	
modifpostcanxpress.com	
epost-expressca.com	
express-epost.com	
xpressshipmentpost.com	
deliverdate-epost.com	
direct-registeralltravel.com	
rbc-canada-alert-secure-login-verify.com	
directpayportail.com	
updates-flow-account.com	
canadapost092050-delivery.com	
prime-originals-view.online	
anpost-secured-payment.com	
agencycanada.site	
correos-es-in.com	
lhv-interneti-tugi.com	
scotiabankverify.com	
clbc-onlinesecure.com	
www-my-cibc-security-bankonline.xyz	
manage-mybell.me	
deposityourfunds.com	
deposityourfundsnow.com	
canadapost982021-delivery.com	
recover-canada-rbc.info	
bmo-login-myalert.com	
e-transferintera.com	
access-bmo-login.com	
bmo.banking-app2.com	
bmo.banking2-id.com	
access-login-bmo.com	
canxpresspost.com	
bmo-access-login.com	
bmo-login-access.com	
costumersupport.cloudns.ph	
login-access-bmo.com	
login-bmo-access.com	
capost-reschedule.info	
login-bmo-myalert.com	
acc-userclient-page.info	
cand-returncenterprtl.info	
bmo-account-banking.com	
sco-reclaim-access.online	
9bb10e79bf3-notification.online	
comm-userdevices.com	
direct-dm.com	
pay2secure-scotia-online.info	
packguptcan.com	
shipcanupd8.com	
trackcandeliv.com	
candelivmypost.com	
rogers.communication-cashback.xyz	
rogers.rebatelogin.xyz	
prcelshift.com	
shipcaepost.com	
canpkgtrack.com	
shipd8fixca.com	
prclswapca.com	
rogerscommunications-secure.icu	
secure.rogerscommunications-secure.icu	
rogerscommunications-login.xyz	
secure.rogerscommunications-login.xyz	
secure.rogerscommunications-login.com	
rogerscommunications-login.com	
www.bmo-connexion1acces.com	
rogers.communication-refund.xyz	
rogers.communication-refund.pw	
rogers.communications-rebate.com	
rogers.communications-refund.xyz	
rogers.communications-refund.pw	
authorised-anpost.com	
direct-imt.com	
rbcsecure-supprt.net	
www.bmo1enligne-connexion.com	
comm-deviceinfo.com	
bofa1x.delbarco.pt	
pay2secure-scotiaonline.com	
mybell-resolution.ch	
resolution-bell.ch	
amazon-review.ca	
scotiabank-reset-policycad.ca	
kiwibank-online.com	
authmycomm.com	
www-mobile-myrbc-login.xyz	
canadapost199051-delivery.com	
netbank-secure-portal.com	
94.156.102.201	
comm-deviceinformation.com	
canadpost-reschedule-secure.info	
web2canadapost.ca	
sanlander.online	
manage-mybell.es	
ccrcanr24.com	
onlinetransfer-mobile.ca	
www.onlinetransfer-mobile.ca	
interac-onlines-ca.info	
4cdna6t5lt.info	
6dsr4r11t9.info	
ccdxnr2nf4.info	
sn5csx8681.info	
amazonlog-in.ca	
correos-es-ni.com	
reschedule-dhl-parcel.com	
securedrev-cnda.com	
sdge-qc.online	
royalbankingcanada-verify-secureonline.info	
scoverification.com	
postes-canada-track-redirect.sdge-qc.online	
canada-rbconline-security-alert.com	
anpostexpressdeliveries.com	
www1secure-royalbank.online	
e-alerts.info	
dateupdca.com	
shipnowpost.com	
flexpostcan.com	
postmodca.com	
postcanflexupdate.com	
atb-secure.com	
canadapost-ontario02864.com	
transferdefonds.com	
appleid.securemywallet.cloud	
my-dashboard.at	
dashboard-billing.online	
delivery-canpost.com	
bmo.app-access2.com	
deliv360xpress.com	
parceledate.com	
flexcanshipmnt.com	
profile-authenticator-tdca.com	
et410.website	
rogerscommrefund.com	
bmo.ww1-app-signin.com	
bmo.ww1-login.com	
www.bmo-gerer-mescomptes.com	
tr7188-01d352.org	
in6485tracf6.com	
manage-mobile.online	
ca-confidential62963.com	
anz-login.securemywallet.cloud	
xpresspostcan.com	
mycranotice.ca	
sco-reset-secureonlineaction.com	
www.bmo1connexion-enligne.com	
emt-ca2332.click	
cw-aus.com	
canadapost-postcanada.ca	
climate-act-incentive.online	
canadapost-re.com	
onlinemobiletransfer.ca	
www.onlinemobiletransfer.ca	
bmo.accessbanking1.com	
nzpost-packages.com	
www.bmo-enligne1connexion.com	
interac-depositefidoonline.com	
www.n26.webhop.me	
amazon-signon.ca	
app-westpac.sytes.net	
online-climateactionincentives.info	
climateactionincentives-online.info	
bellsecured.ca	
bmo.app-banking1.com	
adminctcanada.cc	
www.bmo-compte-acces1.com	
adminctsitehome.info	
bmo.app-online2.com	
bmo.access1-app.com	
canada-online-royalbc.info	
reb-deposit.c-ad.info	
commbanklogin-protect.com	
bellsecured.info	
canadapost-online.ca	
customspay-parcel.com	
parcel-paycustoms.com	
parcel-paycustomsfee.com	
parcel-payfee.com	
parcel-payimportfee.com	
rbc-canada-verify-secureonline.com	
bell-loyalty.info	
paytracking-fee.com	
tracking-feepay.com	
tracking-parcelfee.com	
trackingpay-customs.com	
trackingpaycustoms.com	
canada-rbconline-secure-alert.com	
manage-mobility.info	
delivery-reschedule-canadapost.com	
rescheduledelivery-canpost.com	
cahousingbenefit.com	
retour-colisquebec.info	
restrictionscolisqc1.info	
informationscolisquebec1.info	
importationdouaneqc1.info	
identity.auth.atb.client61.com	
rbcroyalbank-support.com	
poste-canada.ca	
commbank.ibanking-au.com	
nbg-gr-ne.com	
arquiaoline.com	
arquiaonliine.com	
login-ingenieros.com	
interac-gigadatqc.online	
sco-reclaim-access.com	
packagereschedule-canpost.com	
servicescanada-info.com	
direct-op.com	
truistx.delbarco.pt	
restore-sco-access.online	
tdonline-reset-td.com	
forest-connect.com	
depotdefonds.com	
manage-myprofile.ca	
mobile-rbcroyalbank.com	
agency-claim23.info	
secure-depositverify-portal.one	
nbc.delbarco.pt	
bell-et.com	
epost-mailcan.com	
mailpost-flex.com	
shipcan-xpresspost.com	
hydrobillhelp.online	
virementdepot.com	
rbcroyalbank-mobile.com	
canadapost-delivery-reschedule09492.com	
r0gerscompensation.info	
posteca-online.site	
emt-ca8844.click	
et-interac.at	
nzpost-id7628.com	
reactivatecontactless.online	
autodeposit-net.com	
postecan-canpost.amzn-review.com	
postecan-canpost.updt491.link	
help-westpac.redirectme.net	
portal-nz-hub.com	
bnsverifypolicy-cad.com	
mobile2-my-rbcremind.xyz	
09092023.info	
remit.09092023.info	
online-canadapost.ca	
emt-ca7373.click	
09102023.info	
rbc-canada-verify-secure-online.com	
portal.09102023.info	
345.09102023.info	
selfserve.09102023.info	
customid.09092023.info	
portal.09092023.info	
et.09092023.info	
616.09092023.info	
posteltaly.ddns.net	
canada-rbconline-alert-secure.com	
rebnotice.itc-gv.live	
itc-gv.live	
direct-xmt.com	
et-virement-intrc.com	
myacc-signlncenter.info	
mobileinterac-transfer.com	
apple-unlock.restore-mywallet.com	
secure-rbcroyal.com	
et-interac-dep.info	
royal-recovery-online.info	
canada-post-onlineverify.com	
interac-depo.ca	
securenetflix-reviewprofile.help	
tdx.delbarco.pt	
pncx1.delbarco.pt	
emt9283.online	
reschduledelivery-canpost.com	
acc-recover-onlinebank.info	
direct-cr.com	
refundfi-do-deposit.com	
paiementbell.com	
canadapost-delivery-reschedule934012.com	
canadapost-deliveryservice.ca	
canada-gst-hst-etransf1.com	
scheduledelivery-canpost.com	
parcelpost-delivery-au.com	
emt3399.online	
post-ca-reschedule.info	
rbcroyalcad.com	
ominirbcroyal.com	
xpressdepohelp.online	
govid-webservices.com	
resetscotiaonline.com	
secure-commbank.com.au	
reviewcontactless201.online	
govau-login.com	
dhl-uk.com	
accept-depositsecure-portal.one	
repair-sco-access.online	
emt8441.online	
recover-sco-access.online	
canada-rbconline-secure-verify.com	
trulstverlfy.cc	
et.interac.reverse-funds.ca	
canada-post-office.com	
rbc-secure-department.com	
securitypage2023.zapto.org	
reactivate-mycontactless.online	
missed-mypost.com	
www.missed-mypost.com	
refundinteractfi-do-online.com	
interacetransfer-cra.com	
eit-lnterac.info	
depotdefonds.info	
scocanada-security-onlineaccess.com	
depotdirect.info	
canada-qcgov.online	
scosecures.com	
canadapost-delivery-reschedule93d90.com	
gigadat-canada.online	
194.110.247.17	
intclientpage.co	
royal1-online.info	
emt8499.online	
rogerspay.info	
sco-reset-secureonactions.com	
canadapost-delivery-reschedule44492.com	
ntflxspprt.com	
ntflxspprt.online	
temubonus-online.com	
parceltrackerhub.com	
clbcsecure.online	
infoscotiaonline.com	
r0yal-check077.online	
bmo-logging-mobile.com	
bmo-login-mobile.com	
bmo-mobile-logging.com	
logging-bmo-mobile.com	
mobile-bmo-logging.com	
mobile-logging-bmo.com	
posteca-reshedule.online	
pcspprts.online	
pcspprts.site	
pcspprts.com	
ntflxspprt.site	
payerrormynetfllx.com	
mybell-canada-online.com	
www.webservicegov.com	
rbrequestform.com	
getmoney247.ddns.net	
canadapost-l.ca	
mycommapp-home.co	
nbg-gr-en.com	
nbg-gr-co.com	
mycomm-secure.com	
selfservedepo.info	
rbccanada-security-onlineaccess.com	
govclimate-rebate.ca	
temu-claimbonus-online.com	
et-govca.ink	
www.et-govca.ink	
rbc-canada-onlinealert-verify.com	
direct-nx.com	
royalcadrbc.com	
inerac-valid.one	
canadapost-parcelalerts.ca	
deposit-interactransfer.info	
accept-securetransfer-deposit.one	
xprescanpost.com	
parcelreschedule-canpost.com	
www.bmo1securiser-mescomptes.com	
royalonlinecad.com	
servca-int3.com	
www.bmo-enlgine1securiser.com	
direct-mp.com	
directsession1ca.info	
reconnectionsessionroyal.info	
rebdetails.et-gv.info	
et-gv.info	
bmo.app-auth2.com	
re-scedule-canpost.com	
rescheduledeliverycan-post.com	
solutionterac.co	
interruptionsessionqc.info	
www.bmo-compte1client.com	
ouverture1sessionca.info	
cashpoints-costco.info	
commencement1ouvrirsess.info	
help-anz.redirectme.net	
coreooo.site	
nouvelleconnexion1ca.info	
rbcryalbnkofcanada.info	
bmo.app-connexion1.com	
www.bmo-connexion1securiser.com	
verificationattente1profilcan.info	
rebateurlinstant.pro	
bmo-online-activation.com	
assurance-auto9.com	
interact-refund14.com	
e.transfers-interactonline.com	
evri.parceltracker.info	
et-lnterac-online.com	
www.bmo-compte1clientsecuriser.com	
emt9400.click	
authenticator-rbcroyalca.com	
bmo.id-auth2.com	
mycommbank.info	
rbcverifypolicy-cad.com	
1nter-ac-re3ce1ve00.online	
royalbank-1rbc-online.ca	
ing-secure.restore-mywallet.com	
royal1-recovery.info	
ing-mobile.restore-mywallet.com	
enabledwallet-access.com	
support-westpac.redirectme.net	
amazon-uk-info.com	
amazon-uk-info.es	
www.amazon-uk-info.com	
op-ci-fi.com	
customsfee-revenue.com	
op-ca-fi.com	
ing.mobile-netbanking-au.com	
applepay-in.line.pm	
www.actualizarcorreos.click	
secure-rbcclient.com	
canadapostw.ca	
canadapost-delivery.website	
nbg-gr-an.com	
op-fi-cb.com	
scosecurise.com	
roybalbnkcanada-secure.info	
rbc-canada-alert-verificationonline.com	
my-ird-refund.line.pm	
inac-valid.one	
express-reschedule-canadapost.com	
emt0331.click	
direct-ift.com	
emt-accept-transfer.online	
interaction-verified.one	
e-myaccnotice.info	
virement-intqc-et.com	
reb-deposit.fl-et.info	
navfedverlfy.cc	
canadapost-delivery-ah192.com	
authe-bell819-id.online	
direct-mmt.com	
bmo.app-client.com	
agency-claim04.info	
tracking-delivery-canpost.com	
hydr-ret196.com	
secure-deliverynotice.com	
hydrqc-ret8668.com	
www.bmo-login1client.com	
canada-crabenefits.com	
scotiabank-verify.com	
tocancelboa.com	
bmo.ww1-bc.com	
et-interac.one	
transfert-gigadat.online	
accept-etransfercrasecure-deposit.one	
canada-service1gouv.com	
xpresspostca.com	
www.bmo-online1login.com	
textscotiaonline.com	
bmo.app-idlogin2.com	
craupdates.ca	
091223cra.ca	
secure-royalbank.info	
www.bmo1login-account.com	
app-unrecognized.click	
items-status.click	
emt9995.click	
canadapost-delivery-reschedule-09812.com	
inlt-elcre.ca	
secure-bank-0f-america.com	
wwwc1lbc.com	
interactetrans.fr	
bmo.app-mylogin.com	
1royalbank-secure.info	
www.ama-zon.blog	
refundsolutionfi-do-online.com	
canadapost-office.com	
secure-amazon-verify.com	
mycrainfo.ca	
accweb.mouv.desjardins.com	
accweb.mouv.desjardins.7687578.com	
rebnotification.pl-et.info	
pl-et.info	
mycomm-verification.com	
mycomm-verification.com	
netfixtv-reminderca.com	
op-fi-ae.com	
activatewallet-id.com	
commbank-secure.mobile-netbanking-au.com	
customsfee-revenuehub.com	
auth-mycomm.com	
interactions-320.store	
commbank-login.mobile-internetbanking-au.site	
gcanrev23.com	
eservcan23.com	
gcrarev2023.com	
cdnformgc3.com	
chase-accountservices.com	
gcantxretn3.com	
canadapostm.ca	
r0ya-libn-autn.com	
secure-nab.mobile-internetbanking-au.site	
emt9733.click	
express-order-canpost.com	
rbc-canada-onlinealert-secure.com	
anpost-import-charge.com	
asb-connect.ddns.net	
royal1bank.info	
direct-smt.com	
online-via-block.co.uk	
direct-mst.com	
www1secure-royalbenk.com	
anpost-security-payment.com	
my-ird-refunds.line.pm	
validation1paquet-ca.info	
interac-mobiletransfer.com	
premierereplanification1ca.info	
rebate-canpost-secureddeposit.one	
webcanadapost.com	
postsxpress.com	
canadapost1-delivery.ca	
user43-enablemyid.com	
order-reschedule-canadapost.com	
canpost-re-scedule.com	
accept-crasecured-deposit.one	
hydr0qc-ret11101.com	
anpostsupport.com	
enbridgerebate.com	
emt7740.click	
reschedule-deliverycanpost.com	
reschedule-express-canpost.com	
https-cilbc.com	
costcoredmptionprg.ca	
royal1bc-secure.info	
bmo.app-secure1.com	
bmo.ww2-app.com	
rbconlinehelp-reset.info	
depositnow-servcan.com	
qc.interac.etrans-depositlinksec.com	
bmo.app1-qc.com	
canadapost-delivery-reschedule-1022.com	
secured-etf.ca	
mybell.manage-mobile.online	
canadapost-secure.net	
volksservice.sytes.net	
emt7457.click	
bmo.applogin-ca.com	
easyline-web2factortd.com	
www.speedlerinfo.com	
govtnotification.pl-et.info	
portal.selfservedepos.info	
transfers.selfservedepos.info	
int-erac.selfservedepos.info	
selfservedepos.info	
et-canadareturns.com	
myfidoprofil.com	
comm-netcode.net	
candepos23.me	
aupost-reschedule-au.com	
login-anz.securereactivate-au.site	
reinstatement-portal-support-sec.com	
paycustomsduty-depot.com	
paycustomsfee-depot.com	
payimportduty-depot.com	
payimportfee-depot.com	
paycustomsparcel-depot.com	
anpost.ie-pay-charges.com	
secure-amz-verify.com	
customsdutypay-depot.com	
customsparcelpay-depot.com	
customspay-depot.com	
importdutypay-depot.com	
importfeepay-depot.com	
emt6010.click	
customspay-importhub.com	
scosecurity.com	
rbc-canada-online-security-alert.com	
restore-scotia-access.online	
accept-depositsecured-cra.one	
rbc-canada-verifysecure-online.com	
secure-royalbank.co	
accweb.mouv-desjardins.cloud	
direct-ml.com	
anpostparcelsdelivery.com	
canpost-express.com	
rbcverify-login.com	
canada-post-service.com	
anpost-secured-fee.com	
cancel-rbcsupport.com	
cl-bconlin3.com	
www.bmo1compte-client.com	
royal-can-recovery.info	
myordercanpost.com	
etrasnfer.ink	
in4758trac64.com	
reschedule-order-canpost.com	
re-schedule-canpost.com	
re-adjust-canpost.com	
canadapost-delivery-reschedule-102862.com	
rcb-onl-cnn-ugrde.com	
interaction-100.one	
rogersinteractrefund.com	
fernandosanchez.store	
ca-post-response.ca	
bmo.ww1-client.com	
bmo.online-2app.com	
secure-web-rbc.com	
client-bmo-secure-login.com	
secure-bmo-client-login.com	
secure-bmo-login-client.com	
secure-client-bmo-login.com	
secure-login-bmo-client.com	
del-canadapost01ca.info	
bmo-auth-client-secured.com	
bmo-auth-secured-client.com	
bmo-client-auth-secured.com	
bmo-client-secured-auth.com	
bmo-secured-auth-client.com	
bmo-secured-client-auth.com	
telus.identity-2login.com	
canada-post-redirect-date.com	
mypay1nk0.com	
canadaposta.ca	
comm-netcodes.com	
my-commverify.com	
rbc-interac-secure.com	
interac-etransferservices.com	
activate-appiepay.com	
delivery-feepayment.com	
customsfee-import.com	
anpostparcelsireland.com	
myird-tax.line.pm	
digitalrbs-support.com	
rbc-canada-alert-online-security.com	
canpostes-reschedule.one	
roya1bank.info	
payapple-kontrolle.cloud	
anpost-security-fee.com	
royalbank-message.com	
app-trans-gig.online	
et-depositlnterac.info	
direct-ptm.com	
hydr0-ret18811.com	
reschedule-my-ca-post.info	
rbcverifypolicycad.com	
secure-depositcra-etransfer.one	
it-gv.info	
revquebec-depotgouv.com	
www.noticedetails.it-gv.info	
open-royalbc-online.info	
ca5rtax84rev64.com	
return-cra.info	
royalbnk-secure.com	
boa-secure-verify.com	
rogerssecure.com	
cra-service.live	
canadapost-delivery-reschedule-062.com	
payltrac.pw	
canadapost-delivery-reschedule-00111.com	
fund-deposit.com	
canadapost-delivery-reschedule-3002342.com	
order-tracking-canpost.com	
canadapost-delivery-reschedule.cc	
accweb.mouv.dejardins.xyz	
sco-secures.com	
eaemt--dep0sit--trans.online	
ato-online-user-portal.org	
canada-cradeposit.com	
royalbankingcanada.ca	
e-accbillcenter.info	
canadapost-shipment.com	
netfilxrenew.com	
etran-lntera.ca	
etrans-lntera.online	
claim-gig-trans.online	
activate-appiepay.online	
govwebservice.com	
rbc-onlinesecure.com	
www.activate-appiepay.online	
canadaclimaterebates.org	
rbc-secure-departments.com	
scocanada-secureaccess.com	
login-mygov-online.org	
45.11.180.197	
mycomm-secured.com	
importdutyreview.com	
customsfeereview.com	
tracking-customsfee.com	
tracking-customsreview.com	
login-anz.secur4unlock-au.online	
anpost.ie-charges.com	
emt4909.click	
package-importfeepay.com	
parcel-customsfeepay.com	
parcel-customspay.com	
parcel-importfeepay.com	
tracking-importfeepay.com	
rbc-canada-security-alert.com	
anpost-ie-charge.com	
rbc-secures.com	
royalb-secured.com	
customscharges-review.com	
customscharges-pay.com	
customscharge-review.com	
customscharge-pay.com	
customscharge-delivery.com	
servgca23.com	
canadapost-delivery-reschedule-51.com	
rbclogin-verify.com	
canadapost-delivery-reschedule-9900.com	
canadapost-delivery-reschedule-0092010.com	
emt0977.click	
post-parcelmanagement.com	
direct-sv.com	
info-canadapost.com	
trackingca174292.info-canadapost.com	
sco-alert-authenticate.com	
canpostredirect.com	
et-interactransfer.com	
directportailpay.ca	
postexpres.ca	
scotiaonlinesecured.com	
digital-apple.reset-wallet.com	
73e1f4a1089-review-notification.autos	
www.interac-depositcra.online	
r-custo-sup-1.com	
www.cragrocery-rebate.ca	
et-interac.site	
emt0740.click	
et-myalberta-id.ca	
rbc-ssecure.com	
etinteracts.com	
in34trac65ca.com	
rbc-online-accesscard-activation.com	
anz-co-nz.com	
digitalgovid.com	
www.servicedigitalgov.com	
txgovcan23.com	
1auth-pay2secure-scotia.info	
canadapost0.ca	
secure-rbc-app.com	
secure-amazonapp.com	
netcodes-comm.com	
my-comminfo.com	
comm-userservices.com	
emt0172.click	
rbc-canada-security-onlinealert.com	
netflixtv-details.com	
royal1b-secured.com	
hydrqc-ret8700.com	
canadapost-delivery-reschedule-8.com	
rbcbankroyals.com	
canadapost-delivery-reschedule-4741762.com	
et-info.website	
direct-fmp.com	
walletsecurity.ddns.net	
canadapost-delivery-reschedule-000999.com	
boa-secupdate.com	
ca-confidential011.ca	
emt4799.click	
cacadapost-reschedule.com	
trsttocancel05.com	
canada-post01a.com	
lntearc-vrfy.com	
et-govcanadarebate.com	
canada-post02a.com	
post-canada021.com	
activate-appie.com	
anpostparcels-ie.com	
canadapost.link	
www.utilret.ca	
hs.bc-group-personal.com	
rogers-interrac.com	
secure-sco.com	
comm-user.com	
rogerscompensation.org	
sun.corp-personal.com	
suncorp.direct-acc.com	
direct-kv.com	
rbcverifypolicy-ca.com	
appleau-userchecks.com	
notice-details.info	
carev2024.com	
comm-info.net	
canadapost01.ca	
eeemt--dep0sit--transs.online	
secure-amz-update.com	
my-ird-tax.line.pm	
rbc-canada-security-onlineverify.com	
reschedule-package-canpost.com	
emt4800.click	
meridiancu.org	
rbconline-secureaccess.com	
allaboutevri.info	
rogers-interac-secure.ca	
direct-ffa.com	
delivery-canadapost.ca	
rogers-securedeposit.com	
canadapost-delivery-reschedule-921248.com	
interacemt02a.com	
postecansupport.com	
canadapost-delivery-reschedule-243351.com	
refund-mybell.me	
canadapost-delivery-reschedule-0000111.com	
canadapost-rescheduling.ca	
etrasnfer1.ink	
scheduledeliverypost-can.com	
it-interac.co	
bmo.clientsoverview-app.com	
royalcadsecure.com	
onlinebmo-protection.com	
royal-secureconfidential.com	
postcaninfo-review.com	
secure-scotiaonline.com	
mybell-refund.me	
secure-login-royalbank.com	
canadapost01a.com	
bmo.acces-app.com	
bmo.secure2-id.com	
anpost-postal-charge.com	
xpresscanpostal.online	
prime-membercanada.com	
resolve-mybell.me	
adjustment-inv.info	
emt8003.click	
netflixcasec.com	
et-interacgov.com	
reset-clbconline.com	
www.bmo-1loginapp.com	
c1-bcl0gln.com	
et-interact.cc	
intrc.gouv.edetransfer.com	
bmo.myapp-login2.com	
www.bmo-access1account.com	
royalbc-recive.info	
bmo-financial-login-secured.com	
bmo-financial-secured-login.com	
bmo-login-financial-secured.com	
bmo-secured-login-financial.com	
bmo-secured-financial-login.com	
bmo-login-secured-financial.com	
tax-return-update.info	
secure-royalbankfr.com	
financial-bmo-secured-login.com	
login-bmo-financial-secured.com	
login-bmo-secured-financial.com	
secured-bmo-financial-login.com	
secured-bmo-login-financial.com	
secured-login-bmo-financial.com	
bmo-online1-fix.com	
etinterac.cc	
www.bmo1app-login.com	
bmo-security-departments.com	
www.bmo-connexion1app.com	
auapplescheck.com	
www.bmo1login-secure.com	
www.royalbank-secure.info	
bmo.web1-login.com	
www.bmo-account1secure.com	
sun.corp-acc-info.com	
internet-browse.com	
royalbank-msg.com	
bmo-finance-login-secure.com	
bmo-finance-secure-login.com	
finance-bmo-login-secure.com	
finance-bmo-secure-login.com	
login-bmo-secure-finance.com	
bmo.login1-id.com	
bmo-secure-finance-login.com	
bmo-financial-login-secure.com	
bmo-financial-secure-login.com	
bmo-login-financial-secure.com	
financial-bmo-secure-login.com	
secure-bmo-financial-login.com	
secure-bmo-login-financial.com	
emt1060.click	
rbcapp6.com	
bmo.id-banking2.com	
royal-reviewcanada.online	
bmo-finance-secured-mobile.com	
bmo-secured-finance-mobile.com	
mobile-bmo-finance-secured.com	
secured-bmo-mobile-finance.com	
mobile-bmo-secured-finance.com	
appiewaiiet.com	
b-n-z-supporthub.com	
bmo-finance-mobile-secured.com	
annual-costco-member-coupon.ca	
netflix-updateinfo.com	
west.pac-supporthub.com	
web-digitalgov.com	
meridiancu.live	
lnteracrefund.com	
wpc-secure-reinstate.com	
rbcverifypolicyca.ca	
mobile-rev-ie.com	
anpost-ie-charges.com	
customs-onlinesupport.com	
clientarea-messageshomeau.com	
rbcsecure.info	
dhi28485757.com	
my-commbank.redirectme.net	
canadapost03.com	
emt9993.click	
rbc.secureroyalaccount.com	
rbc-canada-security-alert-onlineverify.com	
repaquetformulaireca1.info	
preparationpaquetrenvoyerca.info	
royallbank-recovery.info	
payablefees-online.com	
accweb.mouv-desjardins.live	
re-delivery-canpst.com	
client-authentification.fr	
bnc.client-authentification.fr	
anpost-ie-pay-secure.com	
pay-ee.com	
canada-post-package-delivery010352.com	
canadapost-reschedule-shipments-update-0000011.com	
lnteractrefund.com	
hydrqc-ret8701.com	
scheduledeliverypostcan.com	
trsttocancel06.com	
online-confirm-via.com	
post-managecustoms.com	
rbc-access-verification.info	
parceldeliveryireland.com	
www.rbc-access-verification.info	
canpost-reschedule-express.com	
canada-govbenefits.info	
reimbursement-txcad23.com	
canpostesupport.com	
intrc.gouv.recipientdeposit.com	
et-interac-deposit.online	
order-service-canpost.com	
cibc-accountverify.info	
webinterac.com	
interac-etransfer.life	
etransfer-id.com	
canadapost-tracking-981656.com	
govcanservi.ca	
in45trac65surv.com	
www1bmo-notif.com	
securesec-rbcroyal02a.com	
post-canada-booking.ca	
bmo.client-app.com	
1royalba-update.online	
roger-communication878.com	
canadapost-package-issue-02134.com	
canpost-tracking.ca	
return-bell.ca	
royal-confidential0.com	
deposgca23.com	
canadapost-online-notice-01.com	
impact-baker.com	
et-netflix01a.com	
op-nm-fi.com	
canadapost-package-lssue-78737164.com	
eeemt--dep0sit-transs.online	
cfp-disbcenter.info	
mygleek123.com	
reset-click-net.com	
web-commonwealth.com	
secure.netflix-clientarea.com	
aut-bbm0---rest.online	
login.netflix-usa.com	
craa-deposit.com	
b-n-z-id3742.com	
packageimportfee.com	
packagecustomsduty.com	
packagecustomsfee.com	
packagecustomspay.com	
packageimportduty.com	
intrac-etrsf12swj.info	
www.intrac-etrsf12swj.info	
rbcverify.com	
myorder-dhl.com	
update-account-eflow.com	
dhl-package-fee.com	
custom-feespayment.com	
eflow-motorway-ie.com	
rbcverify.ca	
myird-returns.line.pm	
customsdepotpay.com	
customsfeedepotpay.com	
feecustoms-tracking.com	
customspackagefee.com	
importfeeparcel.com	
ca-91792781bf.com	
rbc-canada-secure-alert-onlineverify.com	
rbc-canada-verifyonline-secure.com	
scotiaonlinesecure.com	
anpost-postal-payment.com	
www1secure-royalbank.live	
bmomobile-protection.com	
intrc.quebecgouv.com	
quebecgouv.com	
accountreview.ca	
parcelcustoms-pay.com	
parcelcustomsduty-pay.com	
parcelcustomsfee-pay.com	
parcelimportduty-pay.com	
direct-ssm.com	
parcelimportfee-pay.com	
interacprofil.com	
interac-bchydro.com	
canadapostwebsite.ca	
applepay-suspension-verification0987.com	
amazon-ref-order.com	
deliverysupportireland.com	
cra1-etransferwebtrust1001.online	
interacdeposit-canada.info	
interac01s.com	
nbc.secureconnectlink.com	
rbc-verify-activity.info	
servcancra.ca	
1royalbanksecure.ca	
scotiarectification.com	
canadapost-delivery-status037971.com	
internal-virement.com	
myrbc-verify.ca	
canadapost-delivery-status032971.com	
bnc-messages.com	
sco-protectonline-canada23.com	
post-mangecustomscharge.com	
interac02s.com	
www.myrbc-verify.ca	
online-reschedule-canpost.com	
royalrbc.info	
mybell.manage-myprofile.ca	
royal1bank-secure.info	
www.intrac-etransfer.online	
www.intrac-etransfer.net	
inttr-sauce.com	
annual-costco-coupon.ca	
amaz-verify.com	
rbc.secure1-web.com	
in453trac4f.com	
interefnd.com	
canadapost-delivery-notice942847.com	
myprofile-rbc.info	
deliveryfailedcdp.com	
authentication-td.com	
www.amaz-verify.com	
185.216.71.6	
ln-teracdepo.com	
canadapost-delivery-notice063834.com	
canadapost-delivery-status0334971.com	
servicedhlpaq.online	
costco-executive-reward-coupon.ca	
freedom-mobile-carrier-interac.com	
canadarbc-securityverif.com	
bmo-security.com	
bmo-financial-account-secured.com	
bmo-financial-secured-account.com	
financial-bmo-account-secured.com	
financial-bmo-secured-account.com	
secured-bmo-account-financial.com	
secured-bmo-financial-account.com	
reschedule.postescanda.com	
bmo-financial-account-secure.com	
bmo-financial-secure-account.com	
bmo-secure-financial-account.com	
financial-bmo-account-secure.com	
secure-bmo-account-financial.com	
secure-bmo-financial-account.com	
govid-web.com	
45a6abdf9f6-review.online	
up-auth.com	
comm-auth.com	
anpost-ie-secure.com	
securerbc.ca	
www.bmosecure.com	
deskgov-sec.org	
link-wallet.net	
anpost-ie-pay-fees.com	
importfee-onlinesupport.com	
rbc.secureconnectlink.com	
canadapost04.ca	
eflowpayments-online.com	
secure-customsfee.com	
chase-accountservice.com	
rbconlinesecured.com	
acc-returnlogincenter.info	
boa-accounthelp.com	
rbcbeats27.info	
hydrqc-ret8702.com	
in34tax35pay4f.com	
scotiaa-recovery-online.info	
myrbc-profile.info	
direct-dc.com	
aautemt-today-dep0st.online	
rescheduledeliverycanpost.com	
et-interac.cc	
capostexpress.com	
parcelinpending-ca.info	
planningrepackage1ca.info	
parceldeliverysupport.com	
rogers-funds-deposit-01.com	
customerservice-rogers.info	
redeliveryserviceupdate.com	
postcanada-issue-delivery0382456.com	
assurancerembourement-auto.com	
rbcroyalbank-canada.ca	
092123td.com	
servic3-canada.ca	
onemt-intreac.com	
delayed-id02348.com	
scotiabankpersonal.com	
td.easyweb-id.com	
e3mt-cach-an10.com	
costco-points04.info	
cra-transfer-climate.com	
delays-delivery36576.com	
interac-crareturn-cadgov.org	
delayedparcel.com	
direct-sst.com	
etransfer.info	
awcp-adminportal.net	
awcpreturnscanada.site	
online-mobile1help.com	
post-can928.com	
mytax-lodgenow.com	
refund-bell.ca	
acc-ebillcenter.info	
e-noticedisb.info	
et-interac.link	
craadeposit.com	
imposition23.com	
cards-cba.org	
my-govausecure.com	
payable-customsfees.com	
manage-selfserve.09222023.info	
09222023.info	
portal-selfserve.09222023.info	
comm-appinfo.com	
anpostredelivery.com	
canpost-online-reschedule.com	
rbc-canada-security-verificationonline.com	
e3mt-cach-solutions.online	
scotia-secured-recover.info	
amazon-order-ref.com	
my-ird-return.line.pm	
www.monthly-support.online	
canadaposte-postecanada.ca	
emtvirement.com	
reschedule-depot-collection.com	
aaut-emt-today-dep.online	
revenue-user.com	
185.216.71.3	
depofunds-intrac.com	
royal-rbc-departement.com	
cradeposits.com	
canada-revenues.org	
delivery-issue-024104.com	
issue-delivery-reschedule-772.com	
canadapost-signature.online	
58739c3c2e-deposit.autos	
sco-resetsecure-onlinescaction.com	
delivery-issue-4104.com	
anpost-import-tax.com	
onlinescotia-securedsignin.com	
verify-support-uk-access.co.uk	
direct-asc.com	
auth.banquelaurentienne.online	
delivery-issue-4154.com	
lnterac-et.ca	
canadapostsite.ca	
scoreactivation.com	
persopaytx.ca	
sams-pay.info	
sec-tan.net	
rogercommunications.ca	
govcanserv.ca	
delivery-issue-0989.com	
royalrbc-onlinebanking.info	
canada-services1.ca	
canadapost-2.ca	
secure-amz-updates.com	
money-transfer.tech	
rbcsecured.com	
cardalert-canadianimperial.com	
et-interact100.link	
rbcbanksecure.com	
scheduledeliverycanpost.com	
reactivate-waiiet.online	
omniroyalbank-secureca.com	
telus-etransfer-auth.com	
fid0-soluti-annual-returns.com	
www.sams-pay.info	
virementonline.online	
refca2024.com	
apple-digital.pay-wall.online	
reschedule-delivery-issue-8459.com	
interac-update.com	
amazonsecure-acc.com	
port-selfservice.09252023.online	
09252023.online	
portalself-serve.09252023.online	
commapp-info.com	
2fa-mygov.com	
card-cba.org	
digitalgovlogin.com	
evridelverified.com	
interac-transferdeposit.ca	
ierevenue.com	
import-payablecharges.com	
customs-importfee.com	
serviceredelivery.com	
direct-agv.com	
directetpayportail.com	
direct-vs.com	
totta.pt-usuario.com	
interactions-120.xyz	
virementinteract.info	
canserv-re.com	
scotia-service-online.info	
virementinteract.pro	
reschedule-delivery-issue-02932.com	
canadapostredelivery.com	
mb.way-pessoal.com	
interact-et.cc	
verificationpayment.pro	
delivery-customcharge.com	
ca-72037847.com	
user02981etrnsfer-auth.online	
tdservicesupdatesolutions.com	
secure-online-aib.com	
rev-mobile-ie.com	
quebecsolution.com	
intrc.quebecsolution.com	
deposit1-interacservicecanada.org	
user82709-auth.online	
e-trans-gigpay.info	
delivery-problem-canada8359.com	
us-netflix.com	
mybell.refund-bell.ca	
direct-ytc.com	
rbconlinebanking.info	
23-09-23-canada.com	
royalverify.com	
ca-tdeasyweb.com	
accediittaliane.info	
canada-secure-drop.net	
canada-secure-drop.info	
canada-drop-verified.net	
canada-drop-verified.info	
canada-deposition.net	
can-work-ben.info	
canada-deposition.info	
int-secure.ca	
www.cra-receivefunds.ca	
www.interac-et-transfer.com	
www.bellcanada.org	
my-govloginsecure.com	
yourepackageenz.info	
www.rbcroyalbankcompany.org	
173.44.141.242	
govcodegenerator.com	
my-govausupport.com	
rescheduled-deliveryservices.com	
my-appcomm.com	
paymentmethod-error.com	
accnoticereturn.com	
mybenefitscdn23.info	
applewallet.care-protect.online	
disputedesjardins.info	
westpac-cancel-id3729.com	
www.rfnd-bell.top	
direct-fas.com	
www.bell-rfnd.top	
delivery-package-lssue3612.com	
telus.identity-bill.com	
secure32s-bfoa.us	
cra-receivefunds.com	
et-cra-interac.com	
scoredirectedpage.com	
direct-ymt.com	
interact-et.icu	
er-interact101.one	
bnc.id-connexion.com	
mobi-communications-deposi.xyz	
auth-scotia0niine.com	
issuepay-refndca.com	
cra-agency.ca	
delivery-problem-canada8135.com	
secure-cra-accept-e--transfer.com	
secureinfo-interac.com	
reschedule-canada-post.ca	
neftlix-membership.shop	
direct-fs.com	
onlinevirement.pro	
interactions-60.xyz	
interac-app.com	
1rbcsecure.com	
www.1rbcsecure.com	
rogers-wireless-overcharge.com	
santand.er-current.com	
instauthentiroyalbc.com	
my-govinbox-alert.com	
craadepo.com	
canada-revenueservices.com	
secure-rogersportal.ca	
wirelessrogersportal.ca	
apple.pay-entry.online	
my-govausecurelogin.com	
digitalgovid-au.com	
myappcomm.com	
customspayparcel.com	
importdutypay-fee.com	
importdutypayparcel.com	
unpaid-customs-fee.misecure.com	
interac-cradeposit.ca	
09252023.info	
portal-initiate.09252023.info	
portal.09252023.info	
initiate.09252023.info	
secure.09252023.info	
portal-secure.09252023.info	
importcost-payable.com	
secure47s-bfoaa.us	
rbc-canada-security-verify-online.com	
anpost.customs-securepayments.com	
e-interact.one	
myrbc-authentication.com	
hydrqc-ret8704.com	
my-ird-returns.line.pm	
rbc.royalverify.com	
direct-pmt.com	
secure-wirelessportal.ca	
nfcunion-secure.com	
et-depositgov.com	
direct-kd.com	
e3mt-cshhe-solutions.online	
cangovref.ca	
parceldeliveryteam.com	
your-ca-post-reschedule.net	
servgcadepos23.com	
et-paygov.com	
eflow-termssid563.com	
www.500cadclaim.com	
misce-payonline.xyz	
package-canadapost.com	
reschedule-delivery-issue-0132.com	
persopaytx.com	
interacconnectonline.com	
r3c-grade-nhlock.online	
my3.myaccount-details.com	
myaccount-details.com	
three.myaccount-details.com	
reshipment-package-0b0987.com	
interac-email.ca	
delivery-issue-canada3729.com	
commcards-au.org	
confirm-appiepay.com	
www.2023-cradeposit.com	
intrc.depositcanada.com	
depositcanada.com	
ab-groceryrebate.info	
bnc.ca-connexion1.com	
mbreturnscanada.site	
groceryrebate-ab.info	
mbmobileadminsvc.website	
bmo-secure-account.com	
bnc.ca-connexion2.com	
ing-direct.mobilesecure-au.online	
interact100.one	
cra-agency.online	
e-interact100.one	
intrr-cafe.com	
cdn-serviceca800.com	
reshipment-package3293.com	
mobile-account-rbc204.xyz	
cc-cba.info	
telus.bill-identity1.com	
reschedule-my-canada-post.ca	
my-govinbox.com	
et-interac.top	
royalbc-information.info	
etinteracdeposits.com	
interac-canada.online	
update-appiepay.com	
rbc-canada-verify-online-secure.com	
digital-mymails-gov.com	
wallet-applepay.smsprotect-au.online	
sig-in-rbconlinesaccess.xyz	
my-comm-apps.com	
www.my-comm-apps.com	
reschedulepost.com	
aus.reschedulepost.com	
comm-aware.com	
et-interact.co	
trackingid7152915.com	
aus.trackingid7152915.com	
auspost.trackingid7152915.com	
view-status-online.com	
depot-customscharge.com	
parceldepot-customscharge.com	
payfee-customsduty.com	
payfee-importduty.com	
payfees-customsduty.com	
netflix-review.com	
update-info-aib.com	
boionline365.com	
e-severbillcenter.info	
myaccount-telus.com	
customschargepay-ie.com	
customschargepay.com	
customscharges-ie.com	
parcelcustomscharge-ie.com	
parcelcustomscharges-ie.com	
09272023.info	
portal-initiate.09272023.info	
canadapost-signature.info	
myird-rebate.line.pm	
canadarevenue-support.com	
online-accesscl-ientcardrbc.xyz	
my-canadapost.ca	
package-reship-b20474d.com	
eflowonline-fees.com	
in45trac64surv.ca	
amazon-verification-canada.com	
package-reschedule-can3827.com	
reschedule-required2516.com	
canadaparcelissue.com	
etgovcanada.com	
cibc-reauth.com	
climate-cra.com	
online-postfee.com	
rbc-canada-securityalert-verify.com	
metamask-update.nl	
www.opservice.info	
e-transferts.com	
cibc-secure.com	
parcel-schedule-canpost.com	
anpost-secured-tax.com	
rogersmobility-surcharge.com	
direct-semt.com	
direct-vt.com	
anpost.import-feepayments.com	
verifymysoctiabank-idenfity.info	
relivraison-canadapostenotif.com	
neftlixaccountportal.shop	
anpostexportsupport.com	
3nth-revert-hsde.online	
bmo-reauth.com	
reautho-cibc.com	
28-scotiabank.com	
reschedule-postcanda.com	
secured-emt.ca	
import-parcelsfee.com	
neftlixaccount.shop	
onlineinforeset-cibc.com	
deliveryonholdca1.com	
agenrevenu.ca	
packagereport1ca.com	
redeliveryform1ca.com	
intreac.com	
post-payacustomscharge.com	
id10001.com	
telus.identity-mybill.com	
etrans.intrc.solution-quebec.com	
canadadeliverupdate1.info	
interact-et.one	
govcanservcorp.com	
schedule-deliverycanpost.com	
www.interacdep0sit.com	
incomingofausspost.info	
bell0-ref1.com	
comm-internet.com	
bnc.connexion-appli.com	
review-bell.ca	
govservices-digital-mails.net	
tracking-australia.lat	
securerecovery-onlinelogin.info	
digitalgovau.com	
review-digital-notices.net	
interacdeposit.org	
client-support-reinstatementportal.com	
customs-paymentfee.com	
comm-netinfo.com	
canadapost-shipping.com	
anpost.pay-customstax.com	
anpostparcelexport.com	
sendmoney.tech	
emt0210.click	
anpost-security-tax.com	
rbc-canada-securityalert-online.com	
depotallocationcanadainterac.com	
can-otbe337.com	
mycanada-post.ca	
post-customsinformation.com	
secure-customcharges.com	
secure37s-wells.us	
etintercdeposit.ca	
etintercdeposit.com	
etinterc-deposit.com	
etintercdeposit.org	
netlfixaccountportal.shop	
netlfixaccount.shop	
netlfixaccounts.shop	
netlfixaccount.online	
netlfixaccounts.online	
netlfixaccountportal.online	
mallware-info.pro	
rogersmobility-funds.com	
rtn-center-canada.ink	
www.c-radeposit.com	
service-interacdeposit.info	
postxpressca.com	
www.mallware-info.pro	
anpost.customfees-hub.com	
rescheduleexpress-canpost.com	
reschedule-required10516.com	
package-reship-21278l.com	
dhlexpress-rescheduleportal.one	
anpostexportfee.com	
depositrequest-interac.com	
www-rbc-onlinebanking-account.xyz	
login-ing.otpnlock-au.com	
emtserviceca.info	
customs-deliveryfee.com	
package-reship-a211l.com	
re-deliverycanpost.com	
synclines.ca	
freedommobile.synclines.ca	
truist-accountsupport.com	
govcanada-et.com	
bell-supportlogistic.com	
scotiaonline-alerts.com	
royalsecurecad.com	
vm4669606.25ssd.had.wf	
overview-bell.ca	
interest-pine.com	
reschedule-required-shipping0947.com	
int3rac-transfer.com	
rogerslawsuit.com	
revgovca.ca	
parcel-canpst.com	
accept-trasnfercra.online	
return-payment-id.com	
delivery-pending-reschedule-now2516.com	
icbc-clients.info	
enable-td.com	
virement-arc.com	
www-mobilebmo-account-verification.xyz	
pay-apple.info	
e-logincenterdisb.info	
canada-post-ref12.com	
maryannseli-bankofamerica.com	
unlock-applepay.smsprotect-au.online	
clientreviewsecurerbc.online	
canadapost-update729.com	
delivery.parceltracker.info	
int-dep-communication.xyz	
int-fund-dep-carrier.store	
crainterac-etransfer.info	
housing-crisis.net	
acc0unt-ntflix.com	
interac-depositonline.com	
aus.post-bookings.online	
fee-customs-duty.com	
fees-customs-duty.com	
pay-customs-duty.com	
pay-customs-fee.com	
pay-import-duty.com	
www.reactivate-applepay.info	
delivery-customfee.com	
securescotlabank-webportal.info	
mysecure-scotlaverlflcation.info	
secureportal-slgnlnscotlabank.info	
verlfymyvidenfity-secureweb.info	
eflow-feespayment.com	
restore-applepay.protect-digitawallet.online	
aware-comm.net	
activate-applepayy.protect-mywallet.online	
xn--c-7lmxp.com	
return-mybell.ca	
rbc-canada-security-verify.com	
et-interacte.one	
anpost-tax-fee.com	
navy-accounthelp.com	
ee-renewal-payment.com	
postexpressca.com	
transitposteca.net	
reschedule-required-shipping6382.com	
eflow-feespayments.com	
29-scotiabank.com	
login.ing-direct-banking.com	
syncreturn.ca	
freedommobile.syncreturn.ca	
ref-dpos.xyz	
santander-card-hold.com	
login-ing.securemobile-au.com	
lnstagram-login-evilbaitouts.com	
direct-vl.com	
post-customsform.com	
etintrac-deposit.org	
rbc6app.com	
canadapost-ordertracking.shop	
online-transfer.homes	
f1do.info	
be591bdb47c-review.autos	
reschedule-required-9382098.com	
et-interac-sh.top	
unlock-appleid.mywallet-care.online	
cnd-center.ink	
bnc.connexion-auth1.com	
cibcsecure-support.info	
direct-mda.com	
pay-aktivieren.de	
bell.mybill-online1.com	
offers-canadatrust-tdca.com	
costco-members-annual-reward.ca	
costco-executive-reward-coupons.ca	
membership-executive-reward.ca	
e-m-t-dep0sit-trans.online	
hydr07qc-ret188.com	
0929cragencyca.online	
canpost-alertomni.com	
seb-suaktyvinti.site	
em-t-dep0sit-trans1.online	
rogers.account-bill.com	
canadapost-delivery-parcel.com	
parceltracker.info	
mytelusreturns.com	
et-interac-sl-videotron.top	
mycomm-aware.net	
appiepay-activate.online	
gc-canadarevenue.com	
secure-parcelmanager.com	
anpost.secure-parcelmanager.com	
seb-ee-kaart.com	
co-operative-reset.com	
rybc-ibc-asre.com	
climate-payment.com	
emt0551.click	
membership-prime-renewals.com	
canadapostweb3.ca	
en-cont-crracn.com	
navy-accountshelp.com	
vb-anmeldung.site	
nbg-logariasmos.com	
rbc-canada-alert-verify.com	
anpost-in-parcel.com	
delivery-change-reschedule68.com	
transmit-mybell.ca	
scotiaonline-securityalerts.com	
postcanadareschedule.com	
etintracdeposit.ca	
rebookdhlslot.com	
anpostexportfees.com	
deposit-online.top	
e-accsignln.info	
myaccnoticeserver.info	
canadapost-delivery2.com	
canada-postsignature.online	
delivery-change-reschedule6128.com	
etintercdeposits.org	
royalbc-help.online	
reschedule-required-912098.com	
interactransf.online	
mytelus-direct.com	
mytelus-transmit.com	
cdn-verifiedcenter.ink	
govcanservcorp.ca	
dhl.rebooktimeslot.com	
revenue-agency-ca.online	
emt0661.click	
b3m0-srcure-resolute.online	
onerbc.store	
secure-uber-verify.com	
cibc-secure-open.ca	
hydroquebecrappel.ca	
securelogin-my-govau.com	
appie-rebind.online	
rl-tr.online	
rebdetails.rl-tr.online	
attempted-nzpost.net	
applepayid.protect-digitawallet.online	
delivery-reschedule-services.com	
ee-renwal-payment.com	
access-my-report.net	
eflow-termsss.com	
rebnotice.com	
anpost-custom-tax.com	
rbc-canadaverify-alert.com	
emt0881.click	
et-climate-ref.online	
sco-securise.com	
dhl-rescheduled-delivery.com	
newterms-conditions.com	
activate-now-pay.site	
intercdeposits.com	
sant09privateserver.com	
boa-accountshelp.com	
secure-navy.com	
chase-accountshelp.com	
et-interact.one	
postcantransit.com	
accept-etransfer-craportal.one	
change-delivery-reschedule1528.com	
change-delivery-reschedule3528.com	
anpost.package-update.com	
virement1-interacallocationcanada.com	
epap.ca	
reschedule-your-ca-post.xyz	
canadapostweb4.ca	
rappelbell.ca	
lt-etransfer.ca	
mycanadapostpackage.com	
alert-rbc-financial.com	
alerts-rbc-financial.com	
rbc-alert-financial.com	
rbc-financial-alert.com	
rbc-financial-alerts.com	
rbc-financial-secured.com	
rbconlineauthentication.com	
finteracdepo.com	
cpspprt.ca	
cpspprts.com	
royalcandasecure.com	
imperialbcanada.ca	
canada-workersbenefits-gc.com	
b3m0-srcure-resollute.online	
reschedule-required-91578.com	
digital-inbox-secure.net	
deposit-craa.com	
cra-services-gc.com	
reactivate-appiepay.online	
appiewaiiet-restriction.info	
anpost.customs-payments.com	
secure-scotiaonline-alert.com	
secure-scotiainfo-alert.com	
www.delivery-notification.top	
royalaccess-verification.services	
myidentltyconflrmatlon-online.info	
conflrmidentlty-webportal.info	
new-conditions.com	
	
	
	
	
	
	
	
	
	
	
	
	
	
	
	
	
	
	
	
	
	
	
	
	
	
	
	
	
	
	
	
	
	
	
	
	
	
	
	
	
	
	
	
	
	
	
	
	
	
	
	
	
	
	
	
	
	
	
	
	
	
	
	
	
	
	
	
	
	
	
	
	
	
	
	
	
	
	
	
	
	
	
	
	
	
	
	
	
	
	
	
	
	
	
	
	
	
	
	
	
	
	
	
	
	
	
	
	
	
	
	
	
	
	
	
	
	
	
	
	
	
	
	
	
	
	
	
	
	
	
	
	
	
	
	
	
	
	
	
	
	
	
	
	
	
	
	
	
	
	
	
	
	
	
	
	
	
	
	
	
	
	
	
	
	
	
	
	
	
	
	
	
	
	
	
	
	
	
	
	
	
	
	
	
	
	
	
	
	
	
	
	
	
	
	
	
	
	
	
	
	
	
	
	
	
	
	
	
	
	
	
	
	
	
	
	
	
	
	
	
	
	
	
	
	
	
	
	
	
	
	
	
	
	
	
	
	
	
	
	
	
	
	
	
	
	
	
	
	
	
	
	
	
	
	
	
	
	
	
	
	
	
	
	
	
	
	
	
	
	
	
	
	
	
	
	
	
	
	
	
	
	
	
	
	
	
	
	
	
	
	
	
	
	
	
	
	
	
	
	
	
	
	
	
	
	
	
	
	
	
	
	
	
	
	
	
	
	
	
	
	
	
	
	
	
	
	
	
	
	
	
	
	
	
	
	
	
	
	
	
	
	
	
	
	
	
	
	
	
	
	
	
	
	
	
	
	
	
	
	
	
	
	
	
	
	
	
	
	
	
	
	
	
	
	
	
	
	
	
	
	
	
	
	
	
	
	
	
	
	
	
	
	
	
	
	
	
	
	
	
	
	
	
	
	
	
	
	
	
	
	
	
	
	
	
	
	
	
	
	
	
	
	
	
	
	
	
	
	
	
	
	
	
	
	
	
	
	
	
	
	
	
	
	
	
	
	
	
	
	
	
	
	
	
	
	
	
	
	
	
	
	
	
	
	
	
	
	
	
	
	
	
	
	
	
	
	
	
	
	
	
	
	
	
	
	
	
	
	
	
	
	
	
	
	
	
	
	
	
	
	
	
	
	
	
	
	
	
	
	
	
	
	
	
	
	
	
	
	
	
	
	
	
	
	
	
	
	
	
	
	
	
	
	
	
	
	
	
	
	
	
	
	
	
	
	
	
	
	
	
	
	
	
	
	
	
	
	
	
	
	
	
	
	
	
	
	
	
	
	
	
	
	
	
	
	
	
	
	
	
	
	
	
	
	
	
	
	
	
	
	
	
	
	
	
	
	
	
	
	
	
	
	
	
	
	
	
	
	
	
	
	
	
	
	
	
	
	
	
	
	
	
	
	
	
	
	
	
	
	
	
	
	
	
	
	
	
	
	
	
	
	
	
	
	
	
	
	
	
	
	
	
	
	
	
	
	
	
	
	
	
	
	
	
	
	
	
	
	
	
	
	
	
	
	
	
	
	
	
	
	
	
	
	
	
	
	
	
	
	
	
	
	
	
	
	
	
	
	
	
	
	
	
	
	
	
	
	
	
	
	
	
	
	
	
	
	
	
	
	
	
	
	
	
	
	
	
	
	
	
	
	
	
	
	
	
	
	
	
	
	
	
	
	
	
	
	
	
	
	
	
	
	
	
	
	
	
	
	
	
	
	
	
	
	
	
	
	
	
	
	
	
	
	
	
	
	
	
	
	
	
	
	
	
	
	
	
	
	
	
	
	
	
	
	
	
	
	
	
	
	
	
	
	
	
	
	
	
	
	
	
	
	
	
	
	
	
	
	
	
	
	
	
	
	
	
	
	
	
	
	
	
	
	
	
	
	
	
	
	
	
	
	
	
	
	
	
	
	
	
	
	
	
	
	
	
	
	
	
	
	
	
	
	
	
	
	
	
	
	
	
	
	
	
	
	
	
	
	
	
	
	
	
	
	
	
	
	
	
	
	
	
	
	
	
	
	
	
	
	
	
	
	
	
	
	
	
	
	
	
	
	
	
	
	
	
	
	
	
	
	
	
	
	
	
	
	
	
	
	
	
	
	
	
	
	
	
	
	
	
	
	
	
	
	
	
	
	
	
	
	
	
	
	
	
	
	
	
	
	
	
	
	
	
	
	
	
	
	
	
	
	
	
	
	
	
	
	
	
	
	
	
	
	
	
	
	
	
	
	
	
	
	
	
	
	
	
	
	
	
	
	
	
	
	
	
	
	
	
	
	
	
	
	
	
	
	
	
	
	
	
	
	
	
	
	
	
	
	
	
	
	
	
	
	
	
	
	
	
	
	
	
	
	
	
	
	
	
	
	
	
	
	
	
	
	
	
	
	
	
	
	
	
	
	
	
	
	
	
	
	
	
	
	
	
	
	
	
	
	
	
	
	
	
	
	
	
	
	
	
	
	
	
	
	
	
	
	
	
	
	
	
	
	
	
	
	
	
	
	
	
	
	
	
	
	
	
	
	
	
	
	
	
	
	
	
	
	
	
	
	
	
	
	
	
	
	
	
	
	
	
	
	
	
	
	
	
	
	
	
	
	
	
	
	
	
	
	
	
	
	
	
	
	
	
	
	
	
	
	
	
	
	
	
	
	
	
	
	
	
	
	
	
	
	
	
	
	
	
	
	
	
	
	
	
	
	
	
	
	
	
	
	
	
	
	
	
	
	
	
	
	
	
	
	
	
	
	
	
	
	
	
	
	
	
	
	
	
	
	
	
	
	
	
	
	
	
	
	
	
	
	
	
	
	
	
	
	
	
	
	
	
	
	
	
	
	
	
	
	
	
	
	
	
	
	
	
	
	
	
	
	
	
	
	
	
	
	
	
	
	
	
	
	
	
	
	
	
	
	
	
	
	
	
	
	
	
	
	
	
	
	
	
	
	
	
	
	
	
	
	
	
	
	
	
	
	
	
	
	
	
	
	
	
	
	
	
	
	
	
	
	
	
	
	
	
	
	
	
	
	
	
	
	
	
	
	
	
	
	
	
	
	
	
	
	
	
	
	
	
	
	
	
	
	
	
	
	
	
	
	
	
	
	
	
	
	
	
	
	
	
	
	
	
	
	
	
	
	
	
	
	
	
	
	
	
	
	
	
	
	
	
	
	
	
	
	
	
	
	
	
	
	
	
	
	
	
	
	
	
	
	
	
	
	
	
	
	
	
	
	
	
	
	
	
	
	
	
	
	
	
	
	
	
	
	
	
	
	
	
	
	
	
	
	
	
	
	
	
	
	
	
	
	
	
	
	
	
	
	
	
	
	
	
	
	
	
	
	
	
	
	
	
	
	
	
	
	
	
	
	
	
	
	
	
	
	
	
	
	
	
	
	
	
	
	
	
	
	
	
	
	
	
	
	
	
	
	
	
	
	
	
	
	
	
	
	
	
	
	
	
	
	
	
	
	
	
	
	
	
	
	
	
	
	
	
	
	
	
	
	
	
	
	
	
	
	
	
	
	
	
	
	
	
	
	
	
	
	
	
	
	
	
	
	
	
	
	
	
	
	
	
	
	
	
	
	
	
	
	
	
	
	
	
	
	
	
	
	
	
	
	
	
	
	
	
	
	
	
	
	
	
	
	
	
	
	
	
	
	
	
	
	
	
	
	
	
	
	
	
	
	
	
	
	
	
	
	
	
	
	
	
	
	
	
	
	
	
	
	
	
	
	
	
	
	
	
	
	
	
	
	
	
	
	
	
	
	
	
	
	
	
	
	
	
	
	
	
	
	
	
	
	
	
	
	
	
	
	
	
	
	
	
	
	
	
	
	
	
	
	
	
	
	
	
	
	
	
	
	
	
	
	
	
	
	
	
	
	
	
	
	
	
	
	
	
	
	
	
	
	
	
	
	
	
	
	
	
	
	
	
	
	
	
	
	
	
	
	
	
	
	
	
	
	
	
	
	
	
	
	
	
	
	
	
	
	
	
	
	
	
	
	
	
	
	
	
	
	
	
	
	
	
	
	
	
	
	
	
	
	
	
	
	
	
	
	
	
	
	
	
	
	
	
	
	
	
	
	
	
	
	
	
	
	
	
	
	
	
	
	
	
	
	
	
	
	
	
	
	
	
	
	
	
	
	
	
	
	
	
	
	
	
	
	
	
	
	
	
	
	
	
	
	
	
	
	
	
	
	
	
	
	
	
	
	
	
	
	
	
	
	
	
	
	
	
	
	
	
	
	
	
	
	
	
	
	
	
	
	
	
	
	
	
	
	
	
	
	
	
	
	
	
	
	
	
	
	
	
	
	
	
	
	
	
	
	
	
	
	
	
	
	
	
	
	
	
	
	
	
	
	
	
	
	
	
	
	
	
	
	
	
	
	
	
	
	
	
	
	
	
	
	
	
	
	
	
	
	
	
	
	
	
	
	
	
	
	
	
	
	
	
	
	
	
	
	
	
	
	
	
	
	
	
	
	
	
	
	
	
	
	
	
	
	
	
	
	
	
	
	
	
	
	
	
	
	
	
	
	
	
	
	
	
	
	
	
	
	
	
	
	
	
	
	
	
	
	
	
	
	
	
	
	
	
	
	
	
	
	
	
	
	
	
	
	
	
	
	
	
	
	
	
	
	
	
	
	
	
	
	
	
	
	
	
	
	
	
	
	
	
	
	
	
	
	
	
	
	
	
	
	
	
	
	
	
	
	
	
	
	
	
	
	
	
	
	
	
	
	
	
	
	
	
	
	
	
	
	
	
	
	
	
	
	
	
	
	
	
	
	
	
	
	
	
	
	
	
	
	
	
	
	
	
	
	
	
	
	
	
	
	
	
	
	
	
	
	
	
	
	
	
	
	
	
	
	
	
	
	
	
	
	
	
	
	
	
	
	
	
	
	
	
	
	
	
	
	
	
	
	
	
	
	
	
	
	
	
	
	
	
	
	
	
	
	
	
	
	
	
	
	
	
	
	
	
	
	
	
	
	
	
	
	
	
	
	
	
	
	
	
	
	
	
	
	
	
	
	
	
	
	
	
	
	
	
	
	
	
	
	
	
	
	
	
	
	
	
	
	
	
	
	
	
	
	
	
	
	
	
	
	
	
	
	
	
	
	
	
	
	
	
	
	
	
	
	
	
	
	
	
	
	
	
	
	
	
	
	
	
	
	
	
	
	
	
	
	
	
	
	
	
	
	
	
	
	
	
	
	
	
	
	
	
	
	
	
	
	
	
	
	
	
	
	
	
	
	
	
	
	
	
	
	
	
	
	
	
	
	
	
	
	
	
	
	
	
	
	
	
	
	
	
	
	
	
	
	
	
	
	
	
	
	
	
	
	
	
	
	
	
	
	
	
	
	
	
	
	
	
	
	
	
	
	
	
	
	
	
	
	
	
	
	
	
	
	
	
	
	
	
	
	
	
	
	
	
	
	
	
	
	
	
	
	
	
	
	
	
	
	
	
	
	
	
	
	
	
	
	
	
	
	
	
	
	
	
	
	
	
	
	
	
	
	
	
	
	
	
	
	
	
	
	
	
	
	
	
	
	
	
	
	
	
	
	
	
	
	
	
	
	
	
	
	
	
	
	
	
	
	
	
	
	
	
	
	
	
	
	
	
	
	
	
	
	
	
	
	
	
	
	
	
	
	
	
	
	
	
	
	
	
	
	
	
	
	
	
	
	
	
	
	
	
	
	
	
	
	
	
	
	
	
	
	
	
	
	
	
	
	
	
	
	
	
	
	
	
	
	
	
	
	
	
	
	
	
	
	
	
	
	
	
	
	
	
	
	
	
	
	
	
	
	
	
	
	
	
	
	
	
	
	
	
	
	
	
	
	
	
	
	
	
	
	
	
	
	
	
	
	
	
	
	
	
	
	
	
	
	
	
	
	
	
	
	
	
	
	
	
	
	
	
	
	
	
	
	
	
	
	
	
	
	
	
	
	
	
	
	
	
	
	
	
	
	
	
	
	
	
	
	
	
	
	
	
	
	
	
	
	
	
	
	
	
	
	
	
	
	
	
	
	
	
	
	
	
	
	
	
	
	
	
	
	
	
	
	
	
	
	
	
	
	
	
	
	
	
	
	
	
	
	
	
	
	
	
	
	
	
	
	
	
	
	
	
	
	
	
	
	
	
	
	
	
	
	
	
	
	
	
	
	
	
	
	
	
	
	
	
	
	
	
	
	
	
	
	
	
	
	
	
	
	
	
	
	
	
	
	
	
	
	
	
	
	
	
	
	
	
	
	
	
	
	
	
	
	
	
	
	
	
	
	
	
	
	
	
	
	
	
	
	
	
	
	
	
	
	
	
	
	
	
	
	
	
	
	
	
	
	
	
	
	
	
	
	
	
	
	
	
	
	
	
	
	
	
	
	
	
	
	
	
	
	
	
	
	
	
	
	
	
	
	
	
	
	
	
	
	
	
	
	
	
	
	
	
	
	
	
	
	
	
	
	
	
	
	
	
	
	
	
	
	
	
	
	
	
	
	
	
	
	
	
	
	
	
	
	
	
	
	
	
	
	
	
	
	
	
	
	
	
	
	
	
	
	
	
	
	
	
	
	
	
	
	
	
	
	
	
	
	
	
	
	
	
	
	
	
	
	
	
	
	
	
	
	
	
	
	
	
	
	
	
	
	
	
	
	
	
	
	
	
	
	
	
	
	
	
	
	
	
	
	
	
	
	
	
	
	
	
	
	
	
	
	
	
	
	
	
	
	
	
	
	
	
	
	
	
	
	
	
	
	
	
	
	
	
	
	
	
	
	
	
	
	
	
	
	
	
	
	
	
	
	
	
	
	
	
	
	
	
	
	
	
	
	
	
	
	
	
	
	
	
	
	
	
	
	
	
	
	
	
	
	
	
	
	
	
	
	
	
	
	
	
	
	
	
	
	
	
	
	
	
	
	
	
	
	
	
	
	
	
	
	
	
	
	
	
	
	
	
	
	
	
	
	
	
	
	
	
	
	
	
	
	
	
	
	
	
	
	
	
	
	
	
	
	
	
	
	
	
	
	
	
	
	
	
	
	
	
	
	
	
	
	
	
	
	
	
	
	
	
	
	
	
	
	
	
	
	
	
	
	
	
	
	
	
	
	
	
	
	
	
	
	
	
	
	
	
	
	
	
	
	
	
	
	
	
	
	
	
	
	
	
	
	
	
	
	
	
	
	
	
	
	
	
	
	
	
	
	
	
	
	
	
	
	
	
	
	
	
	
	
	
	
	
	
	
	
	
	
	
	
	
	
	
	
	
	
	
	
	
	
	
	
	
	
	
	
	
	
	
	
	
	
	
	
	
	
	
	
	
	
	
	
	
	
	
	
	
	
	
	
	
	
	
	
	
	
	
	
	
	
	
	
	
	
	
	
	
	
	
	
	
	
	
	
	
	
	
	
	
	
	
	
	
	
	
	
	
	
	
	
	
	
	
	
	
	
	
	
	
	
	
	
	
	
	
	
	
	
	
	
	
	
	
	
	
	
	
	
	
	
	
	
	
	
	
	
	
	
	
	
	
	
	
	
	
	
	
	
	
	
	
	
	
	
	
	
	
	
	
	
	
	
	
	
	
	
	
	
	
	
	
	
	
	
	
	
	
	
	
	
	
	
	
	
	
	
	
	
	
	
	
	
	
	
	
	
	
	
	
	
	
	
	
	
	
	
	
	
	
	
	
	
	
	
	
	
	
	
	
	
	
	
	
	
	
	
	
	
	
	
	
	
	
	
	
	
	
	
	
	
	
	
	
	
	
	
	
	
	
	
	
	
	
	
	
	
	
	
	
	
	
	
	
	
	
	
	
	
	
	
	
	
	
	
	
	
	
	
	
	
	
	
	
	
	
	
	
	
	
	
	
	
	
	
	
	
	
	
	
	
	
	
	
	
	
	
	
	
	
	
	
	
	
	
	
	
	
	
	
	
	
	
	
	
	
	
	
	
	
	
	
	
	
	
	
	
	
	
	
	
	
	
	
	
	
	
	
	
	
	
	
	
	
	
	
	
	
	
	
	
	
	
	
	
	
	
	
	
	
	
	
	
	
	
	
	
	
	
	
	
	
	
	
	
	
	
	
	
	
	
	
	
	
	
	
	
	
	
	
	
	
	
	
	
	
	
	
	
	
	
	
	
	
	
	
	
	
	
	
	
	
	
	
	
	
	
	
	
	
	
	
	
	
	
	
	
	
	
	
	
	
	
	
	
	
	
	
	
	
	
	
	
	
	
	
	
	
	
	
	
	
	
	
	
	
	
	
	
	
	
	
	
	
	
	
	
	
	
	
	
	
	
	
	
	
	
	
	
	
	
	
	
	
	
	
	
	
	
	
	
	
	
	
	
	
	
	
	
	
	
	
	
	
	
	
	
	
	
	
	
	
	
	
	
	
	
	
	
	
	
	
	
	
	
	
	
	
	
	
	
	
	
	
	
	
	
	
	
	
	
	
	
	
	
	
	
	
	
	
	
	
	
	
	
	
	
	
	
	
	
	
	
	
	
	
	
	
	
	
	
	
	
	
	
	
	
	
	
	
	
	
	
	
	
	
	
	
	
	
	
	
	
	
	
	
	
	
	
	
	
	
	
	
	
	
	
	
	
	
	
	
	
	
	
	
	
	
	
	
	
	
	
	
	
	
	
	
	
	
	
	
	
	
	
	
	
	
	
	
	
	
	
	
	
	
	
	
	
	
	
	
	
	
	
	
	
	
	
	
	
	
	
	
	
	
	
	
	
	
	
	
	
	
	
	
	
	
	
	
	
	
	
	
	
	
	
	
	
	
	
	
	
	
	
	
	
	
	
	
	
	
	
	
	
	
	
	
	
	
	
	
	
	
	
	
	
	
	
	
	
	
	
	
	
	
	
	
	
	
	
	
	
	
	
	
	
	
	
	
	
	
	
	
	
	
	
	
	
	
	
	
	
	
	
	
	
	
	
	
	
	
	
	
	
	
	
	
	
	
	
	
	
	
	
	
	
	
	
	
	
	
	
	
	
	
	
	
	
	
	
	
	
	
	
	
	
	
	
	
	
	
	
	
	
	
	
	
	
	
	
	
	
	
	
	
	
	
	
	
	
	
	
	
	
	
	
	
	
	
	
	
	
	
	
	
	
	
	
	
	
	
	
	
	
	
	
	
	
	
	
	
	
	
	
	
	
	
	
	
	
	
	
	
	
	
	
	
	
	
	
	
	
	
	
	
	
	
	
	
	
	
	
	
	
	
	
	
	
	
	
	
	
	
	
	
	
	
	
	
	
	
	
	
	
	
	
	
	
	
	
	
	
	
	
	
	
	
	
	
	
	
	
	
	
	
	
	
	
	
	
	
	
	
	
	
	
	
	
	
	
	
	
	
	
	
	
	
	
	
	
	
	
	
	
	
	
	
	
	
	
	
	
	
	
	
	
	
	
	
	
	
	
	
	
	
	
	
	
	
	
	
	
	
	
	
	
	
	
	
	
	
	
	
	
	
	
	
	
	
	
	
	
	
	
	
	
	
	
	
	
	
	
	
	
	
	
	
	
	
	
	
	
	
	
	
	
	
	
	
	
	
	
	
	
	
	
	
	
	
	
	
	
	
	
	
	
	
	
	
	
	
	
	
	
	
	
	
	
	
	
	
	
	
	
	
	
	
	
	
	
	
	
	
	
	
	
	
	
	
	
	
	
	
	
	
	
	
	
	
	
	
	
	
	
	
	
	
	
	
	
	
	
	
	
	
	
	
	
	
	
	
	
	
	
	
	
	
	
	
	
	
	
	
	
	
	
	
	
	
	
	
	
	
	
	
	
	
	
	
	
	
	
	
	
	
	
	
	
	
	
	
	
	
	
	
	
	
	
	
	
	
	
	
	
	
	
	
	
	
	
	
	
	
	
	
	
	
	
	
	
	
	
	
	
	
	
	
	
	
	
	
	
	
	
	
	
	
	
	
	
	
	
	
	
	
	
	
	
	
	
	
	
	
	
	
	
	
	
	
	
	
	
	
	
	
	
	
	
	
	
	
	
	
	
	
	
	
	
	
	
	
	
	
	
	
	
	
	
	
	
	
	
	
	
	
	
	
	
	
	
	
	
	
	
	
	
	
	
	
	
	
	
	
	
	
	
	
	
	
	
	
	
	
	
	
	
	
	
	
	
	
	
	
	
	
	
	
	
	
	
	
	
	
	
	
	
	
	
	
	
	
	
	
	
	
	
	
	
	
	
	
	
	
	
	
	
	
	
	
	
	
	
	
	
	
	
	
	
	
	
	
	
	
	
	
	
	
	
	
	
	
	
	
	
	
	
	
	
	
	
	
	
	
	
	
	
	
	
	
	
	
	
	
	
	
	
	
	
	
	
	
	
	
	
	
	
	
	
	
	
	
	
	
	
	
	
	
	
	
	
	
	
	
	
	
	
	
	
	
	
	
	
	
	
	
	
	
	
	
	
	
	
	
	
	
	
	
	
	
	
	
	
	
	
	
	
	
	
	
	
	
	
	
	
	
	
	
	
	
	
	
	
	
	
	
	
	
	
	
	
	
	
	
	
	
	
	
	
	
	
	
	
	
	
	
	
	
	
	
	
	
	
	
	
	
	
	
	
	
	
	
	
	
	
	
	
	
	
	
	
	
	
	
	
	
	
	
	
	
	
	
	
	
	
	
	
	
	
	
	
	
	
	
	
	
	
	
	
	
	
	
	
	
	
	
	
	
	
	
	
	
	
	
	
	
	
	
	
	
	
	
	
	
	
	
	
	
	
	
	
	
	
	
	
	
	
	
	
	
	
	
	
	
	
	
	
	
	
	
	
	
	
	
	
	
	
	
	
	
	
	
	
	
	
	
	
	
	
	
	
	
	
	
	
	
	
	
	
	
	
	
	
	
	
	
	
	
	
	
	
	
	
	
	
	
	
	
	
	
	
	
	
	
	
	
	
	
	
	
	
	
	
	
	
	
	
	
	
	
	
	
	
	
	
	
	
	
	
	
	
	
	
	
	
	
	
	
	
	
	
	
	
	
	
	
	
	
	
	
	
	
	
	
	
	
	
	
	
	
	
	
	
	
	
	
	
	
	
	
	
	
	
	
	
	
	
	
	
	
	
	
	
	
	
	
	
	
	
	
	
	
	
	
	
	
	
	
	
	
	
	
	
	
	
	
	
	
	
	
	
	
	
	
	
	
	
	
	
	
	
	
	
	
	
	
	
	
	
	
	
	
	
	
	
	
	
	
	
	
	
	
	
	
	
	
	
	
	
	
	
	
	
	
	
	
	
	
	
	
	
	
	
	
	
	
	
	
	
	
	
	
	
	
	
	
	
	
	
	
	
	
	
	
	
	
	
	
	
	
	
	
	
	
	
	
	
	
	
	
	
	
	
	
	
	
	
	
	
	
	
	
	
	
	
	
	
	
	
	
	
	
	
	
	
	
	
	
	
	
	
	
	
	
	
	
	
	
	
	
	
	
	
	
	
	
	
	
	
	
	
	
	
	
	
	
	
	
	
	
	
	
	
	
	
	
	
	
	
	
	
	
	
	
	
	
	
	
	
	
	
	
	
	
	
	
	
	
	
	
	
	
	
	
	
	
	
	
	
	
	
	
	
	
	
	
	
	
	
	
	
	
	
	
	
	
	
	
	
	
	
	
	
	
	
	
	
	
	
	
	
	
	
	
	
	
	
	
	
	
	
	
	
	
	
	
	
	
	
	
	
	
	
	
	
	
	
	
	
	
	
	
	
	
	
	
	
	
	
	
	
	
	
	
	
	
	
	
	
	
	
	
	
	
	
	
	
	
	
	
	
	
	
	
	
	
	
	
	
	
	
	
	
	
	
	
	
	
	
	
	
	
	
	
	
	
	
	
	
	
	
	
	
	
	
	
	
	
	
	
	
	
	
	
	
	
	
	
	
	
	
	
	
	
	
	
	
	
	
	
	
	
	
	
	
	
	
	
	
	
	
	
	
	
	
	
	
	
	
	
	
	
	
	
	
	
	
	
	
	
	
	
	
	
	
	
	
	
	
	
	
	
	
	
	
	
	
	
	
	
	
	
	
	
	
	
	
	
	
	
	
	
	
	
	
	
	
	
	
	
	
	
	
	
	
	
	
	
	
	
	
	
	
	
	
	
	
	
	
	
	
	
	
	
	
	
	
	
	
	
	
	
	
	
	
	
	
	
	
	
	
	
	
	
	
	
	
	
	
	
	
	
	
	
	
	
	
	
	
	
	
	
	
	
	
	
	
	
	
	
	
	
	
	
	
	
	
	
	
	
	
	
	
	
	
	
	
	
	
	
	
	
	
	
	
	
	
	
	
	
	
	
	
	
	
	
	
	
	
	
	
	
	
	
	
	
	
	
	
	
	
	
	
	
	
	
	
	
	
	
	
	
	
	
	
	
	
	
	
	
	
	
	
	
	
	
	
	
	
	
	
	
	
	
	
	
	
	
	
	
	
	
	
	
	
	
	
	
	
	
	
	
	
	
	
	
	
	
	
	
	
	
	
	
	
	
	
	
	
	
	
	
	
	
	
	
	
	
	
	
	
	
	
	
	
	
	
	
	
	
	
	
	
	
	
	
	
	
	
	
	
	
	
	
	
	
	
	
	
	
	
	
	
	
	
	
	
	
	
	
	
	
	
	
	
	
	
	
	
	
	
	
	
	
	
	
	
	
	
	
	
	
	
	
	
	
	
	
	
	
	
	
	
	
	
	
	
	
	
	
	
	
	
	
	
	
	
	
	
	
	
	
	
	
	
	
	
	
	
	
	
	
	
	
	
	
	
	
	
	
	
	
	
	
	
	
	
	
	
	
	
	
	
	
	
	
	
	
	
	
	
	
	
	
	
	
	
	
	
	
	
	
	
	
	
	
	
	
	
	
	
	
	
	
	
	
	
	
	
	
	
	
	
	
	
	
	
	
	
	
	
	
	
	
	
	
	
	
	
	
	
	
	
	
	
	
	
	
	
	
	
	
	
	
	
	
	
	
	
	
	
	
	
	
	
	
	
	
	
	
	
	
	
	
	
	
	
	
	
	
	
	
	
	
	
	
	
	
	
	
	
	
	
	
	
	
	
	
	
	
	
	
	
	
	
	
	
	
	
	
	
	
	
	
	
	
	
	
	
	
	
	
	
	
	
	
	
	
	
	
	
	
	
	
	
	
	
	
	
	
	
	
	
	
	
	
	
	
	
	
	
	
	
	
	
	
	
	
	
	
	
	
	
	
	
	
	
	
	
	
	
	
	
	
	
	
	
	
	
	
	
	
	
	
	
	
	
	
	
	
	
	
	
	
	
	
	
	
	
	
	
	
	
	
	
	
	
	
	
	
	
	
	
	
	
	
	
	
	
	
	
	
	
	
	
	
	
	
	
	
	
	
	
	
	
	
	
	
	
	
	
	
	
	
	
	
	
	
	
	
	
	
	
	
	
	
	
	
	
	
	
	
	
	
	
	
	
	
	
	
	
	
	
	
	
	
	
	
	
	
	
	
	
	
	
	
	
	
	
	
	
	
	
	
	
	
	
	
	
	
	
	
	
	
	
	
	
	
	
	
	
	
	
	
	
	
	
	
	
	
	
	
	
	
	
	
	
	
	
	
	
	
	
	
	
	
	
	
	
	
	
	
	
	
	
	
	
	
	
	
	
	
	
	
	
	
	
	
	
	
	
	
	
	
	
	
	
	
	
	
	
	
	
	
	
	
	
	
	
	
	
	
	
	
	
	
	
	
	
	
	
	
	
	
	
	
	
	
	
	
	
	
	
	
	
	
	
	
	
	
	
	
	
	
	
	
	
	
	
	
	
	
	
	
	
	
	
	
	
	
	
	
	
	
	
	
	
	
	
	
	
	
	
	
	
	
	
	
	
	
	
	
	
	
	
	
	
	
	
	
	
	
	
	
	
	
	
	
	
	
	
	
	
	
	
	
	
	
	
	
	
	
	
	
	
	
	
	
	
	
	
	
	
	
	
	
	
	
	
	
	
	
	
	
	
	
	
	
	
	
	
	
	
	
	
	
	
	
	
	
	
	
	
	
	
	
	
	
	
	
	
	
	
	
	
	
	
	
	
	
	
	
	
	
	
	
	
	
	
	
	
	
	
	
	
	
	
	
	
	
	
	
	
	
	
	
	
	
	
	
	
	
	
	
	
	
	
	
	
	
	
	
	
	
	
	
	
	
	
	
	
	
	
	
	
	
	
	
	
	
	
	
	
	
	
	
	
	
	
	
	
	
	
	
	
	
	
	
	
	
	
	
	
	
	
	
	
	
	
	
	
	
	
	
	
	
	
	
	
	
	
	
	
	
	
	
	
	
	
	
	
	
	
	
	
	
	
	
	
	
	
	
	
	
	
	
	
	
	
	
	
	
	
	
	
	
	
	
	
	
	
	
	
	
	
	
	
	
	
	
	
	
	
	
	
	
	
	
	
	
	
	
	
	
	
	
	
	
	
	
	
	
	
	
	
	
	
	
	
	
	
	
	
	
	
	
	
	
	
	
	
	
	
	
	
	
	
	
	
	
	
	
	
	
	
	
	
	
	
	
	
	
	
	
	
	
	
	
	
	
	
	
	
	
	
	
	
	
	
	
	
	
	
	
	
	
	
	
	
	
	
	
	
	
	
	
	
	
	
	
	
	
	
	
	
	
	
	
	
	
	
	
	
	
	
	
	
	
	
	
	
	
	
	
	
	
	
	
	
	
	
	
	
	
	
	
	
	
	
	
	
	
	
	
	
	
	
	
	
	
	
	
	
	
	
	
	
	
	
	
	
	
	
	
	
	
	
	
	
	
	
	
	
	
	
	
	
	
	
	
	
	
	
	
	
	
	
	
	
	
	
	
	
	
	
	
	
	
	
	
	
	
	
	
	
	
	
	
	
	
	
	
	
	
	
	
	
	
	
	
	
	
	
	
	
	
	
	
	
	
	
	
	
	
	
	
	
	
	
	
	
	
	
	
	
	
	
	
	
	
	
	
	
	
	
	
	
	
	
	
	
	
	
	
	
	
	
	
	
	
	
	
	
	
	
	
	
	
	
	
	
	
	
	
	
	
	
	
	
	
	
	
	
	
	
	
	
	
	
	
	
	
	
	
	
	
	
	
	
	
	
	
	
	
	
	
	
	
	
	
	
	
	
	
	
	
	
	
	
	
	
	
	
	
	
	
	
	
	
	
	
	
	
	
	
	
	
	
	
	
	
	
	
	
	
	
	
	
	
	
	
	
	
	
	
	
	
	
	
	
	
	
	
	
	
	
	
	
	
	
	
	
	
	
	
	
	
	
	
	
	
	
	
	
	
	
	
	
	
	
	
	
	
	
	
	
	
	
	
	
	
	
	
	
	
	
	
	
	
	
	
	
	
	
	
	
	
	
	
	
	
	
	
	
	
	
	
	
	
	
	
	
	
	
	
	
	
	
	
	
	
	
	
	
	
	
	
	
	
	
	
	
	
	
	
	
	
	
	
	
	
	
	
	
	
	
	
	
	
	
	
	
	
	
	
	
	
	
	
	
	
	
	
	
	
	
	
	
	
	
	
	
	
	
	
	
	
	
	
	
	
	
	
	
	
	
	
	
	
	
	
	
	
	
	
	
	
	
	
	
	
	
	
	
	
	
	
	
	
	
	
	
	
	
	
	
	
	
	
	
	
	
	
	
	
	
	
	
	
	
	
	
	
	
	
	
	
	
	
	
	
	
	
	
	
	
	
	
	
	
	
	
	
	
	
	
	
	
	
	
	
	
	
	
	
	
	
	
	
	
	
	
	
	
	
	
	
	
	
	
	
	
	
	
	
	
	
	
	
	
	
	
	
	
	
	
	
	
	
	
	
	
	
	
	
	
	
	
	
	
	
	
	
	
	
	
	
	
	
	
	
	
	
	
	
	
	
	
	
	
	
	
	
	
	
	
	
	
	
	
	
	
	
	
	
	
	
	
	
	
	
	
	
	
	
	
	
	
	
	
	
	
	
	
	
	
	
	
	
	
	
	
	
	
	
	
	
	
	
	
	
	
	
	
	
	
	
	
	
	
	
	
	
	
	
	
	
	
	
	
	
	
	
	
	
	
	
	
	
	
	
	
	
	
	
	
	
	
	
	
	
	
	
	
	
	
	
	
	
	
	
	
	
	
	
	
	
	
	
	
	
	
	
	
	
	
	
	
	
	
	
	
	
	
	
	
	
	
	
	
	
	
	
	
	
	
	
	
	
	
	
	
	
	
	
	
	
	
	
	
	
	
	
	
	
	
	
	
	
	
	
	
	
	
	
	
	
	
	
	
	
	
	
	
	
	
	
	
	
	
	
	
	
	
	
	
	
	
	
	
	
	
	
	
	
	
	
	
	
	
	
	
	
	
	
	
	
	
	
	
	
	
	
	
	
	
	
	
	
	
	
	
	
	
	
	
	
	
	
	
	
	
	
	
	
	
	
	
	
	
	
	
	
	
	
	
	
	
	
	
	
	
	
	
	
	
	
	
	
	
	
	
	
	
	
	
	
	
	
	
	
	
	
	
	
	
	
	
	
	
	
	
	
	
	
	
	
	
	
	
	
	
	
	
	
	
	
	
	
	
	
	
	
	
	
	
	
	
	
	
	
	
	
	
	
	
	
	
	
	
	
	
	
	
	
	
	
	
	
	
	
	
	
	
	
	
	
	
	
	
	
	
	
	
	
	
	
	
	
	
	
	
	
	
	
	
	
	
	
	
	
	
	
	
	
	
	
	
	
	
	
	
	
	
	
	
	
	
	
	
	
	
	
	
	
	
	
	
	
	
	
	
	
	
	
	
	
	
	
	
	
	
	
	
	
	
	
	
	
	
	
	
	
	
	
	
	
	
	
	
	
	
	
	
	
	
	
	
	
	
	
	
	
	
	
	
	
	
	
	
	
	
	
	
	
	
	
	
	
	
	
	
	
	
	
	
	
	
	
	
	
	
	
	
	
	
	
	
	
	
	
	
	
	
	
	
	
	
	
	
	
	
	
	
	
	
	
	
	
	
	
	
	
	
	
	
	
	
	
	
	
	
	
	
	
	
	
	
	
	
	
	
	
	
	
	
	
	
	
	
	
	
	
	
	
	
	
	
	
	
	
	
	
	
	
	
	
	
	
	
	
	
	
	
	
	
	
	
	
	
	
	
	
	
	
	
	
	
	
	
	
	
	
	
	
	
	
	
	
	
	
	
	
	
	
	
	
	
	
	
	
	
	
	
	
	
	
	
	
	
	
	
	
	
	
	
	
	
	
	
	
	
	
	
	
	
	
	
	
	
	
	
	
	
	
	
	
	
	
	
	
	
	
	
	
	
	
	
	
	
	
	
	
	
	
	
	
	
	
	
	
	
	
	
	
	
	
	
	
	
	
	
	
	
	
	
	
	
	
	
	
	
	
	
	
	
	
	
	
	
	
	
	
	
	
	
	
	
	
	
	
	
	
	
	
	
	
	
	
	
	
	
	
	
	
	
	
	
	
	
	
	
	
	
	
	
	
	
	
	
	
	
	
	
	
	
	
	
	
	
	
	
	
	
	
	
	
	
	
	
	
	
	
	
	
	
	
	
	
	
	
	
	
	
	
	
	
	
	
	
	
	
	
	
	
	
	
	
	
	
	
	
	
	
	
	
	
	
	
	
	
	
	
	
	
	
	
	
	
	
	
	
	
	
	
	
	
	
	
	
	
	
	
	
	
	
	
	
	
	
	
	
	
	
	
	
	
	
	
	
	
	
	
	
	
	
	
	
	
	
	
	
	
	
	
	
	
	
	
	
	
	
	
	
	
	
	
	
	
	
	
	
	
	
	
	
	
	
	
	
	
	
	
	
	
	
	
	
	
	
	
	
	
	
	
	
	
	
	
	
	
	
	
	
	
	
	
	
	
	
	
	
	
	
	
	
	
	
	
	
	
	
	
	
	
	
	
	
	
	
	
	
	
	
	
	
	
	
	
	
	
	
	
	
	
	
	
	
	
	
	
	
	
	
	
	
	
	
	
	
	
	
	
	
	
	
	
	
	
	
	
	
	
	
	
	
	
	
	
	
	
	
	
	
	
	
	
	
	
	
	
	
	
	
	
	
	
	
	
	
	
	
	
	
	
	
	
	
	
	
	
	
	
	
	
	
	
	
	
	
	
	
	
	
	
	
	
	
	
	
	
	
	
	
	
	
	
	
	
	
	
	
	
	
	
	
	
	
	
	
	
	
	
	
	
	
	
	
	
	
	
	
	
	
	
	
	
	
	
	
	
	
	
	
	
	
	
	
	
	
	
	
	
	
	
	
	
	
	
	
	
	
	
	
	
	
	
	
	
	
	
	
	
	
	
	
	
	
	
	
	
	
	
	
	
	
	
	
	
	
	
	
	
	
	
	
	
	
	
	
	
	
	
	
	
	
	
	
	
	
	
	
	
	
	
	
	
	
	
	
	
	
	
	
	
	
	
	
	
	
	
	
	
	
	
	
	
	
	
	
	
	
	
	
	
	
	
	
	
	
	
	
	
	
	
	
	
	
	
	
	
	
	
	
	
	
	
	
	
	
	
	
	
	
	
	
	
	
	
	
	
	
	
	
	
	
	
	
	
	
	
	
	
	
	
	
	
	
	
	
	
	
	
	
	
	
	
	
	
	
	
	
	
	
	
	
	
	
	
	
	
	
	
	
	
	
	
	
	
	
	
	
	
	
	
	
	
	
	
	
	
	
	
	
	
	
	
	
	
	
	
	
	
	
	
	
	
	
	
	
	
	
	
	
	
	
	
	
	
	
	
	
	
	
	
	
	
	
	
	
	
	
	
	
	
	
	
	
	
	
	
	
	
	
	
	
	
	
	
	
	
	
	
	
	
	
	
	
	
	
	
	
	
	
	
	
	
	
	
	
	
	
	
	
	
	
	
	
	
	
	
	
	
	
	
	
	
	
	
	
	
	
	
	
	
	
	
	
	
	
	
	
	
	
	
	
	
	
	
	
	
	
	
	
	
	
	
	
	
	
	
	
	
	
	
	
	
	
	
	
	
	
	
	
	
	
	
	
	
	
	
	
	
	
	
	
	
	
	
	
	
	
	
	
	
	
	
	
	
	
	
	
	
	
	
	
	
	
	
	
	
	
	
	
	
	
	
	
	
	
	
	
	
	
	
	
	
	
	
	
	
	
	
	
	
	
	
	
	
	
	
	
	
	
	
	
	
	
	
	
	
	
	
	
	
	
	
	
	
	
	
	
	
	
	
	
	
	
	
	
	
	
	
	
	
	
	
	
	
	
	
	
	
	
	
	
	
	
	
	
	
	
	
	
	
	
	
	
	
	
	
	
	
	
	
	
	
	
	
	
	
	
	
	
	
	
	
	
	
	
	
	
	
	
	
	
	
	
	
	
	
	
	
	
	
	
	
	
	
	
	
	
	
	
	
	
	
	
	
	
	
	
	
	
	
	
	
	
	
	
	
	
	
	
	
	
	
	
	
	
	
	
	
	
	
	
	
	
	
	
	
	
	
	
	
	
	
	
	
	
	
	
	
	
	
	
	
	
	
	
	
	
	
	
	
	
	
	
	
	
	
	
	
	
	
	
	
	
	
	
	
	
	
	
	
	
	
	
	
	
	
	
	
	
	
	
	
	
	
	
	
	
	
	
	
	
	
	
	
	
	
	
	
	
	
	
	
	
	
	
	
	
	
	
	
	
	
	
	
	
	
	
	
	
	
	
	
	
	
	
	
	
	
	
	
	
	
	
	
	
	
	
	
	
	
	
	
	
	
	
	
	
	
	
	
	
	
	
	
	
	
	
	
	
	
	
	
	
	
	
	
	
	
	
	
	
	
	
	
	
	
	
	
	
	
	
	
	
	
	
	
	
	
	
	
	
	
	
	
	
	
	
	
	
	
	
	
	
	
	
	
	
	
	
	
	
	
	
	
	
	
	
	
	
	
	
	
	
	
	
	
	
	
	
	
	
	
	
	
	
	
	
	
	
	
	
	
	
	
	
	
	
	
	
	
	
	
	
	
	
	
	
	
	
	
	
	
	
	
	
	
	
	
	
	
	
	
	
	
	
	
	
	
	
	
	
	
	
	
	
	
	
	
	
	
	
	
	
	
	
	
	
	
	
	
	
	
	
	
	
	
	
	
	
	
	
	
	
	
	
	
	
	
	
	
	
	
	
	
	
	
	
	
	
	
	
	
	
	
	
	
	
	
	
	
	
	
	
	
	
	
	
	
	
	
	
	
	
	
	
	
	
	
	
	
	
	
	
	
	
	
	
	
	
	
	
	
	
	
	
	
	
	
	
	
	
	
	
	
	
	
	
	
	
	
	
	
	
	
	
	
	
	
	
	
	
	
	
	
	
	
	
	
	
	
	
	
	
	
	
	
	
	
	
	
	
	
	
	
	
	
	
	
	
	
	
	
	
	
	
	
	
	
	
	
	
	
	
	
	
	
	
	
	
	
	
	
	
	
	
	
	
	
	
	
	
	
	
	
	
	
	
	
	
	
	
	
	
	
	
	
	
	
	
	
	
	
	
	
	
	
	
	
	
	
	
	
	
	
	
	
	
	
	
	
	
	
	
	
	
	
	
	
	
	
	
	
	
	
	
	
	
	
	
	
	
	
	
	
	
	
	
	
	
	
	
	
	
	
	
	
	
	
	
	
	
	
	
	
	
	
	
	
	
	
	
	
	
	
	
	
	
	
	
	
	
	
	
	
	
	
	
	
	
	
	
	
	
	
	
	
	
	
	
	
	
	
	
	
	
	
	
	
	
	
	
	
	
	
	
	
	
	
	
	
	
	
	
	
	
	
	
	
	
	
	
	
	
	
	
	
	
	
	
	
	
	
	
	
	
	
	
	
	
	
	
	
	
	
	
	
	
	
	
	
	
	
	
	
	
	
	
	
	
	
	
	
	
	
	
	
	
	
	
	
	
	
	
	
	
	
	
	
	
	
	
	
	
	
	
	
	
	
	
	
	
	
	
	
	
	
	
	
	
	
	
	
	
	
	
	
	
	
	
	
	
	
	
	
	
	
	
	
	
	
	
	
	
	
	
	
	
	
	
	
	
	
	
	
	
	
	
	
	
	
	
	
	
	
	
	
	
	
	
	
	
	
	
	
	
	
	
	
	
	
	
	
	
	
	
	
	
	
	
	
	
	
	
	
	
	
	
	
	
	
	
	
	
	
	
	
	
	
	
	
	
	
	
	
	
	
	
	
	
	
	
	
	
	
	
	
	
	
	
	
	
	
	
	
	
	
	
	
	
	
	
	
	
	
	
	
	
	
	
	
	
	
	
	
	
	
	
	
	
	
	
	
	
	
	
	
	
	
	
	
	
	
	
	
	
	
	
	
	
	
	
	
	
	
	
	
	
	
	
	
	
	
	
	
	
	
	
	
	
	
	
	
	
	
	
	
	
	
	
	
	
	
	
	
	
	
	
	
	
	
	
	
	
	
	
	
	
	
	
	
	
	
	
	
	
	
	
	
	
	
	
	
	
	
	
	
	
	
	
	
	
	
	
	
	
	
	
	
	
	
	
	
	
	
	
	
	
	
	
	
	
	
	
	
	
	
	
	
	
	
	
	
	
	
	
	
	
	
	
	
	
	
	
	
	
	
	
	
	
	
	
	
	
	
	
	
	
	
	
	
	
	
	
	
	
	
	
	
	
	
	
	
	
	
	
	
	
	
	
	
	
	
	
	
	
	
	
	
	
	
	
	
	
	
	
	
	
	
	
	
	
	
	
	
	
	
	
	
	
	
	
	
	
	
	
	
	
	
	
	
	
	
	
	
	
	
	
	
	
	
	
	
	
	
	
	
	
	
	
	
	
	
	
	
	
	
	
	
	
	
	
	
	
	
	
	
	
	
	
	
	
	
	
	
	
	
	
	
	
	
	
	
	
	
	
	
	
	
	
	
	
	
	
	
	
	
	
	
	
	
	
	
	
	
	
	
	
	
	
	
	
	
	
	
	
	
	
	
	
	
	
	
	
	
	
	
	
	
	
	
	
	
	
	
	
	
	
	
	
	
	
	
	
	
	
	
	
	
	
	
	
	
	
	
	
	
	
	
	
	
	
	
	
	
	
	
	
	
	
	
	
	
	
	
	
	
	
	
	
	
	
	
	
	
	
	
	
	
	
	
	
	
	
	
	
	
	
	
	
	
	
	
	
	
	
	
	
	
	
	
	
	
	
	
	
	
	
	
	
	
	
	
	
	
	
	
	
	
	
	
	
	
	
	
	
	
	
	
	
	
	
	
	
	
	
	
	
	
	
	
	
	
	
	
	
	
	
	
	
	
	
	
	
	
	
	
	
	
	
	
	
	
	
	
	
	
	
	
	
	
	
	
	
	
	
	
	
	
	
	
	
	
	
	
	
	
	
	
	
	
	
	
	
	
	
	
	
	
	
	
	
	
	
	
	
	
	
	
	
	
	
	
	
	
	
	
	
	
	
	
	
	
	
	
	
	
	
	
	
	
	
	
	
	
	
	
	
	
	
	
	
	
	
	
	
	
	
	
	
	
	
	
	
	
	
	
	
	
	
	
	
	
	
	
	
	
	
	
	
	
	
	
	
	
	
	
	
	
	
	
	
	
	
	
	
	
	
	
	
	
	
	
	
	
	
	
	
	
	
	
	
	
	
	
	
	
	
	
	
	
	
	
	
	
	
	
	
	
	
	
	
	
	
	
	
	
	
	
	
	
	
	
	
	
	
	
	
	
	
	
	
	
	
	
	
	
	
	
	
	
	
	
	
	
	
	
	
	
	
	
	
	
	
	
	
	
	
	
	
	
	
	
	
	
	
	
	
	
	
	
	
	
	
	
	
	
	
	
	
	
	
	
	
	
	
	
	
	
	
	
	
	
	
	
	
	
	
	
	
	
	
	
	
	
	
	
	
	
	
	
	
	
	
	
	
	
	
	
	
	
	
	
	
	
	
	
	
	
	
	
	
	
	
	
	
	
	
	
	
	
	
	
	
	
	
	
	
	
	
	
	
	
	
	
	
	
	
	
	
	
	
	
	
	
	
	
	
	
	
	
	
	
	
	
	
	
	
	
	
	
	
	
	
	
	
	
	
	
	
	
	
	
	
	
	
	
	
	
	
	
	
	
	
	
	
	
	
	
	
	
	
	
	
	
	
	
	
	
	
	
	
	
	
	
	
	
	
	
	
	
	
	
	
	
	
	
	
	
	
	
	
	
	
	
	
	
	
	
	
	
	
	
	
	
	
	
	
	
	
	
	
	
	
	
	
	
	
	
	
	
	
	
	
	
	
	
	
	
	
	
	
	
	
	
	
	
	
	
	
	
	
	
	
	
	
	
	
	
	
	
	
	
	
	
	
	
	
	
	
	
	
	
	
	
	
	
	
	
	
	
	
	
	
	
	
	
	
	
	
	
	
	
	
	
	
	
	
	
	
	
	
	
	
	
	
	
	
	
	
	
	
	
	
	
	
	
	
	
	
	
	
	
	
	
	
	
	
	
	
	
	
	
	
	
	
	
	
	
	
	
	
	
	
	
	
	
	
	
	
	
	
	
	
	
	
	
	
	
	
	
	
	
	
	
	
	
	
	
	
	
	
	
	
	
	
	
	
	
	
	
	
	
	
	
	
	
	
	
	
	
	
	
	
	
	
	
	
	
	
	
	
	
	
	
	
	
	
	
	
	
	
	
	
	
	
	
	
	
	
	
	
	
	
	
	
	
	
	
	
	
	
	
	
	
	
	
	
	
	
	
	
	
	
	
	
	
	
	
	
	
	
	
	
	
	
	
	
	
	
	
	
	
	
	
	
	
	
	
	
	
	
	
	
	
	
	
	
	
	
	
	
	
	
	
	
	
	
	
	
	
	
	
	
	
	
	
	
	
	
	
	
	
	
	
	
	
	
	
	
	
	
	
	
	
	
	
	
	
	
	
	
	
	
	
	
	
	
	
	
	
	
	
	
	
	
	
	
	
	
	
	
	
	
	
	
	
	
	
	
	
	
	
	
	
	
	
	
	
	
	
	
	
	
	
	
	
	
	
	
	
	
	
	
	
	
	
	
	
	
	
	
	
	
	
	
	
	
	
	
	
	
	
	
	
	
	
	
	
	
	
	
	
	
	
	
	
	
	
	
	
	
	
	
	
	
	
	
	
	
	
	
	
	
	
	
	
	
	
	
	
	
	
	
	
	
	
	
	
	
	
	
	
	
	
	
	
	
	
	
	
	
	
	
	
	
	
	
	
	
	
	
	
	
	
	
	
	
	
	
	
	
	
	
	
	
	
	
	
	
	
	
	
	
	
	
	
	
	
	
	
	
	
	
	
	
	
	
	
	
	
	
	
	
	
	
	
	
	
	
	
	
	
	
	
	
	
	
	
	
	
	
	
	
	
	
	
	
	
	
	
	
	
	
	
	
	
	
	
	
	
	
	
	
	
	
	
	
	
	
	
	
	
	
	
	
	
	
	
	
	
	
	
	
	
	
	
	
	
	
	
	
	
	
	
	
	
	
	
	
	
	
	
	
	
	
	
	
	
	
	
	
	
	
	
	
	
	
	
	
	
	
	
	
	
	
	
	
	
	
	
	
	
	
	
	
	
	
	
	
	
	
	
	
	
	
	
	
	
	
	
	
	
	
	
	
	
	
	
	
	
	
	
	
	
	
	
	
	
	
	
	
	
	
	
	
	
	
	
	
	
	
	
	
	
	
	
	
	
	
	
	
	
	
	
	
	
	
	
	
	
	
	
	
	
	
	
	
	
	
	
	
	
	
	
	
	
	
	
	
	
	
	
	
	
	
	
	
	
	
	
	
	
	
	
	
	
	
	
	
	
	
	
	
	
	
	
	
	
	
	
	
	
	
	
	
	
	
	
	
	
	
	
	
	
	
	
	
	
	
	
	
	
	
	
	
	
	
	
	
	
	
	
	
	
	
	
	
	
	
	
	
	
	
	
	
	
	
	
	
	
	
	
	
	
	
	
	
	
	
	
	
	
	
	
	
	
	
	
	
	
	
	
	
	
	
	
	
	
	
	
	
	
	
	
	
	
	
	
	
	
	
	
	
	
	
	
	
	
	
	
	
	
	
	
	
	
	
	
	
	
	
	
	
	
	
	
	
	
	
	
	
	
	
	
	
	
	
	
	
	
	
	
	
	
	
	
	
	
	
	
	
	
	
	
	
	
	
	
	
	
	
	
	
	
	
	
	
	
	
	
	
	
	
	
	
	
	
	
	
	
	
	
	
	
	
	
	
	
	
	
	
	
	
	
	
	
	
	
	
	
	
	
	
	
	
	
	
	
	
	
	
	
	
	
	
	
	
	
	
	
	
	
	
	
	
	
	
	
	
	
	
	
	
	
	
	
	
	
	
	
	
	
	
	
	
	
	
	
	
	
	
	
	
	
	
	
	
	
	
	
	
	
	
	
	
	
	
	
	
	
	
	
	
	
	
	
	
	
	
	
	
	
	
	
	
	
	
	
	
	
	
	
	
	
	
	
	
	
	
	
	
	
	
	
	
	
	
	
	
	
	
	
	
	
	
	
	
	
	
	
	
	
	
	
	
	
	
	
	
	
	
	
	
	
	
	
	
	
	
	
	
	
	
	
	
	
	
	
	
	
	
	
	
	
	
	
	
	
	
	
	
	
	
	
	
	
	
	
	
	
	
	
	
	
	
	
	
	
	
	
	
	
	
	
	
	
	
	
	
	
	
	
	
	
	
	
	
	
	
	
	
	
	
	
	
	
	
	
	
	
	
	
	
	
	
	
	
	
	
	
	
	
	
	
	
	
	
	
	
	
	
	
	
	
	
	
	
	
	
	
	
	
	
	
	
	
	
	
	
	
	
	
	
	
	
	
	
	
	
	
	
	
	
	
	
	
	
	
	
	
	
	
	
	
	
	
	
	
	
	
	
	
	
	
	
	
	
	
	
	
	
	
	
	
	
	
	
	
	
	
	
	
	
	
	
	
	
	
	
	
	
	
	
	
	
	
	
	
	
	
	
	
	
	
	
	
	
	
	
	
	
	
	
	
	
	
	
	
	
	
	
	
	
	
	
	
	
	
	
	
	
	
	
	
	
	
	
	
	
	
	
	
	
	
	
	
	
	
	
	
	
	
	
	
	
	
	
	
	
	
	
	
	
	
	
	
	
	
	
	
	
	
	
	
	
	
	
	
	
	
	
	
	
	
	
	
	
	
	
	
	
	
	
	
	
	
	
	
	
	
	
	
	
	
	
	
	
	
	
	
	
	
	
	
	
	
	
	
	
	
	
	
	
	
	
	
	
	
	
	
	
	
	
	
	
	
	
	
	
	
	
	
	
	
	
	
	
	
	
	
	
	
	
	
	
	
	
	
	
	
	
	
	
	
	
	
	
	
	
	
	
	
	
	
	
	
	
	
	
	
	
	
	
	
	
	
	
	
	
	
	
	
	
	
	
	
	
	
	
	
	
	
	
	
	
	
	
	
	
	
	
	
	
	
	
	
	
	
	
	
	
	
	
	
	
	
	
	
	
	
	
	
	
	
	
	
	
	
	
	
	
	
	
	
	
	
	
	
	
	
	
	
	
	
	
	
	
	
	
	
	
	
	
	
	
	
	
	
	
	
	
	
	
	
	
	
	
	
	
	
	
	
	
	
	
	
	
	
	
	
	
	
	
	
	
	
	
	
	
	
	
	
	
	
	
	
	
	
	
	
	
	
	
	
	
	
	
	
	
	
	
	
	
	
	
	
	
	
	
	
	
	
	
	
	
	
	
	
	
	
	
	
	
	
	
	
	
	
	
	
	
	
	
	
	
	
	
	
	
	
	
	
	
	
	
	
	
	
	
	
	
	
	
	
	
	
	
	
	
	
	
	
	
	
	
	
	
	
	
	
	
	
	
	
	
	
	
	
	
	
	
	
	
	
	
	
	
	
	
	
	
	
	
	
	
	
	
	
	
	
	
	
	
	
	
	
	
	
	
	
	
	
	
	
	
	
	
	
	
	
	
	
	
	
	
	
	
	
	
	
	
	
	
	
	
	
	
	
	
	
	
	
	
	
	
	
	
	
	
	
	
	
	
	
	
	
	
	
	
	
	
	
	
	
	
	
	
	
	
	
	
	
	
	
	
	
	
	
	
	
	
	
	
	
	
	
	
	
	
	
	
	
	
	
	
	
	
	
	
	
	
	
	
	
	
	
	
	
	
	
	
	
	
	
	
	
	
	
	
	
	
	
	
	
	
	
	
	
	
	
	
	
	
	
	
	
	
	
	
	
	
	
	
	
	
	
	
	
	
	
	
	
	
	
	
	
	
	
	
	
	
	
	
	
	
	
	
	
	
	
	
	
	
	
	
	
	
	
	
	
	
	
	
	
	
	
	
	
	
	
	
	
	
	
	
	
	
	
	
	
	
	
	
	
	
	
	
	
	
	
	
	
	
	
	
	
	
	
	
	
	
	
	
	
	
	
	
	
	
	
	
	
	
	
	
	
	
	
	
	
	
	
	
	
	
	
	
	
	
	
	
	
	
	
	
	
	
	
	
	
	
	
	
	
	
	
	
	
	
	
	
	
	
	
	
	
	
	
	
	
	
	
	
	
	
	
	
	
	
	
	
	
	
	
	
	
	
	
	
	
	
	
	
	
	
	
	
	
	
	
	
	
	
	
	
	
	
	
	
	
	
	
	
	
	
	
	
	
	
	
	
	
	
	
	
	
	
	
	
	
	
	
	
	
	
	
	
	
	
	
	
	
	
	
	
	
	
	
	
	
	
	
	
	
	
	
	
	
	
	
	
	
	
	
	
	
	
	
	
	
	
	
	
	
	
	
	
	
	
	
	
	
	
	
	
	
	
	
	
	
	
	
	
	
	
	
	
	
	
	
	
	
	
	
	
	
	
	
	
	
	
	
	
	
	
	
	
	
	
	
	
	
	
	
	
	
	
	
	
	
	
	
	
	
	
	
	
	
	
	
	
	
	
	
	
	
	
	
	
	
	
	
	
	
	
	
	
	
	
	
	
	
	
	
	
	
	
	
	
	
	
	
	
	
	
	
	
	
	
	
	
	
	
	
	
	
	
	
	
	
	
	
	
	
	
	
	
	
	
	
	
	
	
	
	
	
	
	
	
	
	
	
	
	
	
	
	
	
	
	
	
	
	
	
	
	
	
	
	
	
	
	
	
	
	
	
	
	
	
	
	
	
	
	
	
	
	
	
	
	
	
	
	
	
	
	
	
	
	
	
	
	
	
	
	
	
	
	
	
	
	
	
	
	
	
	
	
	
	
	
	
	
	
	
	
	
	
	
	
	
	
	
	
	
	
	
	
	
	
	
	
	
	
	
	
	
	
	
	
	
	
	
	
	
	
	
	
	
	
	
	
	
	
	
	
	
	
	
	
	
	
	
	
	
	
	
	
	
	
	
	
	
	
	
	
	
	
	
	
	
	
	
	
	
	
	
	
	
	
	
	
	
	
	
	
	
	
	
	
	
	
	
	
	
	
	
	
	
	
	
	
	
	
	
	
	
	
	
	
	
	
	
	
	
	
	
	
	
	
	
	
	
	
	
	
	
	
	
	
	
	
	
	
	
	
	
	
	
	
	
	
	
	
	
	
	
	
	
	
	
	
	
	
	
	
	
	
	
	
	
	
	
	
	
	
	
	
	
	
	
	
	
	
	
	
	
	
	
	
	
	
	
	
	
	
	
	
	
	
	
	
	
	
	
	
	
	
	
	
	
	
	
	
	
	
	
	
	
	
	
	
	
	
	
	
	
	
	
	
	
	
	
	
	
	
	
	
	
	
	
	
	
	
	
	
	
	
	
	
	
	
	
	
	
	
	
	
	
	
	
	
	
	
	
	
	
	
	
	
	
	
	
	
	
	
	
	
	
	
	
	
	
	
	
	
	
	
	
	
	
	
	
	
	
	
	
	
	
	
	
	
	
	
	
	
	
	
	
	
	
	
	
	
	
	
	
	
	
	
	
	
	
	
	
	
	
	
	
	
	
	
	
	
	
	
	
	
	
	
	
	
	
	
	
	
	
	
	
	
	
	
	
	
	
	
	
	
	
	
	
	
	
	
	
	
	
	
	
	
	
	
	
	
	
	
	
	
	
	
	
	
	
	
	
	
	
	
	
	
	
	
	
	
	
	
	
	
	
	
	
	
	
	
	
	
	
	
	
	
	
	
	
	
	
	
	
	
	
	
	
	
	
	
	
	
	
	
	
	
	
	
	
	
	
	
	
	
	
	
	
	
	
	
	
	
	
	
	
	
	
	
	
	
	
	
	
	
	
	
	
	
	
	
	
	
	
	
	
	
	
	
	
	
	
	
	
	
	
	
	
	
	
	
	
	
	
	
	
	
	
	
	
	
	
	
	
	
	
	
	
	
	
	
	
	
	
	
	
	
	
	
	
	
	
	
	
	
	
	
	
	
	
	
	
	
	
	
	
	
	
	
	
	
	
	
	
	
	
	
	
	
	
	
	
	
	
	
	
	
	
	
	
	
	
	
	
	
	
	
	
	
	
	
	
	
	
	
	
	
	
	
	
	
	
	
	
	
	
	
	
	
	
	
	
	
	
	
	
	
	
	
	
	
	
	
	
	
	
	
	
	
	
	
	
	
	
	
	
	
	
	
	
	
	
	
	
	
	
	
	
	
	
	
	
	
	
	
	
	
	
	
	
	
	
	
	
	
	
	
	
	
	
	
	
	
	
	
	
	
	
	
	
	
	
	
	
	
	
	
	
	
	
	
	
	
	
	
	
	
	
	
	
	
	
	
	
	
	
	
	
	
	
	
	
	
	
	
	
	
	
	
	
	
	
	
	
	
	
	
	
	
	
	
	
	
	
	
	
	
	
	
	
	
	
	
	
	
	
	
	
	
	
	
	
	
	
	
	
	
	
	
	
	
	
	
	
	
	
	
	
	
	
	
	
	
	
	
	
	
	
	
	
	
	
	
	
	
	
	
	
	
	
	
	
	
	
	
	
	
	
	
	
	
	
	
	
	
	
	
	
	
	
	
	
	
	
	
	
	
	
	
	
	
	
	
	
	
	
	
	
	
	
	
	
	
	
	
	
	
	
	
	
	
	
	
	
	
	
	
	
	
	
	
	
	
	
	
	
	
	
	
	
	
	
	
	
	
	
	
	
	
	
	
	
	
	
	
	
	
	
	
	
	
	
	
	
	
	
	
	
	
	
	
	
	
	
	
	
	
	
	
	
	
	
	
	
	
	
	
	
	
	
	
	
	
	
	
	
	
	
	
	
	
	
	
	
	
	
	
	
	
	
	
	
	
	
	
	
	
	
	
	
	
	
	
	
	
	
	
	
	
	
	
	
	
	
	
	
	
	
	
	
	
	
	
	
	
	
	
	
	
	
	
	
	
	
	
	
	
	
	
	
	
	
	
	
	
	
	
	
	
	
	
	
	
	
	
	
	
	
	
	
	
	
	
	
	
	
	
	
	
	
	
	
	
	
	
	
	
	
	
	
	
	
	
	
	
	
	
	
	
	
	
	
	
	
	
	
	
	
	
	
	
	
	
	
	
	
	
	
	
	
	
	
	
	
	
	
	
	
	
	
	
	
	
	
	
	
	
	
	
	
	
	
	
	
	
	
	
	
	
	
	
	
	
	
	
	
	
	
	
	
	
	
	
	
	
	
	
	
	
	
	
	
	
	
	
	
	
	
	
	
	
	
	
	
	
	
	
	
	
	
	
	
	
	
	
	
	
	
	
	
	
	
	
	
	
	
	
	
	
	
	
	
	
	
	
	
	
	
	
	
	
	
	
	
	
	
	
	
	
	
	
	
	
	
	
	
	
	
	
	
	
	
	
	
	
	
	
	
	
	
	
	
	
	
	
	
	
	
	
	
	
	
	
	
	
	
	
	
	
	
	
	
	
	
	
	
	
	
	
	
	
	
	
	
	
	
	
	
	
	
	
	
	
	
	
	
	
	
	
	
	
	
	
	
	
	
	
	
	
	
	
	
	
	
	
	
	
	
	
	
	
	
	
	
	
	
	
	
	
	
	
	
	
	
	
	
	
	
	
	
	
	
	
	
	
	
	
	
	
	
	
	
	
	
	
	
	
	
	
	
	
	
	
	
	
	
	
	
	
	
	
	
	
	
	
	
	
	
	
	
	
	
	
	
	
	
	
	
	
	
	
	
	
	
	
	
	
	
	
	
	
	
	
	
	
	
	
	
	
	
	
	
	
	
	
	
	
	
	
	
	
	
	
	
	
	
	
	
	
	
	
	
	
	
	
	
	
	
	
	
	
	
	
	
	
	
	
	
	
	
	
	
	
	
	
	
	
	
	
	
	
	
	
	
	
	
	
	
	
	
	
	
	
	
	
	
	
	
	
	
	
	
	
	
	
	
	
	
	
	
	
	
	
	
	
	
	
	
	
	
	
	
	
	
	
	
	
	
	
	
	
	
	
	
	
	
	
	
	
	
	
	
	
	
	
	
	
	
	
	
	
	
	
	
	
	
	
	
	
	
	
	
	
	
	
	
	
	
	
	
	
	
	
	
	
	
	
	
	
	
	
	
	
	
	
	
	
	
	
	
	
	
	
	
	
	
	
	
	
	
	
	
	
	
	
	
	
	
	
	
	
	
	
	
	
	
	
	
	
	
	
	
	
	
	
	
	
	
	
	
	
	
	
	
	
	
	
	
	
	
	
	
	
	
	
	
	
	
	
	
	
	
	
	
	
	
	
	
	
	
	
	
	
	
	
	
	
	
	
	
	
	
	
	
	
	
	
	
	
	
	
	
	
	
	
	
	
	
	
	
	
	
	
	
	
	
	
	
	
	
	
	
	
	
	
	
	
	
	
	
	
	
	
	
	
	
	
	
	
	
	
	
	
	
	
	
	
	
	
	
	
	
	
	
	
	
	
	
	
	
	
	
	
	
	
	
	
	
	
	
	
	
	
	
	
	
	
	
	
	
	
	
	
	
	
	
	
	
	
	
	
	
	
	
	
	
	
	
	
	
	
	
	
	
	
	
	
	
	
	
	
	
	
	
	
	
	
	
	
	
	
	
	
	
	
	
	
	
	
	
	
	
	
	
	
	
	
	
	
	
	
	
	
	
	
	
	
	
	
	
	
	
	
	
	
	
	
	
	
	
	
	
	
	
	
	
	
	
	
	
	
	
	
	
	
	
	
	
	
	
	
	
	
	
	
	
	
	
	
	
	
	
	
	
	
	
	
	
	
	
	
	
	
	
	
	
	
	
	
	
	
	
	
	
	
	
	
	
	
	
	
	
	
	
	
	
	
	
	
	
	
	
	
	
	
	
	
	
	
	
	
	
	
	
	
	
	
	
	
	
	
	
	
	
	
	
	
	
	
	
	
	
	
	
	
	
	
	
	
	
	
	
	
	
	
	
	
	
	
	
	
	
	
	
	
	
	
	
	
	
	
	
	
	
	
	
	
	
	
	
	
	
	
	
	
	
	
	
	
	
	
	
	
	
	
	
	
	
	
	
	
	
	
	
	
	
	
	
	
	
	
	
	
	
	
	
	
	
	
	
	
	
	
	
	
	
	
	
	
	
	
	
	
	
	
	
	
	
	
	
	
	
	
	
	
	
	
	
	
	
	
	
	
	
	
	
	
	
	
	
	
	
	
	
	
	
	
	
	
	
	
	
	
	
	
	
	
	
	
	
	
	
	
	
	
	
	
	
	
	
	
	
	
	
	
	
	
	
	
	
	
	
	
	
	
	
	
	
	
	
	
	
	
	
	
	
	
	
	
	
	
	
	
	
	
	
	
	
	
	
	
	
	
	
	
	
	
	
	
	
	
	
	
	
	
	
	
	
	
	
	
	
	
	
	
	
	
	
	
	
	
	
	
	
	
	
	
	
	
	
	
	
	
	
	
	
	
	
	
	
	
	
	
	
	
	
	
	
	
	
	
	
	
	
	
	
	
	
	
	
	
	
	
	
	
	
	
	
	
	
	
	
	
	
	
	
	
	
	
	
	
	
	
	
	
	
	
	
	
	
	
	
	
	
	
	
	
	
	
	
	
	
	
	
	
	
	
	
	
	
	
	
	
	
	
	
	
	
	
	
	
	
	
	
	
	
	
	
	
	
	
	
	
	
	
	
	
	
	
	
	
	
	
	
	
	
	
	
	
	
	
	
	
	
	
	
	
	
	
	
	
	
	
	
	
	
	
	
	
	
	
	
	
	
	
	
	
	
	
	
	
	
	
	
	
	
	
	
	
	
	
	
	
	
	
	
	
	
	
	
	
	
	
	
	
	
	
	
	
	
	
	
	
	
	
	
	
	
	
	
	
	
	
	
	
	
	
	
	
	
	
	
	
	
	
	
	
	
	
	
	
	
	
	
	
	
	
	
	
	
	
	
	
	
	
	
	
	
	
	
	
	
	
	
	
	
	
	
	
	
	
	
	
	
	
	
	
	
	
	
	
	
	
	
	
	
	
	
	
	
	
	
	
	
	
	
	
	
	
	
	
	
	
	
	
	
	
	
	
	
	
	
	
	
	
	
	
	
	
	
	
	
	
	
	
	
	
	
	
	
	
	
	
	
	
	
	
	
	
	
	
	
	
	
	
	
	
	
	
	
	
	
	
	
	
	
	
	
	
	
	
	
	
	
	
	
	
	
	
	
	
	
	
	
	
	
	
	
	
	
	
	
	
	
	
	
	
	
	
	
	
	
	
	
	
	
	
	
	
	
	
	
	
	
	
	
	
	
	
	
	
	
	
	
	
	
	
	
	
	
	
	
	
	
	
	
	
	
	
	
	
	
	
	
	
	
	
	
	
	
	
	
	
	
	
	
	
	
	
	
	
	
	
	
	
	
	
	
	
	
	
	
	
	
	
	
	
	
	
	
	
	
	
	
	
	
	
	
	
	
	
	
	
	
	
	
	
	
	
	
	
	
	
	
	
	
	
	
	
	
	
	
	
	
	
	
	
	
	
	
	
	
	
	
	
	
	
	
	
	
	
	
	
	
	
	
	
	
	
	
	
	
	
	
	
	
	
	
	
	
	
	
	
	
	
	
	
	
	
	
	
	
	
	
	
	
	
	
	
	
	
	
	
	
	
	
	
	
	
	
	
	
	
	
	
	
	
	
	
	
	
	
	
	
	
	
	
	
	
	
	
	
	
	
	
	
	
	
	
	
	
	
	
	
	
	
	
	
	
	
	
	
	
	
	
	
	
	
	
	
	
	
	
	
	
	
	
	
	
	
	
	
	
	
	
	
	
	
	
	
	
	
	
	
	
	
	
	
	
	
	
	
	
	
	
	
	
	
	
	
	
	
	
	
	
	
	
	
	
	
	
	
	
	
	
	
	
	
	
	
	
	
	
	
	
	
	
	
	
	
	
	
	
	
	
	
	
	
	
	
	
	
	
	
	
	
	
	
	
	
	
	
	
	
	
	
	
	
	
	
	
	
	
	
	
	
	
	
	
	
	
	
	
	
	
	
	
	
	
	
	
	
	
	
	
	
	
	
	
	
	
	
	
	
	
	
	
	
	
	
	
	
	
	
	
	
	
	
	
	
	
	
	
	
	
	
	
	
	
	
	
	
	
	
	
	
	
	
	
	
	
	
	
	
	
	
	
	
	
	
	
	
	
	
	
	
	
	
	
	
	
	
	
	
	
	
	
	
	
	
	
	
	
	
	
	
	
	
	
	
	
	
	
	
	
	
	
	
	
	
	
	
	
	
	
	
	
	
	
	
	
	
	
	
	
	
	
	
	
	
	
	
	
	
	
	
	
	
	
	
	
	
	
	
	
	
	
	
	
	
	
	
	
	
	
	
	
	
	
	
	
	
	
	
	
	
	
	
	
	
	
	
	
	
	
	
	
	
	
	
	
	
	
	
	
	
	
	
	
	
	
	
	
	
	
	
	
	
	
	
	
	
	
	
	
	
	
	
	
	
	
	
	
	
	
	
	
	
	
	
	
	
	
	
	
	
	
	
	
	
	
	
	
	
	
	
	
	
	
	
	
	
	
	
	
	
	
	
	
	
	
	
	
	
	
	
	
	
	
	
	
	
	
	
	
	
	
	
	
	
	
	
	
	
	
	
	
	
	
	
	
	
	
	
	
	
	
	
	
	
	
	
	
	
	
	
	
	
	
	
	
	
	
	
	
	
	
	
	
	
	
	
	
	
	
	
	
	
	
	
	
	
	
	
	
	
	
	
	
	
	
	
	
	
	
	
	
	
	
	
	
	
	
	
	
	
	
	
	
	
	
	
	
	
	
	
	
	
	
	
	
	
	
	
	
	
	
	
	
	
	
	
	
	
	
	
	
	
	
	
	
	
	
	
	
	
	
	
	
	
	
	
	
	
	
	
	
	
	
	
	
	
	
	
	
	
	
	
	
	
	
	
	
	
	
	
	
	
	
	
	
	
	
	
	
	
	
	
	
	
	
	
	
	
	
	
	
	
	
	
	
	
	
	
	
	
	
	
	
	
	
	
	
	
	
	
	
	
	
	
	
	
	
	
	
	
	
	
	
	
	
	
	
	
	
	
	
	
	
	
	
	
	
	
	
	
	
	
	
	
	
	
	
	
	
	
	
	
	
	
	
	
	
	
	
	
	
	
	
	
	
	
	
	
	
	
	
	
	
	
	
	
	
	
	
	
	
	
	
	
	
	
	
	
	
	
	
	
	
	
	
	
	
	
	
	
	
	
	
	
	
	
	
	
	
	
	
	
	
	
	
	
	
	
	
	
	
	
	
	
	
	
	
	
	
	
	
	
	
	
	
	
	
	
	
	
	
	
	
	
	
	
	
	
	
	
	
	
	
	
	
	
	
	
	
	
	
	
	
	
	
	
	
	
	
	
	
	
	
	
	
	
	
	
	
	
	
	
	
	
	
	
	
	
	
	
	
	
	
	
	
	
	
	
	
	
	
	
	
	
	
	
	
	
	
	
	
	
	
	
	
	
	
	
	
	
	
	
	
	
	
	
	
	
	
	
	
	
	
	
	
	
	
	
	
	
	
	
	
	
	
	
	
	
	
	
	
	
	
	
	
	
	
	
	
	
	
	
	
	
	
	
	
	
	
	
	
	
	
	
	
	
	
	
	
	
	
	
	
	
	
	
	
	
	
	
	
	
	
	
	
	
	
	
	
	
	
	
	
	
	
	
	
	
	
	
	
	
	
	
	
	
	
	
	
	
	
	
	
	
	
	
	
	
	
	
	
	
	
	
	
	
	
	
	
	
	
	
	
	
	
	
	
	
	
	
	
	
	
	
	
	
	
	
	
	
	
	
	
	
	
	
	
	
	
	
	
	
	
	
	
	
	
	
	
	
	
	
	
	
	
	
	
	
	
	
	
	
	
	
	
	
	
	
	
	
	
	
	
	
	
	
	
	
	
	
	
	
	
	
	
	
	
	
	
	
	
	
	
	
	
	
	
	
	
	
	
	
	
	
	
	
	
	
	
	
	
	
	
	
	
	
	
	
	
	
	
	
	
	
	
	
	
	
	
	
	
	
	
	
	
	
	
	
	
	
	
	
	
	
	
	
	
	
	
	
	
	
	
	
	
	
	
	
	
	
	
	
	
	
	
	
	
	
	
	
	
	
	
	
	
	
	
	
	
	
	
	
	
	
	
	
	
	
	
	
	
	
	
	
	
	
	
	
	
	
	
	
	
	
	
	
	
	
	
	
	
	
	
	
	
	
	
	
	
	
	
	
	
	
	
	
	
	
	
	
	
	
	
	
	
	
	
	
	
	
	
	
	
	
	
	
	
	
	
	
	
	
	
	
	
	
	
	
	
	
	
	
	
	
	
	
	
	
	
	
	
	
	
	
	
	
	
	
	
	
	
	
	
	
	
	
	
	
	
	
	
	
	
	
	
	
	
	
	
	
	
	
	
	
	
	
	
	
	
	
	
	
	
	
	
	
	
	
	
	
	
	
	
	
	
	
	
	
	
	
	
	
	
	
	
	
	
	
	
	
	
	
	
	
	
	
	
	
	
	
	
	
	
	
	
	
	
	
	
	
	
	
	
	
	
	
	
	
	
	
	
	
	
	
	
	
	
	
	
	
	
	
	
	
	
	
	
	
	
	
	
	
	
	
	
	
	
	
	
	
	
	
	
	
	
	
	
	
	
	
	
	
	
	
	
	
	
	
	
	
	
	
	
	
	
	
	
	
	
	
	
	
	
	
	
	
	
	
	
	
	
	
	
	
	
	
	
	
	
	
	
	
	
	
	
	
	
	
	
	
	
	
	
	
	
	
	
	
	
	
	
	
	
	
	
	
	
	
	
	
	
	
	
	
	
	
	
	
	
	
	
	
	
	
	
	
	
	
	
	
	
	
	
	
	
	
	
	
	
	
	
	
	
	
	
	
	
	
	
	
	
	
	
	
	
	
	
	
	
	
	
	
	
	
	
	
	
	
	
	
	
	
	
	
	
	
	
	
	
	
	
	
	
	
	
	
	
	
	
	
	
	
	
	
	
	
	
	
	
	
	
	
	
	
	
	
	
	
	
	
	
	
	
	
	
	
	
	
	
	
	
	
	
	
	
	
	
	
	
	
	
	
	
	
	
	
	
	
	
	
	
	
	
	
	
	
	
	
	
	
	
	
	
	
	
	
	
	
	
	
	
	
	
	
	
	
	
	
	
	
	
	
	
	
	
	
	
	
	
	
	
	
	
	
	
	
	
	
	
	
	
	
	
	
	
	
	
	
	
	
	
	
	
	
	
	
	
	
	
	
	
	
	
	
	
	
	
	
	
	
	
	
	
	
	
	
	
	
	
	
	
	
	
	
	
	
	
	
	
	
	
	
	
	
	
	
	
	
	
	
	
	
	
	
	
	
	
	
	
	
	
	
	
	
	
	
	
	
	
	
	
	
	
	
	
	
	
	
	
	
	
	
	
	
	
	
	
	
	
	
	
	
	
	
	
	
	
	
	
	
	
	
	
	
	
	
	
	
	
	
	
	
	
	
	
	
	
	
	
	
	
	
	
	
	
	
	
	
	
	
	
	
	
	
	
	
	
	
	
	
	
	
	
	
	
	
	
	
	
	
	
	
	
	
	
	
	
	
	
	
	
	
	
	
	
	
	
	
	
	
	
	
	
	
	
	
	
	
	
	
	
	
	
	
	
	
	
	
	
	
	
	
	
	
	
	
	
	
	
	
	
	
	
	
	
	
	
	
	
	
	
	
	
	
	
	
	
	
	
	
	
	
	
	
	
	
	
	
	
	
	
	
	
	
	
	
	
	
	
	
	
	
	
	
	
	
	
	
	
	
	
	
	
	
	
	
	
	
	
	
	
	
	
	
	
	
	
	
	
	
	
	
	
	
	
	
	
	
	
	
	
	
	
	
	
	
	
	
	
	
	
	
	
	
	
	
	
	
	
	
	
	
	
	
	
	
	
	
	
	
	
	
	
	
	
	
	
	
	
	
	
	
	
	
	
	
	
	
	
	
	
	
	
	
	
	
	
	
	
	
	
	
	
	
	
	
	
	
	
	
	
	
	
	
	
	
	
	
	
	
	
	
	
	
	
	
	
	
	
	
	
	
	
	
	
	
	
	
	
	
	
	
	
	
	
	
	
	
	
	
	
	
	
	
	
	
	
	
	
	
	
	
	
	
	
	
	
	
	
	
	
	
	
	
	
	
	
	
	
	
	
	
	
	
	
	
	
	
	
	
	
	
	
	
	
	
	
	
	
	
	
	
	
	
	
	
	
	
	
	
	
	
	
	
	
	
	
	
	
	
	
	
	
	
	
	
	
	
	
	
	
	
	
	
	
	
	
	
	
	
	
	
	
	
	
	
	
	
	
	
	
	
	
	
	
	
	
	
	
	
	
	
	
	
	
	
	
	
	
	
	
	
	
	
	
	
	
	
	
	
	
	
	
	
	
	
	
	
	
	
	
	
	
	
	
	
	
	
	
	
	
	
	
	
	
	
	
	
	
	
	
	
	
	
	
	
	
	
	
	
	
	
	
	
	
	
	
	
	
	
	
	
	
	
	
	
	
	
	
	
	
	
	
	
	
	
	
	
	
	
	
	
	
	
	
	
	
	
	
	
	
	
	
	
	
	
	
	
	
	
	
	
	
	
	
	
	
	
	
	
	
	
	
	
	
	
	
	
	
	
	
	
	
	
	
	
	
	
	
	
	
	
	
	
	
	
	
	
	
	
	
	
	
	
	
	
	
	
	
	
	
	
	
	
	
	
	
	
	
	
	
	
	
	
	
	
	
	
	
	
	
	
	
	
	
	
	
	
	
	
	
	
	
	
	
	
	
	
	
	
	
	
	
	
	
	
	
	
	
	
	
	
	
	
	
	
	
	
	
	
	
	
	
	
	
	
	
	
	
	
	
	
	
	
	
	
	
	
	
	
	
	
	
	
	
	
	
	
	
	
	
	
	
	
	
	
	
	
	
	
	
	
	
	
	
	
	
	
	
	
	
	
	
	
	
	
	
	
	
	
	
	
	
	
	
	
	
	
	
	
	
	
	
	
	
	
	
	
	
	
	
	
	
	
	
	
	
	
	
	
	
	
	
	
	
	
	
	
	
	
	
	
	
	
	
	
	
	
	
	
	
	
	
	
	
	
	
	
	
	
	
	
	
	
	
	
	
	
	
	
	
	
	
	
	
	
	
	
	
	
	
	
	
	
	
	
	
	
	
	
	
	
	
	
	
	
	
	
	
	
	
	
	
	
	
	
	
	
	
	
	
	
	
	
	
	
	
	
	
	
	
	
	
	
	
	
	
	
	
	
	
	
	
	
	
	
	
	
	
	
	
	
	
	
	
	
	
	
	
	
	
	
	
	
	
	
	
	
	
	
	
	
	
	
	
	
	
	
	
	
	
	
	
	
	
	
	
	
	
	
	
	
	
	
	
	
	
	
	
	
	
	
	
	
	
	
	
	
	
	
	
	
	
	
	
	
	
	
	
	
	
	
	
	
	
	
	
	
	
	
	
	
	
	
	
	
	
	
	
	
	
	
	
	
	
	
	
	
	
	
	
	
	
	
	
	
	
	
	
	
	
	
	
	
	
	
	
	
	
	
	
	
	
	
	
	
	
	
	
	
	
	
	
	
	
	
	
	
	
	
	
	
	
	
	
	
	
	
	
	
	
	
	
	
	
	
	
	
	
	
	
	
	
	
	
	
	
	
	
	
	
	
	
	
	
	
	
	
	
	
	
	
	
	
	
	
	
	
	
	
	
	
	
	
	
	
	
	
	
	
	
	
	
	
	
	
	
	
	
	
	
	
	
	
	
	
	
	
	
	
	
	
	
	
	
	
	
	
	
	
	
	
	
	
	
	
	
	
	
	
	
	
	
	
	
	
	
	
	
	
	
	
	
	
	
	
	
	
	
	
	
	
	
	
	
	
	
	
	
	
	
	
	
	
	
	
	
	
	
	
	
	
	
	
	
	
	
	
	
	
	
	
	
	
	
	
	
	
	
	
	
	
	
	
	
	
	
	
	
	
	
	
	
	
	
	
	
	
	
	
	
	
	
	
	
	
	
	
	
	
	
	
	
	
	
	
	
	
	
	
	
	
	
	
	
	
	
	
	
	
	
	
	
	
	
	
	
	
	
	
	
	
	
	
	
	
	
	
	
	
	
	
	
	
	
	
	
	
	
	
	
	
	
	
	
	
	
	
	
	
	
	
	
	
	
	
	
	
	
	
	
	
	
	
	
	
	
	
	
	
	
	
	
	
	
	
	
	
	
	
	
	
	
	
	
	
	
	
	
	
	
	
	
	
	
	
	
	
	
	
	
	
	
	
	
	
	
	
	
	
	
	
	
	
	
	
	
	
	
	
	
	
	
	
	
	
	
	
	
	
	
	
	
	
	
	
	
	
	
	
	
	
	
	
	
	
	
	
	
	
	
	
	
	
	
	
	
	
	
	
	
	
	
	
	
	
	
	
	
	
	
	
	
	
	
	
	
	
	
	
	
	
	
	
	
	
	
	
	
	
	
	
	
	
	
	
	
	
	
	
	
	
	
	
	
	
	
	
	
	
	
	
	
	
	
	
	
	
	
	
	
	
	
	
	
	
	
	
	
	
	
	
	
	
	
	
	
	
	
	
	
	
	
	
	
	
	
	
	
	
	
	
	
	
	
	
	
	
	
	
	
	
	
	
	
	
	
	
	
	
	
	
	
	
	
	
	
	
	
	
	
	
	
	
	
	
	
	
	
	
	
	
	
	
	
	
	
	
	
	
	
	
	
	
	
	
	
	
	
	
	
	
	
	
	
	
	
	
	
	
	
	
	
	
	
	
	
	
	
	
	
	
	
	
	
	
	
	
	
	
	
	
	
	
	
	
	
	
	
	
	
	
	
	
	
	
	
	
	
	
	
	
	
	
	
	
	
	
	
	
	
	
	
	
	
	
	
	
	
	
	
	
	
	
	
	
	
	
	
	
	
	
	
	
	
	
	
	
	
	
	
	
	
	
	
	
	
	
	
	
	
	
	
	
	
	
	
	
	
	
	
	
	
	
	
	
	
	
	
	
	
	
	
	
	
	
	
	
	
	
	
	
	
	
	
	
	
	
	
	
	
	
	
	
	
	
	
	
	
	
	
	
	
	
	
	
	
	
	
	
	
	
	
	
	
	
	
	
	
	
	
	
	
	
	
	
	
	
	
	
	
	
	
	
	
	
	
	
	
	
	
	
	
	
	
	
	
	
	
	
	
	
	
	
	
	
	
	
	
	
	
	
	
	
	
	
	
	
	
	
	
	
	
	
	
	
	
	
	
	
	
	
	
	
	
	
	
	
	
	
	
	
	
	
	
	
	
	
	
	
	
	
	
	
	
	
	
	
	
	
	
	
	
	
	
	
	
	
	
	
	
	
	
	
	
	
	
	
	
	
	
	
	
	
	
	
	
	
	
	
	
	
	
	
	
	
	
	
	
	
	
	
	
	
	
	
	
	
	
	
	
	
	
	
	
	
	
	
	
	
	
	
	
	
	
	
	
	
	
	
	
	
	
	
	
	
	
	
	
	
	
	
	
	
	
	
	
	
	
	
	
	
	
	
	
	
	
	
	
	
	
	
	
	
	
	
	
	
	
	
	
	
	
	
	
	
	
	
	
	
	
	
	
	
	
	
	
	
	
	
	
	
	
	
	
	
	
	
	
	
	
	
	
	
	
	
	
	
	
	
	
	
	
	
	
	
	
	
	
	
	
	
	
	
	
	
	
	
	
	
	
	
	
	
	
	
	
	
	
	
	
	
	
	
	
	
	
	
	
	
	
	
	
	
	
	
	
	
	
	
	
	
	
	
	
	
	
	
	
	
	
	
	
	
	
	
	
	
	
	
	
	
	
	
	
	
	
	
	
	
	
	
	
	
	
	
	
	
	
	
	
	
	
	
	
	
	
	
	
	
	
	
	
	
	
	
	
	
	
	
	
	
	
	
	
	
	
	
	
	
	
	
	
	
	
	
	
	
	
	
	
	
	
	
	
	
	
	
	
	
	
	
	
	
	
	
	
	
	
	
	
	
	
	
	
	
	
	
	
	
	
	
	
	
	
	
	
	
	
	
	
	
	
	
	
	
	
	
	
	
	
	
	
	
	
	
	
	
	
	
	
	
	
	
	
	
	
	
	
	
	
	
	
	
	
	
	
	
	
	
	
	
	
	
	
	
	
	
	
	
	
	
	
	
	
	
	
	
	
	
	
	
	
	
	
	
	
	
	
	
	
	
	
	
	
	
	
	
	
	
	
	
	
	
	
	
	
	
	
	
	
	
	
	
	
	
	
	
	
	
	
	
	
	
	
	
	
	
	
	
	
	
	
	
	
	
	
	
	
	
	
	
	
	
	
	
	
	
	
	
	
	
	
	
	
	
	
	
	
	
	
	
	
	
	
	
	
	
	
	
	
	
	
	
	
	
	
	
	
	
	
	
	
	
	
	
	
	
	
	
	
	
	
	
	
	
	
	
	
	
	
	
	
	
	
	
	
	
	
	
	
	
	
	
	
	
	
	
	
	
	
	
	
	
	
	
	
	
	
	
	
	
	
	
	
	
	
	
	
	
	
	
	
	
	
	
	
	
	
	
	
	
	
	
	
	
	
	
	
	
	
	
	
	
	
	
	
	
	
	
	
	
	
	
	
	
	
	
	
	
	
	
	
	
	
	
	
	
	
	
	
	
	
	
	
	
	
	
	
	
	
	
	
	
	
	
	
	
	
	
	
	
	
	
	
	
	
	
	
	
	
	
	
	
	
	
	
	
	
	
	
	
	
	
	
	
	
	
	
	
	
	
	
	
	
	
	
	
	
	
	
	
	
	
	
	
	
	
	
	
	
	
	
	
	
	
	
	
	
	
	
	
	
	
	
	
	
	
	
	
	
	
	
	
	
	
	
	
	
	
	
	
	
	
	
	
	
	
	
	
	
	
	
	
	
	
	
	
	
	
	
	
	
	
	
	
	
	
	
	
	
	
	
	
	
	
	
	
	
	
	
	
	
	
	
	
	
	
	
	
	
	
	
	
	
	
	
	
	
	
	
	
	
	
	
	
	
	
	
	
	
	
	
	
	
	
	
	
	
	
	
	
	
	
	
	
	
	
	
	
	
	
	
	
	
	
	
	
	
	
	
	
	
	
	
	
	
	
	
	
	
	
	
	
	
	
	
	
	
	
	
	
	
	
	
	
	
	
	
	
	
	
	
	
	
	
	
	
	
	
	
	
	
	
	
	
	
	
	
	
	
	
	
	
	
	
	
	
	
	
	
	
	
	
	
	
	
	
	
	
	
	
	
	
	
	
	
	
	
	
	
	
	
	
	
	
	
	
	
	
	
	
	
	
	
	
	
	
	
	
	
	
	
	
	
	
	
	
	
	
	
	
	
	
	
	
	
	
	
	
	
	
	
	
	
	
	
	
	
	
	
	
	
	
	
	
	
	
	
	
	
	
	
	
	
	
	
	
	
	
	
	
	
	
	
	
	
	
	
	
	
	
	
	
	
	
	
	
	
	
	
	
	
	
	
	
	
	
	
	
	
	
	
	
	
	
	
	
	
	
	
	
	
	
	
	
	
	
	
	
	
	
	
	
	
	
	
	
	
	
	
	
	
	
	
	
	
	
	
	
	
	
	
	
	
	
	
	
	
	
	
	
	
	
	
	
	
	
	
	
	
	
	
	
	
	
	
	
	
	
	
	
	
	
	
	
	
	
	
	
	
	
	
	
	
	
	
	
	
	
	
	
	
	
	
	
	
	
	
	
	
	
	
	
	
	
	
	
	
	
	
	
	
	
	
	
	
	
	
	
	
	
	
	
	
	
	
	
	
	
	
	
	
	
	
	
	
	
	
	
	
	
	
	
	
	
	
	
	
	
	
	
	
	
	
	
	
	
	
	
	
	
	
	
	
	
	
	
	
	
	
	
	
	
	
	
	
	
	
	
	
	
	
	
	
	
	
	
	
	
	
	
	
	
	
	
	
	
	
	
	
	
	
	
	
	
	
	
	
	
	
	
	
	
	
	
	
	
	
	
	
	
	
	
	
	
	
	
	
	
	
	
	
	
	
	
	
	
	
	
	
	
	
	
	
	
	
	
	
	
	
	
	
	
	
	
	
	
	
	
	
	
	
	
	
	
	
	
	
	
	
	
	
	
	
	
	
	
	
	
	
	
	
	
	
	
	
	
	
	
	
	
	
	
	
	
	
	
	
	
	
	
	
	
	
	
	
	
	
	
	
	
	
	
	
	
	
	
	
	
	
	
	
	
	
	
	
	
	
	
	
	
	
	
	
	
	
	
	
	
	
	
	
	
	
	
	
	
	
	
	
	
	
	
	
	
	
	
	
	
	
	
	
	
	
	
	
	
	
	
	
	
	
	
	
	
	
	
	
	
	
	
	
	
	
	
	
	
	
	
	
	
	
	
	
	
	
	
	
	
	
	
	
	
	
	
	
	
	
	
	
	
	
	
	
	
	
	
	
	
	
	
	
	
	
	
	
	
	
	
	
	
	
	
	
	
	
	
	
	
	
	
	
	
	
	
	
	
	
	
	
	
	
	
	
	
	
	
	
	
	
	
	
	
	
	
	
	
	
	
	
	
	
	
	
	
	
	
	
	
	
	
	
	
	
	
	
	
	
	
	
	
	
	
	
	
	
	
	
	
	
	
	
	
	
	
	
	
	
	
	
	
	
	
	
	
	
	
	
	
	
	
	
	
	
	
	
	
	
	
	
	
	
	
	
	
	
	
	
	
	
	
	
	
	
	
	
	
	
	
	
	
	
	
	
	
	
	
	
	
	
	
	
	
	
	
	
	
	
	
	
	
	
	
	
	
	
	
	
	
	
	
	
	
	
	
	
	
	
	
	
	
	
	
	
	
	
	
	
	
	
	
	
	
	
	
	
	
	
	
	
	
	
	
	
	
	
	
	
	
	
	
	
	
	
	
	
	
	
	
	
	
	
	
	
	
	
	
	
	
	
	
	
	
	
	
	
	
	
	
	
	
	
	
	
	
	
	
	
	
	
	
	
	
	
	
	
	
	
	
	
	
	
	
	
	
	
	
	
	
	
	
	
	
	
	
	
	
	
	
	
	
	
	
	
	
	
	
	
	
	
	
	
	
	
	
	
	
	
	
	
	
	
	
	
	
	
	
	
	
	
	
	
	
	
	
	
	
	
	
	
	
	
	
	
	
	
	
	
	
	
	
	
	
	
	
	
	
	
	
	
	
	
	
	
	
	
	
	
	
	
	
	
	
	
	
	
	
	
	
	
	
	
	
	
	
	
	
	
	
	
	
	
	
	
	
	
	
	
	
	
	
	
	
	
	
	
	
	
	
	
	
	
	
	
	
	
	
	
	
	
	
	
	
	
	
	
	
	
	
	
	
	
	
	
	
	
	
	
	
	
	
	
	
	
	
	
	
	
	
	
	
	
	
	
	
	
	
	
	
	
	
	
	
	
	
	
	
	
	
	
	
	
	
	
	
	
	
	
	
	
	
	
	
	
	
	
	
	
	
	
	
	
	
	
	
	
	
	
	
	
	
	
	
	
	
	
	
	
	
	
	
	
	
	
	
	
	
	
	
	
	
	
	
	
	
	
	
	
	
	
	
	
	
	
	
	
	
	
	
	
	
	
	
	
	
	
	
	
	
	
	
	
	
	
	
	
	
	
	
	
	
	
	
	
	
	
	
	
	
	
	
	
	
	
	
	
	
	
	
	
	
	
	
	
	
	
	
	
	
	
	
	
	
	
	
	
	
	
	
	
	
	
	
	
	
	
	
	
	
	
	
	
	
	
	
	
	
	
	
	
	
	
	
	
	
	
	
	
	
	
	
	
	
	
	
	
	
	
	
	
	
	
	
	
	
	
	
	
	
	
	
	
	
	
	
	
	
	
	
	
	
	
	
	
	
	
	
	
	
	
	
	
	
	
	
	
	
	
	
	
	
	
	
	
	
	
	
	
	
	
	
	
	
	
	
	
	
	
	
	
	
	
	
	
	
	
	
	
	
	
	
	
	
	
	
	
	
	
	
	
	
	
	
	
	
	
	
	
	
	
	
	
	
	
	
	
	
	
	
	
	
	
	
	
	
	
	
	
	
	
	
	
	
	
	
	
	
	
	
	
	
	
	
	
	
	
	
	
	
	
	
	
	
	
	
	
	
	
	
	
	
	
	
	
	
	
	
	
	
	
	
	
	
	
	
	
	
	
	
	
	
	
	
	
	
	
	
	
	
	
	
	
	
	
	
	
	
	
	
	
	
	
	
	
	
	
	
	
	
	
	
	
	
	
	
	
	
	
	
	
	
	
	
	
	
	
	
	
	
	
	
	
	
	
	
	
	
	
	
	
	
	
	
	
	
	
	
	
	
	
	
	
	
	
	
	
	
	
	
	
	
	
	
	
	
	
	
	
	
	
	
	
	
	
	
	
	
	
	
	
	
	
	
	
	
	
	
	
	
	
	
	
	
	
	
	
	
	
	
	
	
	
	
	
	
	
	
	
	
	
	
	
	
	
	
	
	
	
	
	
	
	
	
	
	
	
	
	
	
	
	
	
	
	
	
	
	
	
	
	
	
	
	
	
	
	
	
	
	
	
	
	
	
	
	
	
	
	
	
	
	
	
	
	
	
	
	
	
	
	
	
	
	
	
	
	
	
	
	
	
	
	
	
	
	
	
	
	
	
	
	
	
	
	
	
	
	
	
	
	
	
	
	
	
	
	
	
	
	
	
	
	
	
	
	
	
	
	
	
	
	
	
	
	
	
	
	
	
	
	
	
	
	
	
	
	
	
	
	
	
	
	
	
	
	
	
	
	
	
	
	
	
	
	
	
	
	
	
	
	
	
	
	
	
	
	
	
	
	
	
	
	
	
	
	
	
	
	
	
	
	
	
	
	
	
	
	
	
	
	
	
	
	
	
	
	
	
	
	
	
	
	
	
	
	
	
	
	
	
	
	
	
	
	
	
	
	
	
	
	
	
	
	
	
	
	
	
	
	
	
	
	
	
	
	
	
	
	
	
	
	
	
	
	
	
	
	
	
	
	
	
	
	
	
	
	
	
	
	
	
	
	
	
	
	
	
	
	
	
	
	
	
	
	
	
	
	
	
	
	
	
	
	
	
	
	
	
	
	
	
	
	
	
	
	
	
	
	
	
	
	
	
	
	
	
	
	
	
	
	
	
	
	
	
	
	
	
	
	
	
	
	
	
	
	
	
	
	
	
	
	
	
	
	
	
	
	
	
	
	
	
	
	
	
	
	
	
	
	
	
	
	
	
	
	
	
	
	
	
	
	
	
	
	
	
	
	
	
	
	
	
	
	
	
	
	
	
	
	
	
	
	
	
	
	
	
	
	
	
	
	
	
	
	
	
	
	
	
	
	
	
	
	
	
	
	
	
	
	
	
	
	
	
	
	
	
	
	
	
	
	
	
	
	
	
	
	
	
	
	
	
	
	
	
	
	
	
	
	
	
	
	
	
	
	
	
	
	
	
	
	
	
	
	
	
	
	
	
	
	
	
	
	
	
	
	
	
	
	
	
	
	
	
	
	
	
	
	
	
	
	
	
	
	
	
	
	
	
	
	
	
	
	
	
	
	
	
	
	
	
	
	
	
	
	
	
	
	
	
	
	
	
	
	
	
	
	
	
	
	
	
	
	
	
	
	
	
	
	
	
	
	
	
	
	
	
	
	
	
	
	
	
	
	
	
	
	
	
	
	
	
	
	
	
	
	
	
	
	
	
	
	
	
	
	
	
	
	
	
	
	
	
	
	
	
	
	
	
	
	
	
	
	
	
	
	
	
	
	
	
	
	
	
	
	
	
	
	
	
	
	
	
	
	
	
	
	
	
	
	
	
	
	
	
	
	
	
	
	
	
	
	
	
	
	
	
	
	
	
	
	
	
	
	
	
	
	
	
	
	
	
	
	
	
	
	
	
	
	
	
	
	
	
	
	
	
	
	
	
	
	
	
	
	
	
	
	
	
	
	
	
	
	
	
	
	
	
	
	
	
	
	
	
	
	
	
	
	
	
	
	
	
	
	
	
	
	
	
	
	
	
	
	
	
	
	
	
	
	
	
	
	
	
	
	
	
	
	
	
	
	
	
	
	
	
	
	
	
	
	
	
	
	
	
	
	
	
	
	
	
	
	
	
	
	
	
	
	
	
	
	
	
	
	
	
	
	
	
	
	
	
	
	
	
	
	
	
	
	
	
	
	
	
	
	
	
	
	
	
	
	
	
	
	
	
	
	
	
	
	
	
	
	
	
	
	
	
	
	
	
	
	
	
	
	
	
	
	
	
	
	
	
	
	
	
	
	
	
	
	
	
	
	
	
	
	
	
	
	
	
	
	
	
	
	
	
	
	
	
	
	
	
	
	
	
	
	
	
	
	
	
	
	
	
	
	
	
	
	
	
	
	
	
	
	
	
	
	
	
	
	
	
	
	
	
	
	
	
	
	
	
	
	
	
	
	
	
	
	
	
	
	
	
	
	
	
	
	
	
	
	
	
	
	
	
	
	
	
	
	
	
	
	
	
	
	
	
	
	
	
	
	
	
	
	
	
	
	
	
	
	
	
	
	
	
	
	
	
	
	
	
	
	
	
	
	
	
	
	
	
	
	
	
	
	
	
	
	
	
	
	
	
	
	
	
	
	
	
	
	
	
	
	
	
	
	
	
	
	
	
	
	
	
	
	
	
	
	
	
	
	
	
	
	
	
	
	
	
	
	
	
	
	
	
	
	
	
	
	
	
	
	
	
	
	
	
	
	
	
	
	
	
	
	
	
	
	
	
	
	
	
	
	
	
	
	
	
	
	
	
	
	
	
	
	
	
	
	
	
	
	
	
	
	
	
	
	
	
	
	
	
	
	
	
	
	
	
	
	
	
	
	
	
	
	
	
	
	
	
	
	
	
	
	
	
	
	
	
	
	
	
	
	
	
	
	
	
	
	
	
	
	
	
	
	
	
	
	
	
	
	
	
	
	
	
	
	
	
	
	
	
	
	
	
	
	
	
	
	
	
	
	
	
	
	
	
	
	
	
	
	
	
	
	
	
	
	
	
	
	
	
	
	
	
	
	
	
	
	
	
	
	
	
	
	
	
	
	
	
	
	
	
	
	
	
	
	
	
	
	
	
	
	
	
	
	
	
	
	
	
	
	
	
	
	
	
	
	
	
	
	
	
	
	
	
	
	
	
	
	
	
	
	
	
	
	
	
	
	
	
	
	
	
	
	
	
	
	
	
	
	
	
	
	
	
	
	
	
	
	
	
	
	
	
	
	
	
	
	
	
	
	
	
	
	
	
	
	
	
	
	
	
	
	
	
	
	
	
	
	
	
	
	
	
	
	
	
	
	
	
	
	
	
	
	
	
	
	
	
	
	
	
	
	
	
	
	
	
	
	
	
	
	
	
	
	
	
	
	
	
	
	
	
	
	
	
	
	
	
	
	
	
	
	
	
	
	
	
	
	
	
	
	
	
	
	
	
	
	
	
	
	
	
	
	
	
	
	
	
	
	
	
	
	
	
	
	
	
	
	
	
	
	
	
	
	
	
	
	
	
	
	
	
	
	
	
	
	
	
	
	
	
	
	
	
	
	
	
	
	
	
	
	
	
	
	
	
	
	
	
	
	
	
	
	
	
	
	
	
	
	
	
	
	
	
	
	
	
	
	
	
	
	
	
	
	
	
	
	
	
	
	
	
	
	
	
	
	
	
	
	
	
	
	
	
	
	
	
	
	
	
	
	
	
	
	
	
	
	
	
	
	
	
	
	
	
	
	
	
	
	
	
	
	
	
	
	
	
	
	
	
	
	
	
	
	
	
	
	
	
	
	
	
	
	
	
	
	
	
	
	
	
	
	
	
	
	
	
	
	
	
	
	
	
	
	
	
	
	
	
	
	
	
	
	
	
	
	
	
	
	
	
	
	
	
	
	
	
	
	
	
	
	
	
	
	
	
	
	
	
	
	
	
	
	
	
	
	
	
	
	
	
	
	
	
	
	
	
	
	
	
	
	
	
	
	
	
	
	
	
	
	
	
	
	
	
	
	
	
	
	
	
	
	
	
	
	
	
	
	
	
	
	
	
	
	
	
	
	
	
	
	
	
	
	
	
	
	
	
	
	
	
	
	
	
	
	
	
	
	
	
	
	
	
	
	
	
	
	
	
	
	
	
	
	
	
	
	
	
	
	
	
	
	
	
	
	
	
	
	
	
	
	
	
	
	
	
	
	
	
	
	
	
	
	
	
	
	
	
	
	
	
	
	
	
	
	
	
	
	
	
	
	
	
	
	
	
	
	
	
	
	
	
	
	
	
	
	
	
	
	
	
	
	
	
	
	
	
	
	
	
	
	
	
	
	
	
	
	
	
	
	
	
	
	
	
	
	
	
	
	
	
	
	
	
	
	
	
	
	
	
	
	
	
	
	
	
	
	
	
	
	
	
	
	
	
	
	
	
	
	
	
	
	
	
	
	
	
	
	
	
	
	
	
	
	
	
	
	
	
	
	
	
	
	
	
	
	
	
	
	
	
	
	
	
	
	
	
	
	
	
	
	
	
	
	
	
	
	
	
	
	
	
	
	
	
	
	
	
	
	
	
	
	
	
	
	
	
	
	
	
	
	
	
	
	
	
	
	
	
	
	
	
	
	
	
	
	
	
	
	
	
	
	
	
	
	
	
	
	
	
	
	
	
	
	
	
	
	
	
	
	
	
	
	
	
	
	
	
	
	
	
	
	
	
	
	
	
	
	
	
	
	
	
	
	
	
	
	
	
	
	
	
	
	
	
	
	
	
	
	
	
	
	
	
	
	
	
	
	
	
	
	
	
	
	
	
	
	
	
	
	
	
	
	
	
	
	
	
	
	
	
	
	
	
	
	
	
	
	
	
	
	
	
	
	
	
	
	
	
	
	
	
	
	
	
	
	
	
	
	
	
	
	
	
	
	
	
	
	
	
	
	
	
	
	
	
	
	
	
	
	
	
	
	
	
	
	
	
	
	
	
	
	
	
	
	
	
	
	
	
	
	
	
	
	
	
	
	
	
	
	
	
	
	
	
	
	
	
	
	
	
	
	
	
	
	
	
	
	
	
	
	
	
	
	
	
	
	
	
	
	
	
	
	
	
	
	
	
	
	
	
	
	
	
	
	
	
	
	
	
	
	
	
	
	
	
	
	
	
	
	
	
	
	
	
	
	
	
	
	
	
	
	
	
	
	
	
	
	
	
	
	
	
	
	
	
	
	
	
	
	
	
	
	
	
	
	
	
	
	
	
	
	
	
	
	
	
	
	
	
	
	
	
	
	
	
	
	
	
	
	
	
	
	
	
	
	
	
	
	
	
	
	
	
	
	
	
	
	
	
	
	
	
	
	
	
	
	
	
	
	
	
	
	
	
	
	
	
	
	
	
	
	
	
	
	
	
	
	
	
	
	
	
	
	
	
	
	
	
	
	
	
	
	
	
	
	
	
	
	
	
	
	
	
	
	
	
	
	
	
	
	
	
	
	
	
	
	
	
	
	
	
	
	
	
	
	
	
	
	
	
	
	
	
	
	
	
	
	
	
	
	
	
	
	
	
	
	
	
	
	
	
	
	
	
	
	
	
	
	
	
	
	
	
	
	
	
	
	
	
	
	
	
	
	
	
	
	
	
	
	
	
	
	
	
	
	
	
	
	
	
	
	
	
	
	
	
	
	
	
	
	
	
	
	
	
	
	
	
	
	
	
	
	
	
	
	
	
	
	
	
	
	
	
	
	
	
	
	
	
	
	
	
	
	
	
	
	
	
	
	
	
	
	
	
	
	
	
	
	
	
	
	
	
	
	
	
	
	
	
	
	
	
	
	
	
	
	
	
	
	
	
	
	
	
	
	
	
	
	
	
	
	
	
	
	
	
	
	
	
	
	
	
	
	
	
	
	
	
	
	
	
	
	
	
	
	
	
	
	
	
	
	
	
	
	
	
	
	
	
	
	
	
	
	
	
	
	
	
	
	
	
	
	
	
	
	
	
	
	
	
	
	
	
	
	
	
	
	
	
	
	
	
	
	
	
	
	
	
	
	
	
	
	
	
	
	
	
	
	
	
	
	
	
	
	
	
	
	
	
	
	
	
	
	
	
	
	
	
	
	
	
	
	
	
	
	
	
	
	
	
	
	
	
	
	
	
	
	
	
	
	
	
	
	
	
	
	
	
	
	
	
	
	
	
	
	
	
	
	
	
	
	
	
	
	
	
	
	
	
	
	
	
	
	
	
	
	
	
	
	
	
	
	
	
	
	
	
	
	
	
	
	
	
	
	
	
	
	
	
	
	
	
	
	
	
	
	
	
	
	
	
	
	
	
	
	
	
	
	
	
	
	
	
	
	
	
	
	
	
	
	
	
	
	
	
	
	
	
	
	
	
	
	
	
	
	
	
	
	
	
	
	
	
	
	
	
	
	
	
	
	
	
	
	
	
	
	
	
	
	
	
	
	
	
	
	
	
	
	
	
	
	
	
	
	
	
	
	
	
	
	
	
	
	
	
	
	
	
	
	
	
	
	
	
	
	
	
	
	
	
	
	
	
	
	
	
	
	
	
	
	
	
	
	
	
	
	
	
	
	
	
	
	
	
	
	
	
	
	
	
	
	
	
	
	
	
	
	
	
	
	
	
	
	
	
	
	
	
	
	
	
	
	
	
	
	
	
	
	
	
	
	
	
	
	
	
	
	
	
	
	
	
	
	
	
	
	
	
	
	
	
	
	
	
	
	
	
	
	
	
	
	
	
	
	
	
	
	
	
	
	
	
	
	
	
	
	
	
	
	
	
	
	
	
	
	
	
	
	
	
	
	
	
	
	
	
	
	
	
	
	
	
	
	
	
	
	
	
	
	
	
	
	
	
	
	
	
	
	
	
	
	
	
	
	
	
	
	
	
	
	
	
	
	
	
	
	
	
	
	
	
	
	
	
	
	
	
	
	
	
	
	
	
	
	
	
	
	
	
	
	
	
	
	
	
	
	
	
	
	
	
	
	
	
	
	
	
	
	
	
	
	
	
	
	
	
	
	
	
	
	
	
	
	
	
	
	
	
	
	
	
	
	
	
	
	
	
	
	
	
	
	
	
	
	
	
	
	
	
	
	
	
	
	
	
	
	
	
	
	
	
	
	
	
	
	
	
	
	
	
	
	
	
	
	
	
	
	
	
	
	
	
	
	
	
	
	
	
	
	
	
	
	
	
	
	
	
	
	
	
	
	
	
	
	
	
	
	
	
	
	
	
	
	
	
	
	
	
	
	
	
	
	
	
	
	
	
	
	
	
	
	
	
	
	
	
	
	
	
	
	
	
	
	
	
	
	
	
	
	
	
	
	
	
	
	
	
	
	
	
	
	
	
	
	
	
	
	
	
	
	
	
	
	
	
	
	
	
	
	
	
	
	
	
	
	
	
	
	
	
	
	
	
	
	
	
	
	
	
	
	
	
	
	
	
	
	
	
	
	
	
	
	
	
	
	
	
	
	
	
	
	
	
	
	
	
	
	
	
	
	
	
	
	
	
	
	
	
	
	
	
	
	
	
	
	
	
	
	
	
	
	
	
	
	
	
	
	
	
	
	
	
	
	
	
	
	
	
	
	
	
	
	
	
	
	
	
	
	
	
	
	
	
	
	
	
	
	
	
	
	
	
	
	
	
	
	
	
	
	
	
	
	
	
	
	
	
	
	
	
	
	
	
	
	
	
	
	
	
	
	
	
	
	
	
	
	
	
	
	
	
	
	
	
	
	
	
	
	
	
	
	
	
	
	
	
	
	
	
	
	
	
	
	
	
	
	
	
	
	
	
	
	
	
	
	
	
	
	
	
	
	
	
	
	
	
	
	
	
	
	
	
	
	
	
	
	
	
	
	
	
	
	
	
	
	
	
	
	
	
	
	
	
	
	
	
	
	
	
	
	
	
	
	
	
	
	
	
	
	
	
	
	
	
	
	
	
	
	
	
	
	
	
	
	
	
	
	
	
	
	
	
	
	
	
	
	
	
	
	
	
	
	
	
	
	
	
	
	
	
	
	
	
	
	
	
	
	
	
	
	
	
	
	
	
	
	
	
	
	
	
	
	
	
	
	
	
	
	
	
	
	
	
	
	
	
	
	
	
	
	
	
	
	
	
	
	
	
	
	
	
	
	
	
	
	
	
	
	
	
	
	
	
	
	
	
	
	
	
	
	
	
	
	
	
	
	
	
	
	
	
	
	
	
	
	
	
	
	
	
	
	
	
	
	
	
	
	
	
	
	
	
	
	
	
	
	
	
	
	
	
	
	
	
	
	
	
	
	
	
	
	
	
	
	
	
	
	
	
	
	
	
	
	
	
	
	
	
	
	
	
	
	
	
	
	
	
	
	
	
	
	
	
	
	
	
	
	
	
	
	
	
	
	
	
	
	
	
	
	
	
	
	
	
	
	
	
	
	
	
	
	
	
	
	
	
	
	
	
	
	
	
	
	
	
	
	
	
	
	
	
	
	
	
	
	
	
	
	
	
	
	
	
	
	
	
	
	
	
	
	
	
	
	
	
	
	
	
	
	
	
	
	
	
	
	
	
	
	
	
	
	
	
	
	
	
	
	
	
	
	
	
	
	
	
	
	
	
	
	
	
	
	
	
	
	
	
	
	
	
	
	
	
	
	
	
	
	
	
	
	
	
	
	
	
	
	
	
	
	
	
	
	
	
	
	
	
	
	
	
	
	
	
	
	
	
	
	
	
	
	
	
	
	
	
	
	
	
	
	
	
	
	
	
	
	
	
	
	
	
	
	
	
	
	
	
	
	
	
	
	
	
	
	
	
	
	
	
	
	
	
	
	
	
	
	
	
	
	
	
	
	
	
	
	
	
	
	
	
	
	
	
	
	
	
	
	
	
	
	
	
	
	
	
	
	
	
	
	
	
	
	
	
	
	
	
	
	
	
	
	
	
	
	
	
	
	
	
	
	
	
	
	
	
	
	
	
	
	
	
	
	
	
	
	
	
	
	
	
	
	
	
	
	
	
	
	
	
	
	
	
	
	
	
	
	
	
	
	
	
	
	
	
	
	
	
	
	
	
	
	
	
	
	
	
	
	
	
	
	
	
	
	
	
	
	
	
	
	
	
	
	
	
	
	
	
	
	
	
	
	
	
	
	
	
	
	
	
	
	
	
	
	
	
	
	
	
	
	
	
	
	
	
	
	
	
	
	
	
	
	
	
	
	
	
	
	
	
	
	
	
	
	
	
	
	
	
	
	
	
	
	
	
	
	
	
	
	
	
	
	
	
	
	
	
	
	
	
	
	
	
	
	
	
	
	
	
	
	
	
	
	
	
	
	
	
	
	
	
	
	
	
	
	
	
	
	
	
	
	
	
	
	
	
	
	
	
	
	
	
	
	
	
	
	
	
	
	
	
	
	
	
	
	
	
	
	
	
	
	
	
	
	
	
	
	
	
	
	
	
	
	
	
	
	
	
	
	
	
	
	
	
	
	
	
	
	
	
	
	
	
	
	
	
	
	
	
	
	
	
	
	
	
	
	
	
	
	
	
	
	
	
	
	
	
	
	
	
	
	
	
	
	
	
	
	
	
	
	
	
	
	
	
	
	
	
	
	
	
	
	
	
	
	
	
	
	
	
	
	
	
	
	
	
	
	
	
	
	
	
	
	
	
	
	
	
	
	
	
	
	
	
	
	
	
	
	
	
	
	
	
	
	
	
	
	
	
	
	
	
	
	
	
	
	
	
	
	
	
	
	
	
	
	
	
	
	
	
	
	
	
	
	
	
	
	
	
	
	
	
	
	
	
	
	
	
	
	
	
	
	
	
	
	
	
	
	
	
	
	
	
	
	
	
	
	
	
	
	
	
	
	
	
	
	
	
	
	
	
	
	
	
	
	
	
	
	
	
	
	
	
	
	
	
	
	
	
	
	
	
	
	
	
	
	
	
	
	
	
	
	
	
	
	
	
	
	
	
	
	
	
	
	
	
	
	
	
	
	
	
	
	
	
	
	
	
	
	
	
	
	
	
	
	
	
	
	
	
	
	
	
	
	
	
	
	
	
	
	
	
	
	
	
	
	
	
	
	
	
	
	
	
	
	
	
	
	
	
	
	
	
	
	
	
	
	
	
	
	
	
	
	
	
	
	
	
	
	
	
	
	
	
	
	
	
	
	
	
	
	
	
	
	
	
	
	
	
	
	
	
	
	
	
	
	
	
	
	
	
	
	
	
	
	
	
	
	
	
	
	
	
	
	
	
	
	
	
	
	
	
	
	
	
	
	
	
	
	
	
	
	
	
	
	
	
	
	
	
	
	
	
	
	
	
	
	
	
	
	
	
	
	
	
	
	
	
	
	
	
	
	
	
	
	
	
	
	
	
	
	
	
	
	
	
	
	
	
	
	
	
	
	
	
	
	
	
	
	
	
	
	
	
	
	
	
	
	
	
	
	
	
	
	
	
	
	
	
	
	
	
	
	
	
	
	
	
	
	
	
	
	
	
	
	
	
	
	
	
	
	
	
	
	
	
	
	
	
	
	
	
	
	
	
	
	
	
	
	
	
	
	
	
	
	
	
	
	
	
	
	
	
	
	
	
	
	
	
	
	
	
	
	
	
	
	
	
	
	
	
	
	
	
	
	
	
	
	
	
	
	
	
	
	
	
	
	
	
	
	
	
	
	
	
	
	
	
	
	
	
	
	
	
	
	
	
	
	
	
	
	
	
	
	
	
	
	
	
	
	
	
	
	
	
	
	
	
	
	
	
	
	
	
	
	
	
	
	
	
	
	
	
	
	
	
	
	
	
	
	
	
	
	
	
	
	
	
	
	
	
	
	
	
	
	
	
	
	
	
	
	
	
	
	
	
	
	
	
	
	
	
	
	
	
	
	
	
	
	
	
	
	
	
	
	
	
	
	
	
	
	
	
	
	
	
	
	
	
	
	
	
	
	
	
	
	
	
	
	
	
	
	
	
	
	
	
	
	
	
	
	
	
	
	
	
	
	
	
	
	
	
	
	
	
	
	
	
	
	
	
	
	
	
	
	
	
	
	
	
	
	
	
	
	
	
	
	
	
	
	
	
	
	
	
	
	
	
	
	
	
	
	
	
	
	
	
	
	
	
	
	
	
	
	
	
	
	
	
	
	
	
	
	
	
	
	
	
	
	
	
	
	
	
	
	
	
	
	
	
	
	
	
	
	
	
	
	
	
	
	
	
	
	
	
	
	
	
	
	
	
	
	
	
	
	
	
	
	
	
	
	
	
	
	
	
	
	
	
	
	
	
	
	
	
	
	
	
	
	
	
	
	
	
	
	
	
	
	
	
	
	
	
	
	
	
	
	
	
	
	
	
	
	
	
	
	
	
	
	
	
	
	
	
	
	
	
	
	
	
	
	
	
	
	
	
	
	
	
	
	
	
	
	
	
	
	
	
	
	
	
	
	
	
	
	
	
	
	
	
	
	
	
	
	
	
	
	
	
	
	
	
	
	
	
	
	
	
	
	
	
	
	
	
	
	
	
	
	
	
	
	
	
	
	
	
	
	
	
	
	
	
	
	
	
	
	
	
	
	
	
	
	
	
	
	
	
	
	
	
	
	
	
	
	
	
	
	
	
	
	
	
	
	
	
	
	
	
	
	
	
	
	
	
	
	
	
	
	
	
	
	
	
	
	
	
	
	
	
	
	
	
	
	
	
	
	
	
	
	
	
	
	
	
	
	
	
	
	
	
	
	
	
	
	
	
	
	
	
	
	
	
	
	
	
	
	
	
	
	
	
	
	
	
	
	
	
	
	
	
	
	
	
	
	
	
	
	
	
	
	
	
	
	
	
	
	
	
	
	
	
	
	
	
	
	
	
	
	
	
	
	
	
	
	
	
	
	
	
	
	
	
	
	
	
	
	
	
	
	
	
	
	
	
	
	
	
	
	
	
	
	
	
	
	
	
	
	
	
	
	
	
	
	
	
	
	
	
	
	
	
	
	
	
	
	
	
	
	
	
	
	
	
	
	
	
	
	
	
	
	
	
	
	
	
	
	
	
	
	
	
	
	
	
	
	
	
	
	
	
	
	
	
	
	
	
	
	
	
	
	
	
	
	
	
	
	
	
	
	
	
	
	
	
	
	
	
	
	
	
	
	
	
	
	
	
	
	
	
	
	
	
	
	
	
	
	
	
	
	
	
	
	
	
	
	
	
	
	
	
	
	
	
	
	
	
	
	
	
	
	
	
	
	
	
	
	
	
	
	
	
	
	
	
	
	
	
	
	
	
	
	
	
	
	
	
	
	
	
	
	
	
	
	
	
	
	
	
	
	
	
	
	
	
	
	
	
	
	
	
	
	
	
	
	
	
	
	
	
	
	
	
	
	
	
	
	
	
	
	
	
	
	
	
	
	
	
	
	
	
	
	
	
	
	
	
	
	
	
	
	
	
	
	
	
	
	
	
	
	
	
	
	
	
	
	
	
	
	
	
	
	
	
	
	
	
	
	
	
	
	
	
	
	
	
	
	
	
	
	
	
	
	
	
	
	
	
	
	
	
	
	
	
	
	
	
	
	
	
	
	
	
	
	
	
	
	
	
	
	
	
	
	
	
	
	
	
	
	
	
	
	
	
	
	
	
	
	
	
	
	
	
	
	
	
	
	
	
	
	
	
	
	
	
	
	
	
	
	
	
	
	
	
	
	
	
	
	
	
	
	
	
	
	
	
	
	
	
	
	
	
	
	
	
	
	
	
	
	
	
	
	
	
	
	
	
	
	
	
	
	
	
	
	
	
	
	
	
	
	
	
	
	
	
	
	
	
	
	
	
	
	
	
	
	
	
	
	
	
	
	
	
	
	
	
	
	
	
	
	
	
	
	
	
	
	
	
	
	
	
	
	
	
	
	
	
	
	
	
	
	
	
	
	
	
	
	
	
	
	
	
	
	
	
	
	
	
	
	
	
	
	
	
	
	
	
	
	
	
	
	
	
	
	
	
	
	
	
	
	
	
	
	
	
	
	
	
	
	
	
	
	
	
	
	
	
	
	
	
	
	
	
	
	
	
	
	
	
	
	
	
	
	
	
	
	
	
	
	
	
	
	
	
	
	
	
	
	
	
	
	
	
	
	
	
	
	
	
	
	
	
	
	
	
	
	
	
	
	
	
	
	
	
	
	
	
	
	
	
	
	
	
	
	
	
	
	
	
	
	
	
	
	
	
	
	
	
	
	
	
	
	
	
	
	
	
	
	
	
	
	
	
	
	
	
	
	
	
	
	
	
	
	
	
	
	
	
	
	
	
	
	
	
	
	
	
	
	
	
	
	
	
	
	
	
	
	
	
	
	
	
	
	
	
	
	
	
	
	
	
	
	
	
	
	
	
	
	
	
	
	
	
	
	
	
	
	
	
	
	
	
	
	
	
	
	
	
	
	
	
	
	
	
	
	
	
	
	
	
	
	
	
	
	
	
	
	
	
	
	
	
	
	
	
	
	
	
	
	
	
	
	
	
	
	
	
	
	
	
	
	
	
	
	
	
	
	
	
	
	
	
	
	
	
	
	
	
	
	
	
	
	
	
	
	
	
	
	
	
	
	
	
	
	
	
	
	
	
	
	
	
	
	
	
	
	
	
	
	
	
	
	
	
	
	
	
	
	
	
	
	
	
	
	
	
	
	
	
	
	
	
	
	
	
	
	
	
	
	
	
	
	
	
	
	
	
	
	
	
	
	
	
	
	
	
	
	
	
	
	
	
	
	
	
	
	
	
	
	
	
	
	
	
	
	
	
	
	
	
	
	
	
	
	
	
	
	
	
	
	
	
	
	
	
	
	
	
	
	
	
	
	
	
	
	
	
	
	
	
	
	
	
	
	
	
	
	
	
	
	
	
	
	
	
	
	
	
	
	
	
	
	
	
	
	
	
	
	
	
	
	
	
	
	
	
	
	
	
	
	
	
	
	
	
	
	
	
	
	
	
	
	
	
	
	
	
	
	
	
	
	
	
	
	
	
	
	
	
	
	
	
	
	
	
	
	
	
	
	
	
	
	
	
	
	
	
	
	
	
	
	
	
	
	
	
	
	
	
	
	
	
	
	
	
	
	
	
	
	
	
	
	
	
	
	
	
	
	
	
	
	
	
	
	
	
	
	
	
	
	
	
	
	
	
	
	
	
	
	
	
	
	
	
	
	
	
	
	
	
	
	
	
	
	
	
	
	
	
	
	
	
	
	
	
	
	
	
	
	
	
	
	
	
	
	
	
	
	
	
	
	
	
	
	
	
	
	
	
	
	
	
	
	
	
	
	
	
	
	
	
	
	
	
	
	
	
	
	
	
	
	
	
	
	
	
	
	
	
	
	
	
	
	
	
	
	
	
	
	
	
	
	
	
	
	
	
	
	
	
	
	
	
	
	
	
	
	
	
	
	
	
	
	
	
	
	
	
	
	
	
	
	
	
	
	
	
	
	
	
	
	
	
	
	
	
	
	
	
	
	
	
	
	
	
	
	
	
	
	
	
	
	
	
	
	
	
	
	
	
	
	
	
	
	
	
	
	
	
	
	
	
	
	
	
	
	
	
	
	
	
	
	
	
	
	
	
	
	
	
	
	
	
	
	
	
	
	
	
	
	
	
	
	
	
	
	
	
	
	
	
	
	
	
	
	
	
	
	
	
	
	
	
	
	
	
	
	
	
	
	
	
	
	
	
	
	
	
	
	
	
	
	
	
	
	
	
	
	
	
	
	
	
	
	
	
	
	
	
	
	
	
	
	
	
	
	
	
	
	
	
	
	
	
	
	
	
	
	
	
	
	
	
	
	
	
	
	
	
	
	
	
	
	
	
	
	
	
	
	
	
	
	
	
	
	
	
	
	
	
	
	
	
	
	
	
	
	
	
	
	
	
	
	
	
	
	
	
	
	
	
	
	
	
	
	
	
	
	
	
	
	
	
	
	
	
	
	
	
	
	
	
	
	
	
	
	
	
	
	
	
	
	
	
	
	
	
	
	
	
	
	
	
	
	
	
	
	
	
	
	
	
	
	
	
	
	
	
	
	
	
	
	
	
	
	
	
	
	
	
	
	
	
	
	
	
	
	
	
	
	
	
	
	
	
	
	
	
	
	
	
	
	
	
	
	
	
	
	
	
	
	
	
	
	
	
	
	
	
	
	
	
	
	
	
	
	
	
	
	
	
	
	
	
	
	
	
	
	
	
	
	
	
	
	
	
	
	
	
	
	
	
	
	
	
	
	
	
	
	
	
	
	
	
	
	
	
	
	
	
	
	
	
	
	
	
	
	
	
	
	
	
	
	
	
	
	
	
	
	
	
	
	
	
	
	
	
	
	
	
	
	
	
	
	
	
	
	
	
	
	
	
	
	
	
	
	
	
	
	
	
	
	
	
	
	
	
	
	
	
	
	
	
	
	
	
	
	
	
	
	
	
	
	
	
	
	
	
	
	
	
	
	
	
	
	
	
	
	
	
	
	
	
	
	
	
	
	
	
	
	
	
	
	
	
	
	
	
	
	
	
	
	
	
	
	
	
	
	
	
	
	
	
	
	
	
	
	
	
	
	
	
	
	
	
	
	
	
	
	
	
	
	
	
	
	
	
	
	
	
	
	
	
	
	
	
	
	
	
	
	
	
	
	
	
	
	
	
	
	
	
	
	
	
	
	
	
	
	
	
	
	
	
	
	
	
	
	
	
	
	
	
	
	
	
	
	
	
	
	
	
	
	
	
	
	
	
	
	
	
	
	
	
	
	
	
	
	
	
	
	
	
	
	
	
	
	
	
	
	
	
	
	
	
	
	
	
	
	
	
	
	
	
	
	
	
	
	
	
	
	
	
	
	
	
	
	
	
	
	
	
	
	
	
	
	
	
	
	
	
	
	
	
	
	
	
	
	
	
	
	
	
	
	
	
	
	
	
	
	
	
	
	
	
	
	
	
	
	
	
	
	
	
	
	
	
	
	
	
	
	
	
	
	
	
	
	
	
	
	
	
	
	
	
	
	
	
	
	
	
	
	
	
	
	
	
	
	
	
	
	
	
	
	
	
	
	
	
	
	
	
	
	
	
	
	
	
	
	
	
	
	
	
	
	
	
	
	
	
	
	
	
	
	
	
	
	
	
	
	
	
	
	
	
	
	
	
	
	
	
	
	
	
	
	
	
	
	
	
	
	
	
	
	
	
	
	
	
	
	
	
	
	
	
	
	
	
	
	
	
	
	
	
	
	
	
	
	
	
	
	
	
	
	
	
	
	
	
	
	
	
	
	
	
	
	
	
	
	
	
	
	
	
	
	
	
	
	
	
	
	
	
	
	
	
	
	
	
	
	
	
	
	
	
	
	
	
	
	
	
	
	
	
	
	
	
	
	
	
	
	
	
	
	
	
	
	
	
	
	
	
	
	
	
	
	
	
	
	
	
	
	
	
	
	
	
	
	
	
	
	
	
	
	
	
	
	
	
	
	
	
	
	
	
	
	
	
	
	
	
	
	
	
	
	
	
	
	
	
	
	
	
	
	
	
	
	
	
	
	
	
	
	
	
	
	
	
	
	
	
	
	
	
	
	
	
	
	
	
	
	
	
	
	
	
	
	
	
	
	
	
	
	
	
	
	
	
	
	
	
	
	
	
	
	
	
	
	
	
	
	
	
	
	
	
	
	
	
	
	
	
	
	
	
	
	
	
	
	
	
	
	
	
	
	
	
	
	
	
	
	
	
	
	
	
	
	
	
	
	
	
	
	
	
	
	
	
	
	
	
	
	
	
	
	
	
	
	
	
	
	
	
	
	
	
	
	
	
	
	
	
	
	
	
	
	
	
	
	
	
	
	
	
	
	
	
	
	
	
	
	
	
	
	
	
	
	
	
	
	
	
	
	
	
	
	
	
	
	
	
	
	
	
	
	
	
	
	
	
	
	
	
	
	
	
	
	
	
	
	
	
	
	
	
	
	
	
	
	
	
	
	
	
	
	
	
	
	
	
	
	
	
	
	
	
	
	
	
	
	
	
	
	
	
	
	
	
	
	
	
	
	
	
	
	
	
	
	
	
	
	
	
	
	
	
	
	
	
	
	
	
	
	
	
	
	
	
	
	
	
	
	
	
	
	
	
	
	
	
	
	
	
	
	
	
	
	
	
	
	
	
	
	
	
	
	
	
	
	
	
	
	
	
	
	
	
	
	
	
	
	
	
	
	
	
	
	
	
	
	
	
	
	
	
	
	
	
	
	
	
	
	
	
	
	
	
	
	
	
	
	
	
	
	
	
	
	
	
	
	
	
	
	
	
	
	
	
	
	
	
	
	
	
	
	
	
	
	
	
	
	
	
	
	
	
	
	
	
	
	
	
	
	
	
	
	
	
	
	
	
	
	
	
	
	
	
	
	
	
	
	
	
	
	
	
	
	
	
	
	
	
	
	
	
	
	
	
	
	
	
	
	
	
	
	
	
	
	
	
	
	
	
	
	
	
	
	
	
	
	
	
	
	
	
	
	
	
	
	
	
	
	
	
	
	
	
	
	
	
	
	
	
	
	
	
	
	
	
	
	
	
	
	
	
	
	
	
	
	
	
	
	
	
	
	
	
	
	
	
	
	
	
	
	
	
	
	
	
	
	
	
	
	
	
	
	
	
	
	
	
	
	
	
	
	
	
	
	
	
	
	
	
	
	
	
	
	
	
	
	
	
	
	
	
	
	
	
	
	
	
	
	
	
	
	
	
	
	
	
	
	
	
	
	
	
	
	
	
	
	
	
	
	
	
	
	
	
	
	
	
	
	
	
	
	
	
	
	
	
	
	
	
	
	
	
	
	
	
	
	
	
	
	
	
	
	
	
	
	
	
	
	
	
	
	
	
	
	
	
	
	
	
	
	
	
	
	
	
	
	
	
	
	
	
	
	
	
	
	
	
	
	
	
	
	
	
	
	
	
	
	
	
	
	
	
	
	
	
	
	
	
	
	
	
	
	
	
	
	
	
	
	
	
	
	
	
	
	
	
	
	
	
	
	
	
	
	
	
	
	
	
	
	
	
	
	
	
	
	
	
	
	
	
	
	
	
	
	
	
	
	
	
	
	
	
	
	
	
	
	
	
	
	
	
	
	
	
	
	
	
	
	
	
	
	
	
	
	
	
	
	
	
	
	
	
	
	
	
	
	
	
	
	
	
	
	
	
	
	
	
	
	
	
	
	
	
	
	
	
	
	
	
	
	
	
	
	
	
	
	
	
	
	
	
	
	
	
	
	
	
	
	
	
	
	
	
	
	
	
	
	
	
	
	
	
	
	
	
	
	
	
	
	
	
	
	
	
	
	
	
	
	
	
	
	
	
	
	
	
	
	
	
	
	
	
	
	
	
	
	
	
	
	
	
	
	
	
	
	
	
	
	
	
	
	
	
	
	
	
	
	
	
	
	
	
	
	
	
	
	
	
	
	
	
	
	
	
	
	
	
	
	
	
	
	
	
	
	
	
	
	
	
	
	
	
	
	
	
	
	
	
	
	
	
	
	
	
	
	
	
	
	
	
	
	
	
	
	
	
	
	
	
	
	
	
	
	
	
	
	
	
	
	
	
	
	
	
	
	
	
	
	
	
	
	
	
	
	
	
	
	
	
	
	
	
	
	
	
	
	
	
	
	
	
	
	
	
	
	
	
	
	
	
	
	
	
	
	
	
	
	
	
	
	
	
	
	
	
	
	
	
	
	
	
	
	
	
	
	
	
	
	
	
	
	
	
	
	
	
	
	
	
	
	
	
	
	
	
	
	
	
	
	
	
	
	
	
	
	
	
	
	
	
	
	
	
	
	
	
	
	
	
	
	
	
	
	
	
	
	
	
	
	
	
	
	
	
	
	
	
	
	
	
	
	
	
	
	
	
	
	
	
	
	
	
	
	
	
	
	
	
	
	
	
	
	
	
	
	
	
	
	
	
	
	
	
	
	
	
	
	
	
	
	
	
	
	
	
	
	
	
	
	
	
	
	
	
	
	
	
	
	
	
	
	
	
	
	
	
	
	
	
	
	
	
	
	
	
	
	
	
	
	
	
	
	
	
	
	
	
	
	
	
	
	
	
	
	
	
	
	
	
	
	
	
	
	
	
	
	
	
	
	
	
	
	
	
	
	
	
	
	
	
	
	
	
	
	
	
	
	
	
	
	
	
	
	
	
	
	
	
	
	
	
	
	
	
	
	
	
	
	
	
	
	
	
	
	
	
	
	
	
	
	
	
	
	
	
	
	
	
	
	
	
	
	
	
	
	
	
	
	
	
	
	
	
	
	
	
	
	
	
	
	
	
	
	
	
	
	
	
	
	
	
	
	
	
	
	
	
	
	
	
	
	
	
	
	
	
	
	
	
	
	
	
	
	
	
	
	
	
	
	
	
	
	
	
	
	
	
	
	
	
	
	
	
	
	
	
	
	
	
	
	
	
	
	
	
	
	
	
	
	
	
	
	
	
	
	
	
	
	
	
	
	
	
	
	
	
	
	
	
	
	
	
	
	
	
	
	
	
	
	
	
	
	
	
	
	
	
	
	
	
	
	
	
	
	
	
	
	
	
	
	
	
	
	
	
	
	
	
	
	
	
	
	
	
	
	
	
	
	
	
	
	
	
	
	
	
	
	
	
	
	
	
	
	
	
	
	
	
	
	
	
	
	
	
	
	
	
	
	
	
	
	
	
	
	
	
	
	
	
	
	
	
	
	
	
	
	
	
	
	
	
	
	
	
	
	
	
	
	
	
	
	
	
	
	
	
	
	
	
	
	
	
	
	
	
	
	
	
	
	
	
	
	
	
	
	
	
	
	
	
	
	
	
	
	
	
	
	
	
	
	
	
	
	
	
	
	
	
	
	
	
	
	
	
	
	
	
	
	
	
	
	
	
	
	
	
	
	
	
	
	
	
	
	
	
	
	
	
	
	
	
	
	
	
	
	
	
	
	
	
	
	
	
	
	
	
	
	
	
	
	
	
	
	
	
	
	
	
	
	
	
	
	
	
	
	
	
	
	
	
	
	
	
	
	
	
	
	
	
	
	
	
	
	
	
	
	
	
	
	
	
	
	
	
	
	
	
	
	
	
	
	
	
	
	
	
	
	
	
	
	
	
	
	
	
	
	
	
	
	
	
	
	
	
	
	
	
	
	
	
	
	
	
	
	
	
	
	
	
	
	
	
	
	
	
	
	
	
	
	
	
	
	
	
	
	
	
	
	
	
	
	
	
	
	
	
	
	
	
	
	
	
	
	
	
	
	
	
	
	
	
	
	
	
	
	
	
	
	
	
	
	
	
	
	
	
	
	
	
	
	
	
	
	
	
	
	
	
	
	
	
	
	
	
	
	
	
	
	
	
	
	
	
	
	
	
	
	
	
	
	
	
	
	
	
	
	
	
	
	
	
	
	
	
	
	
	
	
	
	
	
	
	
	
	
	
	
	
	
	
	
	
	
	
	
	
	
	
	
	
	
	
	
	
	
	
	
	
	
	
	
	
	
	
	
	
	
	
	
	
	
	
	
	
	
	
	
	
	
	
	
	
	
	
	
	
	
	
	
	
	
	
	
	
	
	
	
	
	
	
	
	
	
	
	
	
	
	
	
	
	
	
	
	
	
	
	
	
	
	
	
	
	
	
	
	
	
	
	
	
	
	
	
	
	
	
	
	
	
	
	
	
	
	
	
	
	
	
	
	
	
	
	
	
	
	
	
	
	
	
	
	
	
	
	
	
	
	
	
	
	
	
	
	
	
	
	
	
	
	
	
	
	
	
	
	
	
	
	
	
	
	
	
	
	
	
	
	
	
	
	
	
	
	
	
	
	
	
	
	
	
	
	
	
	
	
	
	
	
	
	
	
	
	
	
	
	
	
	
	
	
	
	
	
	
	
	
	
	
	
	
	
	
	
	
	
	
	
	
	
	
	
	
	
	
	
	
	
	
	
	
	
	
	
	
	
	
	
	
	
	
	
	
	
	
	
	
	
	
	
	
	
	
	
	
	
	
	
	
	
	
	
	
	
	
	
	
	
	
	
	
	
	
	
	
	
	
	
	
	
	
	
	
	
	
	
	
	
	
	
	
	
	
	
	
	
	
	
	
	
	
	
	
	
	
	
	
	
	
	
	
	
	
	
	
	
	
	
	
	
	
	
	
	
	
	
	
	
	
	
	
	
	
	
	
	
	
	
	
	
	
	
	
	
	
	
	
	
	
	
	
	
	
	
	
	
	
	
	
	
	
	
	
	
	
	
	
	
	
	
	
	
	
	
	
	
	
	
	
	
	
	
	
	
	
	
	
	
	
	
	
	
	
	
	
	
	
	
	
	
	
	
	
	
	
	
	
	
	
	
	
	
	
	
	
	
	
	
	
	
	
	
	
	
	
	
	
	
	
	
	
	
	
	
	
	
	
	
	
	
	
	
	
	
	
	
	
	
	
	
	
	
	
	
	
	
	
	
	
	
	
	
	
	
	
	
	
	
	
	
	
	
	
	
	
	
	
	
	
	
	
	
	
	
	
	
	
	
	
	
	
	
	
	
	
	
	
	
	
	
	
	
	
	
	
	
	
	
	
	
	
	
	
	
	
	
	
	
	
	
	
	
	
	
	
	
	
	
	
	
	
	
	
	
	
	
	
	
	
	
	
	
	
	
	
	
	
	
	
	
	
	
	
	
	
	
	
	
	
	
	
	
	
	
	
	
	
	
	
	
	
	
	
	
	
	
	
	
	
	
	
	
	
	
	
	
	
	
	
	
	
	
	
	
	
	
	
	
	
	
	
	
	
	
	
	
	
	
	
	
	
	
	
	
	
	
	
	
	
	
	
	
	
	
	
	
	
	
	
	
	
	
	
	
	
	
	
	
	
	
	
	
	
	
	
	
	
	
	
	
	
	
	
	
	
	
	
	
	
	
	
	
	
	
	
	
	
	
	
	
	
	
	
	
	
	
	
	
	
	
	
	
	
	
	
	
	
	
	
	
	
	
	
	
	
	
	
	
	
	
	
	
	
	
	
	
	
	
	
	
	
	
	
	
	
	
	
	
	
	
	
	
	
	
	
	
	
	
	
	
	
	
	
	
	
	
	
	
	
	
	
	
	
	
	
	
	
	
	
	
	
	
	
	
	
	
	
	
	
	
	
	
	
	
	
	
	
	
	
	
	
	
	
	
	
	
	
	
	
	
	
	
	
	
	
	
	
	
	
	
	
	
	
	
	
	
	
	
	
	
	
	
	
	
	
	
	
	
	
	
	
	
	
	
	
	
	
	
	
	
	
	
	
	
	
	
	
	
	
	
	
	
	
	
	
	
	
	
	
	
	
	
	
	
	
	
	
	
	
	
	
	
	
	
	
	
	
	
	
	
	
	
	
	
	
	
	
	
	
	
	
	
	
	
	
	
	
	
	
	
	
	
	
	
	
	
	
	
	
	
	
	
	
	
	
	
	
	
	
	
	
	
	
	
	
	
	
	
	
	
	
	
	
	
	
	
	
	
	
	
	
	
	
	
	
	
	
	
	
	
	
	
	
	
	
	
	
	
	
	
	
	
	
	
	
	
	
	
	
	
	
	
	
	
	
	
	
	
	
	
	
	
	
	
	
	
	
	
	
	
	
	
	
	
	
	
	
	
	
	
	
	
	
	
	
	
	
	
	
	
	
	
	
	
	
	
	
	
	
	
	
	
	
	
	
	
	
	
	
	
	
	
	
	
	
	
	
	
	
	
	
	
	
	
	
	
	
	
	
	
	
	
	
	
	
	
	
	
	
	
	
	
	
	
	
	
	
	
	
	
	
	
	
	
	
	
	
	
	
	
	
	
	
	
	
	
	
	
	
	
	
	
	
	
	
	
	
	
	
	
	
	
	
	
	
	
	
	
	
	
	
	
	
	
	
	
	
	
	
	
	
	
	
	
	
	
	
	
	
	
	
	
	
	
	
	
	
	
	
	
	
	
	
	
	
	
	
	
	
	
	
	
	
	
	
	
	
	
	
	
	
	
	
	
	
	
	
	
	
	
	
	
	
	
	
	
	
	
	
	
	
	
	
	
	
	
	
	
	
	
	
	
	
	
	
	
	
	
	
	
	
	
	
	
	
	
	
	
	
	
	
	
	
	
	
	
	
	
	
	
	
	
	
	
	
	
	
	
	
	
	
	
	
	
	
	
	
	
	
	
	
	
	
	
	
	
	
	
	
	
	
	
	
	
	
	
	
	
	
	
	
	
	
	
	
	
	
	
	
	
	
	
	
	
	
	
	
	
	
	
	
	
	
	
	
	
	
	
	
	
	
	
	
	
	
	
	
	
	
	
	
	
	
	
	
	
	
	
	
	
	
	
	
	
	
	
	
	
	
	
	
	
	
	
	
	
	
	
	
	
	
	
	
	
	
	
	
	
	
	
	
	
	
	
	
	
	
	
	
	
	
	
	
	
	
	
	
	
	
	
	
	
	
	
	
	
	
	
	
	
	
	
	
	
	
	
	
	
	
	
	
	
	
	
	
	
	
	
	
	
	
	
	
	
	
	
	
	
	
	
	
	
	
	
	
	
	
	
	
	
	
	
	
	
	
	
	
	
	
	
	
	
	
	
	
	
	
	
	
	
	
	
	
	
	
	
	
	
	
	
	
	
	
	
	
	
	
	
	
	
	
	
	
	
	
	
	
	
	
	
	
	
	
	
	
	
	
	
	
	
	
	
	
	
	
	
	
	
	
	
	
	
	
	
	
	
	
	
	
	
	
	
	
	
	
	
	
	
	
	
	
	
	
	
	
	
	
	
	
	
	
	
	
	
	
	
	
	
	
	
	
	
	
	
	
	
	
	
	
	
	
	
	
	
	
	
	
	
	
	
	
	
	
	
	
	
	
	
	
	
	
	
	
	
	
	
	
	
	
	
	
	
	
	
	
	
	
	
	
	
	
	
	
	
	
	
	
	
	
	
	
	
	
	
	
	
	
	
	
	
	
	
	
	
	
	
	
	
	
	
	
	
	
	
	
	
	
	
	
	
	
	
	
	
	
	
	
	
	
	
	
	
	
	
	
	
	
	
	
	
	
	
	
	
	
	
	
	
	
	
	
	
	
	
	
	
	
	
	
	
	
	
	
	
	
	
	
	
	
	
	
	
	
	
	
	
	
	
	
	
	
	
	
	
	
	
	
	
	
	
	
	
	
	
	
	
	
	
	
	
	
	
	
	
	
	
	
	
	
	
	
	
	
	
	
	
	
	
	
	
	
	
	
	
	
	
	
	
	
	
	
	
	
	
	
	
	
	
	
	
	
	
	
	
	
	
	
	
	
	
	
	
	
	
	
	
	
	
	
	
	
	
	
	
	
	
	
	
	
	
	
	
	
	
	
	
	
	
	
	
	
	
	
	
	
	
	
	
	
	
	
	
	
	
	
	
	
	
	
	
	
	
	
	
	
	
	
	
	
	
	
	
	
	
	
	
	
	
	
	
	
	
	
	
	
	
	
	
	
	
	
	
	
	
	
	
	
	
	
	
	
	
	
	
	
	
	
	
	
	
	
	
	
	
	
	
	
	
	
	
	
	
	
	
	
	
	
	
	
	
	
	
	
	
	
	
	
	
	
	
	
	
	
	
	
	
	
	
	
	
	
	
	
	
	
	
	
	
	
	
	
	
	
	
	
	
	
	
	
	
	
	
	
	
	
	
	
	
	
	
	
	
	
	
	
	
	
	
	
	
	
	
	
	
	
	
	
	
	
	
	
	
	
	
	
	
	
	
	
	
	
	
	
	
	
	
	
	
	
	
	
	
	
	
	
	
	
	
	
	
	
	
	
	
	
	
	
	
	
	
	
	
	
	
	
	
	
	
	
	
	
	
	
	
	
	
	
	
	
	
	
	
	
	
	
	
	
	
	
	
	
	
	
	
	
	
	
	
	
	
	
	
	
	
	
	
	
	
	
	
	
	
	
	
	
	
	
	
	
	
	
	
	
	
	
	
	
	
	
	
	
	
	
	
	
	
	
	
	
	
	
	
	
	
	
	
	
	
	
	
	
	
	
	
	
	
	
	
	
	
	
	
	
	
	
	
	
	
	
	
	
	
	
	
	
	
	
	
	
	
	
	
	
	
	
	
	
	
	
	
	
	
	
	
	
	
	
	
	
	
	
	
	
	
	
	
	
	
	
	
	
	
	
	
	
	
	
	
	
	
	
	
	
	
	
	
	
	
	
	
	
	
	
	
	
	
	
	
	
	
	
	
	
	
	
	
	
	
	
	
	
	
	
	
	
	
	
	
	
	
	
	
	
	
	
	
	
	
	
	
	
	
	
	
	
	
	
	
	
	
	
	
	
	
	
	
	
	
	
	
	
	
	
	
	
	
	
	
	
	
	
	
	
	
	
	
	
	
	
	
	
	
	
	
	
	
	
	
	
	
	
	
	
	
	
	
	
	
	
	
	
	
	
	
	
	
	
	
	
	
	
	
	
	
	
	
	
	
	
	
	
	
	
	
	
	
	
	
	
	
	
	
	
	
	
	
	
	
	
	
	
	
	
	
	
	
	
	
	
	
	
	
	
	
	
	
	
	
	
	
	
	
	
	
	
	
	
	
	
	
	
	
	
	
	
	
	
	
	
	
	
	
	
	
	
	
	
	
	
	
	
	
	
	
	
	
	
	
	
	
	
	
	
	
	
	
	
	
	
	
	
	
	
	
	
	
	
	
	
	
	
	
	
	
	
	
	
	
	
	
	
	
	
	
	
	
	
	
	
	
	
	
	
	
	
	
	
	
	
	
	
	
	
	
	
	
	
	
	
	
	
	
	
	
	
	
	
	
	
	
	
	
	
	
	
	
	
	
	
	
	
	
	
	
	
	
	
	
	
	
	
	
	
	
	
	
	
	
	
	
	
	
	
	
	
	
	
	
	
	
	
	
	
	
	
	
	
	
	
	
	
	
	
	
	
	
	
	
	
	
	
	
	
	
	
	
	
	
	
	
	
	
	
	
	
	
	
	
	
	
	
	
	
	
	
	
	
	
	
	
	
	
	
	
	
	
	
	
	
	
	
	
	
	
	
	
	
	
	
	
	
	
	
	
	
	
	
	
	
	
	
	
	
	
	
	
	
	
	
	
	
	
	
	
	
	
	
	
	
	
	
	
	
	
	
	
	
	
	
	
	
	
	
	
	
	
	
	
	
	
	
	
	
	
	
	
	
	
	
	
	
	
	
	
	
	
	
	
	
	
	
	
	
	
	
	
	
	
	
	
	
	
	
	
	
	
	
	
	
	
	
	
	
	
	
	
	
	
	
	
	
	
	
	
	
	
	
	
	
	
	
	
	
	
	
	
	
	
	
	
	
	
	
	
	
	
	
	
	
	
	
	
	
	
	
	
	
	
	
	
	
	
	
	
	
	
	
	
	
	
	
	
	
	
	
	
	
	
	
	
	
	
	
	
	
	
	
	
	
	
	
	
	
	
	
	
	
	
	
	
	
	
	
	
	
	
	
	
	
	
	
	
	
	
	
	
	
	
	
	
	
	
	
	
	
	
	
	
	
	
	
	
	
	
	
	
	
	
	
	
	
	
	
	
	
	
	
	
	
	
	
	
	
	
	
	
	
	
	
	
	
	
	
	
	
	
	
	
	
	
	
	
	
	
	
	
	
	
	
	
	
	
	
	
	
	
	
	
	
	
	
	
	
	
	
	
	
	
	
	
	
	
	
	
	
	
	
	
	
	
	
	
	
	
	
	
	
	
	
	
	
	
	
	
	
	
	
	
	
	
	
	
	
	
	
	
	
	
	
	
	
	
	
	
	
	
	
	
	
	
	
	
	
	
	
	
	
	
	
	
	
	
	
	
	
	
	
	
	
	
	
	
	
	
	
	
	
	
	
	
	
	
	
	
	
	
	
	
	
	
	
	
	
	
	
	
	
	
	
	
	
	
	
	
	
	
	
	
	
	
	
	
	
	
	
	
	
	
	
	
	
	
	
	
	
	
	
	
	
	
	
	
	
	
	
	
	
	
	
	
	
	
	
	
	
	
	
	
	
	
	
	
	
	
	
	
	
	
	
	
	
	
	
	
	
	
	
	
	
	
	
	
	
	
	
	
	
	
	
	
	
	
	
	
	
	
	
	
	
	
	
	
	
	
	
	
	
	
	
	
	
	
	
	
	
	
	
	
	
	
	
	
	
	
	
	
	
	
	
	
	
	
	
	
	
	
	
	
	
	
	
	
	
	
	
	
	
	
	
	
	
	
	
	
	
	
	
	
	
	
	
	
	
	
	
	
	
	
	
	
	
	
	
	
	
	
	
	
	
	
	
	
	
	
	
	
	
	
	
	
	
	
	
	
	
	
	
	
	
	
	
	
	
	
	
	
	
	
	
	
	
	
	
	
	
	
	
	
	
	
	
	
	
	
	
	
	
	
	
	
	
	
	
	
	
	
	
	
	
	
	
	
	
	
	
	
	
	
	
	
	
	
	
	
	
	
	
	
	
	
	
	
	
	
	
	
	
	
	
	
	
	
	
	
	
	
	
	
	
	
	
	
	
	
	
	
	
	
	
	
	
	
	
	
	
	
	
	
	
	
	
	
	
	
	
	
	
	
	
	
	
	
	
	
	
	
	
	
	
	
	
	
	
	
	
	
	
	
	
	
	
	
	
	
	
	
	
	
	
	
	
	
	
	
	
	
	
	
	
	
	
	
	
	
	
	
	
	
	
	
	
	
	
	
	
	
	
	
	
	
	
	
	
	
	
	
	
	
	
	
	
	
	
	
	
	
	
	
	
	
	
	
	
	
	
	
	
	
	
	
	
	
	
	
	
	
	
	
	
	
	
	
	
	
	
	
	
	
	
	
	
	
	
	
	
	
	
	
	
	
	
	
	
	
	
	
	
	
	
	
	
	
	
	
	
	
	
	
	
	
	
	
	
	
	
	
	
	
	
	
	
	
	
	
	
	
	
	
	
	
	
	
	
	
	
	
	
	
	
	
	
	
	
	
	
	
	
	
	
	
	
	
	
	
	
	
	
	
	
	
	
	
	
	
	
	
	
	
	
	
	
	
	
	
	
	
	
	
	
	
	
	
	
	
	
	
	
	
	
	
	
	
	
	
	
	
	
	
	
	
	
	
	
	
	
	
	
	
	
	
	
	
	
	
	
	
	
	
	
	
	
	
	
	
	
	
	
	
	
	
	
	
	
	
	
	
	
	
	
	
	
	
	
	
	
	
	
	
	
	
	
	
	
	
	
	
	
	
	
	
	
	
	
	
	
	
	
	
	
	
	
	
	
	
	
	
	
	
	
	
	
	
	
	
	
	
	
	
	
	
	
	
	
	
	
	
	
	
	
	
	
	
	
	
	
	
	
	
	
	
	
	
	
	
	
	
	
	
	
	
	
	
	
	
	
	
	
	
	
	
	
	
	
	
	
	
	
	
	
	
	
	
	
	
	
	
	
	
	
	
	
	
	
	
	
	
	
	
	
	
	
	
	
	
	
	
	
	
	
	
	
	
	
	
	
	
	
	
	
	
	
	
	
	
	
	
	
	
	
	
	
	
	
	
	
	
	
	
	
	
	
	
	
	
	
	
	
	
	
	
	
	
	
	
	
	
	
	
	
	
	
	
	
	
	
	
	
	
	
	
	
	
	
	
	
	
	
	
	
	
	
	
	
	
	
	
	
	
	
	
	
	
	
	
	
	
	
	
	
	
	
	
	
	
	
	
	
	
	
	
	
	
	
	
	
	
	
	
	
	
	
	
	
	
	
	
	
	
	
	
	
	
	
	
	
	
	
	
	
	
	
	
	
	
	
	
	
	
	
	
	
	
	
	
	
	
	
	
	
	
	
	
	
	
	
	
	
	
	
	
	
	
	
	
	
	
	
	
	
	
	
	
	
	
	
	
	
	
	
	
	
	
	
	
	
	
	
	
	
	
	
	
	
	
	
	
	
	
	
	
	
	
	
	
	
	
	
	
	
	
	
	
	
	
	
	
	
	
	
	
	
	
	
	
	
	
	
	
	
	
	
	
	
	
	
	
	
	
	
	
	
	
	
	
	
	
	
	
	
	
	
	
	
	
	
	
	
	
